atr,mins_open,macd_z,vol_z,implied_vol,target
0.33999285714285826,30,-1.7907414799512673,1.8826466276579918,0.9192450870785543,1
0.3619857142857167,33,-1.876222958249682,0.8114613766226487,0.5517298562861855,1
0.21101428571428876,94,-1.703579212875135,0.9951580577233746,0.24543226285159658,1
0.19002142857142904,97,-1.622758816397469,2.8706390246818385,0.2476998768813774,1
0.19180714285714373,98,-1.5625225779493528,0.8757757653476639,0.2524307569294604,1
0.19966428571428757,99,-1.6172683172550517,3.100555158948728,0.25347178487735683,1
0.2035000000000013,102,-1.3735997667824031,0.8163468529600452,0.2508952050378714,1
0.21670714285714407,105,-1.1873919628313538,1.017613518948069,0.2744773745792726,1
0.22420714285714333,106,-1.3492614009269819,2.6047366311166167,0.2841001267230829,1
0.1884071428571405,131,1.6254847110697968,1.7170443671101434,0.30071141316738237,1
0.19983571428571167,132,1.6779539962111478,1.1660773308660277,0.3040640935640152,1
0.20852335714285378,133,1.735440436680273,4.587063021314765,0.29183641849199465,1
0.13653571428571354,175,-1.217235780022542,1.4015929996394767,0.18762779621612422,1
0.13860714285714387,177,-1.8597450293719693,5.220853927198029,0.1851753455366661,1
0.14075000000000312,208,1.7402225998214107,1.4858864147835986,0.15309098213679168,1
0.14405714285714616,209,2.3157184846335324,1.3190396376115863,0.15438381733552514,1
0.14762857142857758,210,2.8253951229212437,1.8203174708589434,0.16360245250092156,1
0.11211428571428834,234,-1.2868978319544286,1.111334103957857,0.18480516611004386,1
0.12685000000000052,237,-2.1109257493087297,1.4435941248272977,0.21340607611958565,1
0.12434285714285766,238,-2.3015647904509313,1.1683316206761407,0.20694893523926963,1
0.14506428571428792,242,-1.2461312206187936,2.525362396904442,0.19774842894950684,1
0.1427000000000029,250,1.6251244535264804,1.1256223366551923,0.19077427634072675,1
0.3477109999999998,31,1.5810552208937048,1.3855893080776485,0.5613530311094538,1
0.27052857142857284,49,1.155130859385042,0.8188454655318628,0.41830310145891836,1
0.28231428571428857,50,1.4181287995071497,1.6672107878181233,0.4057666230697465,1
0.2807500000000037,53,2.2681747875427813,3.2170812127559483,0.3550807239616487,1
0.21515692857143368,69,-1.6904395133765213,1.5636209044786444,0.32404290977288236,1
0.20538571428571523,93,-1.200664144800518,1.4840774793405056,0.2850107227238408,1
0.22672857142857442,95,-1.9402695536257135,1.3049776496000038,0.2811661599574584,1
0.23243571428571588,96,-2.281452573114359,2.404841625174686,0.2799594599922216,1
0.21587142857143046,100,-1.8305992592830096,1.1832932453512581,0.26640187918855673,1
0.1219785714285706,135,1.0170223883822995,2.6094680339595677,0.1764232302556794,1
0.12824999999999825,136,1.1403520553091782,2.079021647670776,0.16275300763007927,1
0.12448571428571345,141,1.3186308118969106,0.8580606702925822,0.16246169888566483,1
0.12591428571428562,142,1.4395132327729216,1.0262446753261358,0.16232562035502138,1
0.13630714285714265,158,-1.9280798548279912,1.1510296397289592,0.1734535212938904,1
0.1507714285714274,162,-2.665787315249659,1.7058573295117596,0.17992386932379298,1
0.1583285714285714,163,-2.486531672716291,1.5442612057850598,0.18742902348448892,1
0.1837857142857128,167,-1.6433281780348727,0.8698670995274347,0.20348566246622518,1
0.13216428571428399,211,-2.3543775307144554,2.112855125444017,0.19805506024963376,1
0.12704999999999902,214,-2.1101026494454795,0.9213144433797108,0.187163267303795,1
0.11553571428572086,230,1.149099303716386,1.2658941566491448,0.15444896583086506,1
0.12198571428571979,233,1.8910346445258457,1.1331688390618833,0.14845459179932427,1
0.12240000000000098,238,1.9787107480881088,2.1940513368908934,0.13576953236429845,1
0.11506428571428476,240,2.0603716091273756,1.2707631558978782,0.12643250859344926,1
0.11722142857142615,241,2.0979955659266474,0.8676623335502961,0.11390895531514705,1
0.11869285714285484,242,2.1282126533988626,2.2753388055614736,0.11482083464875212,1
0.1172785714285709,243,2.1663710538287138,0.869606807132859,0.11479800304771073,1
0.10762857142856928,245,2.073365380008479,2.3179563326049575,0.11333862230098218,1
0.12298571428571238,246,1.7502507237112157,3.0245281969967786,0.14869769360714705,1
0.1261999999999972,247,1.6275293906001775,0.9987096804017276,0.15351638102783688,1
0.3647928571428573,16,1.6760303596761246,1.2421411509496074,0.3927800864688725,1
0.3555052142857217,30,-2.6414405908325,0.874225252821218,0.5036630331527056,1
0.36606950000000893,33,-2.6127507539808796,2.746969254476781,0.4268859247724206,1
0.34820000000000767,36,-2.2597798165845373,2.11665522902046,0.42302433597112504,1
0.2394071428571404,70,1.7196785580641536,1.4913680609262243,0.36479827590526126,0
0.1735718571428606,103,1.0067379480479994,2.2253075499678303,0.1788735883030201,1
0.1696857142857137,122,1.0214367439355758,0.9126713622775564,0.21168370087448257,0
0.2008142857142811,130,1.7360753618484939,0.8803314717947522,0.23413075497112043,0
0.2122428571428543,131,2.319322149807224,0.8500583578175902,0.2425604987561419,0
0.2111642857142836,133,2.5312329798104747,1.6954621069758382,0.23533197835924438,0
0.2201071428571392,135,2.5589124825680334,2.4797753069376416,0.23567645380498972,0
0.22046428571428173,136,2.5191058580475847,1.0496371607381467,0.2362272670511927,1
0.22932857142856733,143,1.8890649679775224,2.2772423082621285,0.23259920328806358,1
0.22824285714285558,145,1.7728973129074341,1.476738108550026,0.23205908853731036,1
0.16421428571428823,210,-1.8330861443636093,1.7778561926380545,0.1751390590957103,1
0.12939999999999788,230,1.6577350126110093,1.5148186217398678,0.15076511907371473,1
0.10879999999999411,245,1.835047408221202,2.5305994461106494,0.15906460355831095,1
0.2605071428571445,43,1.1877889965933583,1.5490368184996486,0.39217284102032773,1
0.2513642857142863,45,1.965112218337317,1.2137901770343413,0.37397159834610916,1
0.24826428571428494,47,1.7595352316955706,3.030244585098036,0.3389599556613739,1
0.2489642857142879,59,-2.913744252646916,0.9901770033295798,0.3434120285039053,1
0.19574285714285672,98,2.607214509029639,1.4408031527497276,0.28932212283493464,0
0.20386878571428774,100,3.0181695524959595,2.7213919559846755,0.288975143052259,0
0.2000402142857171,101,2.8747931915065954,1.742251140622298,0.2856183995881164,0
0.20773307142857586,103,2.6966985522398836,3.5307295735568553,0.27656262737105236,1
0.21769735714286145,104,2.4268733169863412,1.120326927669642,0.283567496874072,1
0.22921878571429083,108,1.9172457000448861,2.673695540163497,0.27083960771347765,1
0.2350902142857194,109,1.9942960534452359,1.6680648703068037,0.2728776271921262,1
0.22395450000000494,110,1.947311856044752,0.8149423234454503,0.2584278403256283,1
0.2325259285714318,111,1.9804868103815179,3.2328205639069165,0.2660631011011798,1
0.22896164285714551,112,1.9062872583565684,1.0580284714986279,0.258240884254764,1
0.2289500000000016,115,1.4497128581569192,0.8035375248915486,0.26411411797092244,1
0.23982142857143174,147,-2.4189315276543373,1.027669531764028,0.3253436624303794,1
0.28427142857142734,152,-2.3581270556010945,1.4150941864473339,0.35261218400199246,1
0.14727142857142894,176,1.941326352360152,1.9144738663482475,0.2957780454787655,1
0.1835928571428594,187,1.1351380750295033,1.3524716879262686,0.2027276323601362,1
0.19216428571428829,188,1.3482922493099145,1.5376462461627118,0.2069307307080866,1
0.19122857142857339,189,1.4879915168688074,1.775596582863928,0.20678942140937603,1
0.1933785714285737,190,1.4951280908418598,3.378753957622246,0.21291128102952261,1
0.18765714285714605,191,1.4169196397391837,2.2238021884688304,0.21646596740247773,1
0.1768657142857149,210,-1.8080887846943035,0.8949581402044332,0.2043200075957371,1
0.14180714285714455,241,1.359333777134066,2.3090776035149005,0.1834799993053381,1
0.1482357142857142,242,1.063838055534056,1.1406583358654983,0.19095000020513211,1
0.16295714285714422,257,-2.872373841434084,1.0444779524750771,0.18488419199201872,1
0.1647428571428589,258,-3.2142606860159364,2.5441631354938163,0.19204516110183537,1
0.14438571428571428,261,-1.7377519738947018,1.7979312827585063,0.20400515118138343,1
0.1565928571428543,265,1.485899993876573,1.644481894881597,0.21433190548892808,0
0.15701428571428266,266,1.977007025164346,1.4675894752229852,0.20828922843879727,0
0.16410085714285166,268,2.576393566993478,2.7469497004345462,0.21877193719749224,1
0.291407142857139,58,-1.3643414472369728,1.6813900701096811,0.39645382118083305,1
0.30383571428571493,61,-2.2363562062948734,4.018772645840089,0.4364871056596473,1
0.3125428571428565,63,-2.7685036931120024,0.8825973335495523,0.425357197496603,1
0.36035714285714604,67,-1.3228345356647464,0.8812666536986146,0.4564586453255047,1
0.42555000000000526,85,-2.1449784865217896,2.6216295336233775,0.6216879641619624,1
0.46092857142857774,90,-1.9348079314363242,0.9399164124156141,0.6569819871956988,1
0.4373500000000052,91,-1.8818641709342734,0.8847724861775815,0.620536443853426,1
0.23799285714285848,147,1.069713655813022,1.6003893658827606,0.39015407590985884,1
0.23277142857142508,150,1.2505701657194674,1.6055542924324273,0.38912781861822854,1
0.25620714285713575,154,-2.580353369111188,0.9727586248981249,0.33250558398091307,1
0.25620714285713575,155,-2.4572477777618422,1.0811632405443243,0.337113892020884,1
0.23157142857142787,173,-1.2986645586278627,1.8510192081675436,0.3110885211324656,1
0.23405000000000037,182,-2.128726404908008,2.4035083641556443,0.2812637864099772,1
0.19349400000000117,200,1.949773371944666,1.5502219724733013,0.3021709879664239,1
0.19790828571428726,201,2.32978824886084,1.8700698771717932,0.2984287911697845,1
0.20005828571428758,202,2.465554826438031,2.850265052556124,0.29854954201417244,1
0.20327257142857239,203,2.2028508831539693,1.64476217093387,0.28398244884442697,1
0.21753571428571256,237,1.8778924984388052,1.4407638037213502,0.3198953392416546,0
0.2353999999999985,239,2.6772289782646674,1.52894323887627,0.32739474696756354,0
0.22468571428571238,240,2.7790199564841878,1.9862583091993078,0.3134790893878275,0
0.21825714285714273,242,2.5299275472300975,0.8060882679712366,0.3028807319154987,0
0.1428071428571412,254,1.094185342365484,1.3828036061478093,0.25227158033558833,1
0.41272142857143024,25,1.9666892509702971,1.046118229588781,0.5079371305249086,1
0.4228500000000009,27,1.4083876420876178,0.8845239790007803,0.5454083307793904,1
0.3868571428571447,46,-2.082845124773326,0.9733659122376336,0.46415310457889547,1
0.31069285714285805,64,-1.8051214543414718,1.284164456678817,0.44445674615930003,1
0.3150071428571449,65,-1.949631216014451,1.6943272284629558,0.43640312036442946,1
0.2192928571428569,105,-1.7742494844776742,4.526721244417241,0.31589070608349945,1
0.21393571428571484,106,-2.024714458300354,2.094399983558095,0.3138058562686081,1
0.2098499999999969,109,-2.0861734264268836,1.7921889060424074,0.31870686917375757,1
0.21707857142856873,110,-2.145024395480553,1.3749476440380823,0.3118948185895646,1
0.22956428571428336,111,-1.928775297252603,1.6391706908654682,0.31476319312396417,1
0.22742142857142614,112,-1.8564583472481944,1.2659789339130174,0.31802654184262547,1
0.194645785714284,130,1.980775264176401,0.9052748249594037,0.25432959005729344,1
0.19631007142857015,132,2.2578839351948736,1.2746844239093955,0.2635001686468742,1
0.1962529285714254,135,2.019767222809936,0.8519831890601124,0.26217947711196526,1
0.14178421428571295,161,-1.1870143470573389,1.3812123795345497,0.1710093698269741,1
0.14301278571428253,163,-2.054831624078194,3.2856903755164004,0.16969087108963263,1
0.15048871428571836,178,2.7907993709405576,1.5476726522626667,0.1657839990131638,1
0.14954285714285984,227,-2.1240449048492076,1.8809124883297874,0.18734189923088398,1
0.13954285714285675,229,-2.208259523666493,1.2963080449595485,0.18360027837619766,1
0.13524285714285814,231,-2.1335066507605553,1.563789738582378,0.18571457958710544,1
0.13161428571428807,233,-1.9011663876330391,0.9304316160746688,0.18492127069287764,1
0.1337642857142884,234,-1.5280305737772895,0.8912685053039233,0.19942087950446996,1
0.13649121428571626,248,1.2180083171610216,2.7086730574755093,0.19403885054462136,1
0.3274071428571444,39,-1.6910971532566856,2.0876097898334347,0.36084868346582777,1
0.31418135714286116,45,-1.2506466660232958,1.4861597379318932,0.3177530810992071,1
0.3037857142857113,60,1.0093737655069142,0.9290091334830133,0.3776481527998687,1
0.2426857142857171,95,1.4927068297567536,1.9140681021236166,0.28793000850343364,1
0.2336500000000013,97,2.0040837706561794,1.4942481318049312,0.2801054869628997,1
0.2274000000000009,107,1.8612876632269175,1.6857140951404774,0.28737422343360225,1
0.21704285714285732,108,1.855819797934938,0.9843372038520056,0.2773754385324653,1
0.20122142857142325,130,-2.5775978763218124,0.8613975795800127,0.2610126901086769,1
0.1341214285714289,158,1.2199548552295443,2.019200873028809,0.18117653607111145,1
0.1481357142857129,160,1.5818373480241055,1.2709173956043942,0.16592939355296782,1
0.15862142857142608,161,1.4186219284188009,2.312271328967669,0.19059030122141704,1
0.1613928571428553,162,1.3415096376175162,0.8132852875468303,0.17852389590850729,1
0.16209285714285823,166,2.734509001128658,2.149432388248222,0.18291452119712825,1
0.16280714285714534,167,2.712593279982747,0.8051048991107852,0.18492168338570758,1
0.1685142857142868,168,2.6837607134926516,1.5221378932866019,0.18616464426192092,1
0.17617142857142806,170,1.9264904701301253,1.3755006888567065,0.19587133901334783,1
0.17900000000000002,172,1.5134158815344423,1.281971582981432,0.19781167332033428,1
0.134050000000002,201,1.1355079650593625,2.4728077078380784,0.15967235995852774,1
0.18195714285714562,221,-1.9928179466391462,3.9840688733441976,0.22492573349620473,1
0.18318571428571723,222,-2.123291371279776,0.8890588286117541,0.2279866885225983,1
0.1942142857142873,226,-1.8136072498479734,0.9198974692791573,0.23415169473071049,1
0.1271928571428609,255,1.9814652410932325,1.010107807453749,0.1572323362660877,1
0.1195428571428587,262,2.974592891897523,1.798479432304702,0.14338552723218115,1
0.11632857142857388,263,3.031772791593521,1.886772911759541,0.14591467041942474,1
0.12628571428571636,265,2.6502799531286807,3.7554248639561556,0.13800914185565458,1
0.14443571428571797,269,2.2973323105703787,0.889960559781544,0.14680695159710477,1
0.4629142857142869,23,-1.3356045809092163,2.013459117967207,0.6039558689103415,1
0.43768571428571434,41,-1.148971882738458,0.8375656584646605,0.5030227934399776,1
0.4526857142857149,42,-1.2999405713708423,1.4583522552099704,0.5184684719201329,1
0.28125,98,-1.2821376360587387,1.6390665103923407,0.3155319377452642,1
0.28330714285714415,99,-1.970999656155075,3.9035698082673203,0.3431269817548412,1
0.2669071428571438,107,-1.9219342151215602,4.031112648461716,0.31019358545652936,1
0.22407142857142862,131,1.7122537035050913,1.4710680616560674,0.2687294710430412,1
0.1750357142857106,177,-1.6546530036926483,1.8305810487939485,0.22497908963494906,0
0.21539285714285533,182,-2.7207850864647063,3.795846988981384,0.3200736074050903,1
0.24306428571428487,183,-2.68453359733697,3.383634791553421,0.32100390865848255,1
0.2605857142857145,184,-2.389267885857144,1.2976824746450462,0.32471235513115615,1
0.3011714285714301,190,-1.900069656035479,1.9767122986773227,0.34150427890157337,1
0.3011142857142894,193,-1.697761221308009,3.3052470528513966,0.33558657345821236,1
0.23565000000000275,199,-1.5677501049116418,0.8387786347931637,0.3374797023292689,1
0.2506500000000033,200,-1.3238843343288413,2.311971210112372,0.3524939969556711,1
0.23327857142857258,225,-1.3229690503103309,1.696907865366948,0.3290064076080588,1
0.2354214285714298,226,-1.32253749072064,1.984457726831518,0.33125765270318697,1
0.4477285714285699,21,1.272360381433043,1.1835141334702357,0.5145056769257561,0
0.41149285714285455,30,2.0602407200043413,2.7736809609533077,0.5387840033761504,0
0.3325785714285741,50,1.130419433045415,1.2899423801786039,0.4030423424364539,1
0.28059999999999874,67,-1.3893808166572768,1.175252814816437,0.3303080350647893,1
0.282664285714286,75,-1.31919213876798,1.3164647268298515,0.27980488512609714,1
0.28080714285714237,79,-1.3839383062303796,2.7081411939456617,0.30781668180113575,1
0.2822214285714263,82,-2.1600079456613877,1.4518196341621563,0.346113127771071,1
0.2850857142857076,84,-2.666478856423001,2.4510340418799004,0.36159264466740837,1
0.2991571428571364,85,-2.6661669013417795,0.9107902536288486,0.34813708139376803,1
0.2436714285714215,94,-1.179543026836154,0.8096830750781109,0.34758816288398003,1
0.18581428571428457,142,1.0142422560150717,2.695655864018263,0.25178217003090264,1
0.20175000000000004,146,-1.4236192272459536,0.9534878426437314,0.2486879735507497,1
0.20032142857142787,149,-1.9311773737637616,1.4989496568492846,0.24322183558761235,1
0.19793571428571358,152,-1.8845173189025122,2.87575868169577,0.22090034548903187,1
0.18579285714285732,154,-1.5088050660428325,0.8252898061195937,0.21041344728729727,1
0.14305714285714544,195,-1.627694674896067,1.8702379370824176,0.20531647579764067,0
0.15370000000000264,196,-2.138079108493456,1.175264423216518,0.21291081239100584,0
0.1714874285714306,199,-2.8213943451321364,4.603769965743444,0.2257472135594342,1
0.17498742857142904,200,-2.7871553071137125,1.7824556929199882,0.22414052529194264,1
0.17766600000000007,201,-2.488330633466927,1.0865187805596668,0.22929877947608165,0
0.19802314285714268,203,-2.2639744625672,1.330653272362573,0.19905363182631222,1
0.1964302857142895,207,-1.761831693370424,1.2330912368727525,0.2119715512724461,1
0.20959457142857577,209,-1.8498035225414147,0.8626150161918846,0.23418288075291482,1
0.2111017142857179,210,-1.7041460535065431,1.777852383573135,0.23814216571653135,1
0.19685714285714898,213,-1.4288022585253044,1.5375484140013236,0.234490510492195,1
0.17528571428571688,237,2.339597920284771,1.0580439707586067,0.2302218637585094,1
0.14406428571428723,267,2.9579737054081527,2.2368672899759057,0.20214865043135644,1
0.6260142857142849,15,1.841882930084132,1.021927541349666,0.7313904953115798,1
0.5767285714285707,16,1.7360204781170911,0.8363183762493069,0.7294428102741,1
0.46815000000000445,43,-2.865043881804062,1.4030636581689107,0.5196912373777772,1
0.3615928571428607,71,-1.1734649010229856,1.1027510608409479,0.5189044576537255,1
0.3578071428571426,94,-1.5962843344236535,0.9955243515744989,0.4904713518030505,1
0.24300000000000313,112,1.2724242984435097,1.2428918011759833,0.39402107510593704,1
0.2252500000000006,121,1.9040012293913262,1.6809515549706566,0.3272945487645947,1
0.19569285714285709,130,1.3462918159437804,0.9102226585410672,0.2483925891764003,1
0.21900000000000017,157,-1.2710244350278412,1.8555076271616202,0.24254378056785988,1
0.24525714285714578,161,-1.5375246752900025,2.9962980806676898,0.2790668125113184,1
0.2056642857142878,172,-1.0357833083371133,0.8431497018846968,0.26493202915856784,1
0.2297500000000038,192,-2.5298235098524913,1.6698846623789403,0.2283982347547636,0
0.2408214285714345,193,-2.913711982873802,1.3281236495605167,0.23112201706979676,0
0.2277571428571495,194,-2.81165943249433,0.9200237135281608,0.23221477120307457,0
0.22455000000000172,199,-2.3553458776800067,2.3590614613229595,0.2445498632281675,1
0.23395714285714422,203,-1.974038136335586,2.027922440736334,0.2172352225766048,1
0.23410000000000203,204,-1.904136594686165,1.2052030903797424,0.19969514795841872,1
0.22580714285714368,207,-1.4644802916634518,1.1940992883315642,0.2114317686895373,1
0.23917857142857354,210,-1.4043735989207444,2.242315216782243,0.23472073032018714,1
0.2479642857142892,211,-1.4272103918164203,1.5653754172044498,0.2341979874411498,1
0.17185000000000425,232,1.9675869972537288,0.8514195731424083,0.2818038916945831,1
0.18864285714285853,234,1.920486408348471,0.9516288341209256,0.2748389690016451,1
0.206942857142857,236,1.9032844510429923,1.4185126770862655,0.2797592887433899,1
0.6138928571428579,15,1.9671260546043174,1.4646830588875037,0.607557844598538,1
0.45138571428571034,40,-2.1349155409508187,1.2219797652832751,0.5446892339437691,1
0.3763857142857156,73,1.7528444203331914,1.1923133661576002,0.35022918250973084,0
0.37567142857142855,74,1.8992867264973903,1.1410014124351262,0.35423483725342925,1
0.348707142857145,79,1.856043652452178,1.4905074574124695,0.3722213423029449,1
0.3533714285714292,80,1.866781892664225,1.2169911467887586,0.3720607547853417,1
0.3258500000000006,82,1.7592308161521732,1.7037634720316128,0.3586099197188794,1
0.3315714285714283,83,1.6952464653511847,1.5682812710040588,0.3584403303338868,1
0.2725714285714308,89,1.3442483401338072,3.1165123809525173,0.3118773946173387,1
0.2854285714285721,90,1.3824043432999615,2.602538027093,0.31407594110369114,1
0.26539999999999964,95,1.3003926850811005,1.052960488448049,0.32159393361843475,1
0.275742857142857,105,-1.4906361142568725,1.2668102474777523,0.3257798233029973,1
0.28917142857142764,106,-1.8868428014320886,1.0936468799003367,0.3298994662133561,1
0.28478571428571187,121,-1.7228079504035867,0.8099213579519973,0.356706446869197,1
0.21898571428571195,149,2.5093763751420384,1.4488745538824455,0.3112398285684305,1
0.18467142857142807,156,1.4209554994247617,2.468251543565292,0.27403681473517505,1
0.18936428571428468,157,1.3272042338126153,1.2482562009428078,0.26819177528829,1
0.18419285714286104,188,1.5169960803508387,1.177994110667384,0.21798686044127044,1
0.18526428571428863,189,2.3408515882647793,2.8075380338630325,0.206708854285039,1
0.17567857142857488,193,2.4961653019824945,3.130931250560472,0.1888012281829424,1
0.1792571428571453,194,2.4012534048923726,1.4386581890776753,0.18889831484466316,1
0.17747142857143064,195,2.334519090507979,1.4252743678897746,0.19140243688173672,1
0.1760357142857174,197,2.12207319819412,1.8653902383762435,0.19000163662805172,1
0.17204285714286374,201,1.2786553390769662,2.8734095663771675,0.20228645990791233,1
0.1451857142857185,218,-1.1530195243832406,2.322654258154572,0.16727041830530776,1
0.15025000000000382,219,-1.1396084717841355,1.588076977217575,0.16080263799514377,1
0.18100714285714453,226,1.1464283859352316,0.9791747770253727,0.2143397212383594,1
0.17993571428571492,227,1.5418222706357836,0.8274768445240569,0.21654964865350618,1
0.20323571428571288,230,2.071355304137937,2.228285390812865,0.22311331896295153,1
0.21965714285714252,232,2.043386565701733,1.2994030785356656,0.22863514104850427,1
0.2368857142857134,234,1.9819024418645093,3.845494387836255,0.2257128096345361,1
0.29212142857141793,72,1.1668729859591398,1.0025343636150348,0.33456277644440835,1
0.28569285714284626,73,1.2539960702936468,1.7062642829904515,0.33854419439669403,1
0.2565714285714315,88,1.6856174217440745,1.4663015320394814,0.29310853668866704,1
0.2665142857142858,89,1.7394182470085344,2.301335450800467,0.2965216291525392,1
0.30083571428571687,92,-1.7687349983096317,2.7277209885461713,0.3498696352697652,1
0.3133499999999998,94,-2.7948271737418877,1.8398237639743653,0.35775058471778776,1
0.31821428571428456,97,-2.7664658566446336,0.9222115901494821,0.3555317639809745,1
0.2594857142857125,117,1.520043910498027,3.4012038958004513,0.37679760160057213,1
0.23986307142857502,126,1.0876799004524937,1.3065712530188813,0.34681429824099624,1
0.23890692857142629,160,1.6057048981289583,1.1221815638232158,0.2615623161931133,0
0.23732121428571012,165,1.2548816508662821,2.4012521323020946,0.27395100630866637,1
0.24946407142856636,166,1.4793902439745499,2.6574856331297503,0.2921201592586648,1
0.25078549999999616,167,1.6659202430946338,1.0663683740908436,0.29377541475459035,1
0.25112835714285253,168,1.726471254638193,1.053183818602618,0.28436091729430835,1
0.17322142857143774,215,1.1732286390358733,1.6902682689061,0.22060013403982767,1
0.16889285714286473,216,1.7795759983321016,0.8506243038634609,0.21961508788101838,1
0.16227857142857868,217,2.4923281490164904,3.4659092847580273,0.22238252503565267,1
0.17299285714286075,250,-2.0490396746555906,2.016264326097309,0.16407080901195628,1
0.4231571428571438,31,2.220879143108076,4.297138046476188,0.7302718173309626,1
0.3170009285714315,72,1.6820747922802886,2.5990051016842024,0.43022350744554066,1
0.3191366428571456,73,2.1037201785223774,2.0937291061341616,0.4326072987590676,1
0.32699378571428944,74,2.493395007368959,1.0413140428598822,0.44231911086587805,1
0.3300857142857175,77,2.7434183950576467,2.330935642036889,0.43094025666656055,1
0.31828571428571756,78,2.656207354050233,1.0732033856769403,0.431027647875587,1
0.3090000000000036,79,2.556253572237119,1.3980335715619798,0.427976027919009,1
0.31615000000000343,80,2.3312502869868656,1.6184047917689752,0.43135623553719254,1
0.25075714285714973,101,-1.6324394474200874,1.2451474280122448,0.4152343001496408,1
0.24000714285714406,114,-1.624207437550199,0.8822575870691268,0.25720978040894893,1
0.18706428571428343,122,-1.366226360629068,1.2393473203855114,0.22159847719287137,1
0.23666428571428355,156,-1.1768387571265355,1.4825018623987176,0.24844775057026397,1
0.2791357142857131,158,-2.0991533362945973,3.752188307975623,0.3166445559948137,1
0.29853571428571357,159,-2.22248364687388,3.451528440133667,0.33634898793247847,1
0.3113857142857159,160,-2.1240133514110884,1.016328088320233,0.34349974299064173,1
0.18522142857143212,192,2.0121576258326255,3.3648334558284043,0.23561879300478492,1
0.17083571428571936,196,2.3819632924377045,1.1565694120583423,0.21211351444193688,1
0.2035785714285672,219,-1.741695200500349,0.8085440638661563,0.26753375846369876,1
0.1349428571428563,244,2.0056832622148786,2.3924862044088,0.2677121578061606,1
0.13850714285714055,245,2.4546932429193165,2.319296220158108,0.2542451938575014,1
0.14222857142857087,250,2.324206632511226,1.5291775062350859,0.19747013595137522,1
0.42250714285714047,42,1.1052928991326316,1.6375524206379322,0.476521061400091,1
0.4136428571428569,43,1.2276260583874001,1.5244397763018471,0.4768586640885331,1
0.41799285714285717,45,1.5074322925814985,2.97229989997791,0.4701370040966429,1
0.42217857142857035,46,1.596963189121175,1.0732138744466475,0.4642293277795045,1
0.29699285714285395,73,-2.4059425214147443,1.1573494892084484,0.4029380488416134,1
0.2809928571428567,75,-2.815489981026365,0.8626291987300166,0.3661757229725962,1
0.2895642857142856,76,-2.791908963702192,1.9667941811595935,0.3650954716557775,1
0.3074214285714305,77,-2.9027449950054733,4.482677516210389,0.3796539039364411,1
0.30138571428571687,78,-2.784108280398905,2.3439807503292047,0.38005246326035974,1
0.2639785714285726,91,1.1392576809450135,0.9519813254666941,0.3761455265603756,1
0.2557642857142862,92,1.6620738551946546,1.2522464583073851,0.375349546140367,1
0.1945285714285713,131,1.1559862919266728,1.7040934455515322,0.204253644529131,1
0.19449285714285786,132,1.3786762195696223,1.1381237831326194,0.20503168749112888,1
0.20164342857142767,138,1.3792530879106177,1.3464394556542432,0.20534147546863732,1
0.18523571428571423,151,-1.1030927234288952,0.858371829838132,0.23901561638151325,0
0.19445714285714036,153,-2.3062492026704198,1.1217810549241245,0.23745765116744466,0
0.21412857142857028,154,-2.776651995258943,1.7090961692663313,0.24854659289912193,0
0.21460000000000232,164,-1.7672219086031817,2.1808920609489477,0.22481087743985634,1
0.20317142857142909,165,-1.754516183781032,1.2436639474240838,0.2230963416103878,1
0.20256428571428842,168,-1.5441415159122642,2.422346289586503,0.2270841293869497,1
0.20310000000000222,169,-1.589510887256376,2.6419742660300938,0.2385837222514417,1
0.20881428571428678,170,-1.5110820310569482,1.230010008171949,0.250769931625485,1
0.220242857142858,171,-1.3334077197286751,0.9781888581189798,0.2691846347464023,1
0.18451428571428405,191,1.5950107473354476,2.6085421266587328,0.2768134126264238,1
0.17287857142857327,216,1.5251968808476097,1.063888250743178,0.19457176856723313,1
0.14321428571429148,224,1.8081594936629193,0.8177809028649597,0.19209700908666563,1
0.1480857142857214,227,1.499632142919195,1.2564688366845747,0.22613928224036106,1
0.13676428571428648,241,-1.0863078482064557,0.9947197654336624,0.1835028316133,1
0.1431714285714268,244,-1.8100173021166284,0.9265011799391176,0.18298410478847507,1
0.14421892857142535,246,-2.4363944005057543,1.4966841999415523,0.17852966060652886,1
0.15971178571428318,248,-2.2330888514100042,2.137487446992593,0.18242783776265425,1
0.17207607142856926,251,-1.4036874189515502,1.4768548338062053,0.18062374346629134,1
0.17228571428571474,260,1.2446455162977665,1.7244001506589897,0.13993636899583659,1
0.17679285714285697,262,1.0260221253645743,1.9812199360278155,0.15659200804205883,1
0.22372857142857225,267,-1.6782272246919507,0.8465565140736254,0.18964695000193565,1
0.2934071428571445,62,-1.9683363301145027,1.2570102817321553,0.3678418724431914,1
0.2847500000000025,65,-1.980441814337889,1.3615383892536612,0.34334229081990925,1
0.28380714285714453,66,-2.0177153251041906,3.4526659634123638,0.35288664067543357,1
0.20301428571428712,101,2.6570710591933464,1.9175720775293332,0.3167756282389641,0
0.21379285714285703,105,2.905303784377598,2.2262507969471144,0.30419853453580736,1
0.19282857142857374,114,1.3559711040735218,1.1834857459988242,0.26028598618541404,1
0.18185000000000123,116,1.3339326032279812,1.6342888330033423,0.23680376132979736,1
0.18685000000000077,117,1.425657590120261,3.1002034433549706,0.24224994097016234,1
0.18655000000000094,118,1.4391992715798523,0.8937633236685556,0.22456105256184597,1
0.17666428571428533,120,1.2158622010282558,0.9507752537508647,0.22055966384042897,1
0.16855000000000026,121,1.06585776129579,2.002874334242327,0.21674975765990478,1
0.3260857142857126,163,-1.2174380654313417,0.8453367827932815,0.4159876740165076,0
0.3138928571428567,164,-1.6717958406823512,1.8653205773069919,0.42019819206937026,0
0.3024714285714286,165,-1.7297905531697,1.310554938268079,0.4256964094445205,0
0.3345159285714305,174,-1.8340598628661196,3.764761613962651,0.45105695292256387,0
0.31880164285714685,175,-1.9343555928157428,0.8354281458829516,0.4509910362906601,0
0.35363735714286043,176,-2.251024059304734,3.237544854025379,0.49281455454703427,0
0.3579230714285749,177,-2.329593989323576,1.8558232945217092,0.48321929171706596,0
0.4429159285714316,178,-2.729745597178577,3.726006923608902,0.6252967409249336,0
0.4871730714285718,179,-2.7988919468254148,2.6927690336227683,0.6083278228013992,0
0.5855087857142861,180,-3.03416364391329,2.833525513014103,0.7288603630051976,1
0.6340802142857151,181,-3.00496878498195,2.3650345227243212,0.7247133691719413,1
0.679801642857143,182,-2.7074767559281008,1.032873738334008,0.7813550095617348,0
0.7795659285714294,184,-2.1373787107533535,0.8429668956235155,0.8207095817406054,0
0.5045999999999984,207,1.0592437351847694,0.9931172229126546,0.8864313139230569,1
0.24806085714285636,262,-1.7077527326277222,1.6234004519292118,0.24749212477444055,0
0.30854285714285573,42,-1.1309971728316068,0.9786315746960818,0.36741034685909885,1
0.3228285714285712,45,-1.2029525369927316,1.1807276839849297,0.3379369199586915,1
0.2927928571428587,90,1.3093253416157777,3.962337646930337,0.3379268771369212,1
0.2674785714285751,92,2.526949312937314,3.364167370981329,0.33729958120657894,1
0.25640714285714644,93,2.845261777281035,2.3858328878440838,0.3267904191230642,1
0.1959000000000048,131,1.3085796233904974,3.3205917035393626,0.2568585430747258,0
0.19436428571429026,132,2.031620233585738,2.0783433427334055,0.2619409726596274,1
0.20722142857143158,133,2.691510324055103,3.87994077823459,0.2758959410967781,1
0.20865000000000172,134,2.829104901229746,1.746652371070845,0.27113818455342553,1
0.20810000000000173,136,2.576600076832529,0.9641369549526847,0.26355911872997956,1
0.22189285714285795,138,2.136004973873194,1.3384506088433428,0.2591248718390187,1
0.22974999999999973,139,2.0003066112234165,1.3499235610269869,0.24722838933336017,1
0.20882142857142785,144,1.5375292114220231,2.9870477972228726,0.22531078796468568,1
0.1462870714285722,176,-1.1941748475850746,0.8331172333905978,0.19148118733189876,1
0.15720714285714418,185,-1.502951527183208,1.5276672785325778,0.1911866386476343,1
0.15292142857143176,186,-1.7982727177682756,0.9277862385240176,0.19149770748312758,1
0.14923571428571694,203,1.3466121649571725,1.13582319283862,0.17792659548744016,0
0.15090714285714618,204,1.3348042053744265,0.8702809179905667,0.18617660056141622,0
0.15876428571428797,206,1.7477515220742905,3.1943882851625927,0.1909978367154412,0
0.16013571428571335,210,2.4513451870410625,4.070568062147928,0.2055980179594165,1
0.1683499999999977,211,2.4779992631023346,1.5018985043494248,0.204321546582735,1
0.17406428571428428,212,2.468063853639136,3.0599123527061094,0.20456933444313,1
0.18406428571428332,213,2.4789368003572485,2.873860252962249,0.20836077417692214,1
0.188607142857139,218,1.4679516677958615,0.9234741080617858,0.20726381461549462,1
0.18763571428571066,221,1.1962148172779372,1.8744029484805242,0.20240996783189344,1
0.3861928571428552,33,2.670449608553033,0.8776826314819692,0.634035988980317,1
0.42436428571428614,50,-1.6332746651649237,1.1348740302946105,0.4371277218139777,1
0.24700714285714703,76,1.4780693916738465,1.1341316614598014,0.3008715506310986,1
0.22437857142857962,103,1.9596448836305493,2.006837355460691,0.27050502647079955,1
0.22504285714286304,104,2.6957100073571687,2.9199563416128185,0.2860129067925418,1
0.17992142857143684,118,-1.206406066013795,1.7705249319381644,0.2739696468014696,1
0.19617857142857734,130,-1.2759519941375315,1.115979303829562,0.2530673290248873,1
0.1949000000000061,131,-1.3992916835639693,1.5914941324473817,0.2589789257724079,1
0.13462142857142925,165,-1.2586719507671766,1.7841622794642826,0.1728911502182583,1
0.1446214285714303,166,-1.9391441308740918,2.1486816850032904,0.1672515305139543,1
0.15518971428571351,170,-1.824740501723616,1.0712343789093222,0.17611058998475215,1
0.11632142857143078,187,1.2914017282387669,1.8649221202680895,0.17651270655624135,1
0.1123071428571458,188,1.7788976054768995,1.2912295270306222,0.17443234310812183,1
0.10555000000000193,197,1.5483859136632583,1.4789978056496498,0.12123628971495692,1
0.14076428571427715,210,-1.986212869120638,1.1511090903791747,0.15182580178575214,1
0.13683571428570726,211,-1.9586773030916926,0.9279178261598149,0.1538842982244984,1
0.1332571428571368,212,-1.8392995499593239,1.0930014520384064,0.15483109881681797,1
0.13068571428570813,217,-1.6063030482744498,2.188214182945257,0.14297866786477756,1
0.11854285714285188,218,-1.6225287756552835,1.4639552903692297,0.1417217257226819,1
0.12145000000000193,222,-1.3969643993192429,1.5990375978000797,0.14976316462217507,1
0.12461428571428915,223,-1.3662899505507684,3.7147204627049755,0.1496463556492634,1
0.1315142857142888,227,-1.1636815119722748,1.5969712968234762,0.15222386721983824,1
0.1329285714285768,228,-1.1707179737495947,1.9545259205925807,0.1481869385940534,1
0.11609285714285582,243,1.2572854197371688,1.3433533447535386,0.15046866509552145,1
0.13773571428571074,253,1.5530936678657685,0.804931156365261,0.17382332794356364,1
0.5882285714285709,15,-1.570109578484893,1.5533964164637228,0.6001264451364355,1
0.5172857142857136,19,-1.2737597285204867,1.5087696325754563,0.6279869322936458,1
0.33678650000000027,40,1.3540273217714642,0.8231151495598782,0.5159880452188268,1
0.40912857142856957,60,-1.310644768080198,3.3200206790761873,0.49125417177536157,1
0.44270000000000004,61,-1.1733850141859474,0.9303386874798254,0.5414367904305104,1
0.5330163571428598,66,-1.4686367772745044,2.9978080068871384,0.5968636508014205,1
0.6232663571428613,71,-2.463689798555176,1.8569450197961486,0.6793631806920607,1
0.6262163571428617,72,-2.1662227105469696,0.9437486711141074,0.6891232856380828,1
0.34355714285714256,105,1.3841805002938314,1.3755654240018353,0.37982615825922944,1
0.22816428571428762,132,-1.8469415356701764,2.3409340013182782,0.3304962420555992,1
0.23660000000000384,144,-1.346816252449037,1.6263537951682685,0.3065530675938042,1
0.24624285714286234,145,-2.2629665731728457,1.8137514647488575,0.3121025385488431,1
0.23266428571429085,146,-2.675028557792627,1.4581035189567648,0.3061563037926615,1
0.23338571428572305,152,-1.9164884465529661,3.4066567221597523,0.283639613187016,1
0.2319571428571509,153,-1.7965190892252054,1.2813330888818384,0.28532296749508623,1
0.1890285714285714,167,1.0585743238371457,1.1324558473824224,0.26708501181276856,1
0.18991428571428465,168,1.1965779583322536,2.1334447427885603,0.2683521566545378,1
0.18333571428571613,172,1.0116662588927032,1.059668235982963,0.2870763500605786,1
0.15825714285713843,188,2.178546837175745,1.2120196966264396,0.20615133340056885,1
0.1541928571428599,206,-1.6985511098259134,2.2828125639297507,0.2018290263026817,1
0.1569142857142895,208,-1.6329148288394388,1.4941808320289296,0.21736959984335252,1
0.14264285714285815,210,-1.1182043078061668,1.5025670745694004,0.20025255349286314,1
0.15797364285714569,245,-1.4260840801325938,0.960726433814196,0.19208377699347837,1
0.41641428571428,33,-1.0728055966345649,1.1323236081169816,0.516363943062502,1
0.2978857142857123,54,2.175351360639417,1.2493427890784614,0.39266006687633115,1
0.29731428571428303,55,2.3853972590827404,1.1348377448206892,0.40045270812265543,1
0.33434135714285723,68,-1.2611334589585408,2.560581640750132,0.4467497390073961,1
0.3545770714285713,70,-2.0110547592149697,1.6032130118547796,0.45921427192084585,1
0.36014849999999804,73,-2.210164601073045,3.317149653177645,0.4355862868593208,1
0.3619199285714266,76,-1.5319816900133896,0.9145429282508851,0.4612528334546471,1
0.24857857142856687,102,1.198504935166853,0.8187293342535934,0.2806157243676228,1
0.20779285714286289,111,1.0701720995742252,2.5595218630235435,0.24040505102835694,1
0.19974285714285347,137,-1.7183822116386331,1.3688791165554608,0.29917987018691766,1
0.2000142857142809,142,-2.3612777784404035,0.9707818018343127,0.27491021620893813,1
0.14807142857142302,151,-1.6756149867345713,1.2863450086882395,0.23568663141164392,1
0.1529543571428523,157,-1.1395558258344198,0.9509611951592201,0.25849677563330803,1
0.12227857142857447,175,1.8493759039760538,1.0657160311401452,0.16651075977470586,1
0.11942142857143219,176,2.7050488832166777,1.4277295901470024,0.17307346497842982,1
0.12225000000000412,177,3.1160038224406703,1.1264415864224055,0.17281105849183157,1
0.12416428571428437,205,-1.2629646182733407,1.0603686117001556,0.15185281663142017,0
0.12097142857143085,207,-1.0167700873236027,1.4374286097860831,0.14341366386703794,0
0.13960714285714257,212,-1.6681573670395968,1.708415220371356,0.15052241957984366,1
0.14984285714285558,216,-2.9541453472036148,1.7795981809914607,0.15044537955109014,1
0.14952142857142853,221,-2.181067928499251,1.614276551532113,0.1489397575702478,1
0.1502357142857156,222,-2.2234940533419607,1.007445164388023,0.14648984050445002,1
0.1300071428571426,225,-1.6206084353430918,1.4146223395319932,0.14790655515942194,1
0.11772857142857163,227,-1.5989475273591922,1.7626697264169633,0.15218554474500331,1
0.11777142857143019,228,-1.8810012357563373,1.6352015407259366,0.15754790927618642,1
0.10912857142857442,231,-2.049724721166222,1.024503243913652,0.14890917137782586,1
0.15228571428571666,240,2.063461817853251,0.8501755147608752,0.17829453150270946,1
0.1573571428571451,262,-1.3281802429551854,3.814844262916029,0.20225863381921075,1
0.4152499999999983,26,1.0012448684461752,0.8219932653793272,0.7567850893781112,1
0.3365714285714298,75,-1.2312908171774761,1.1024878038357875,0.39629979648310437,1
0.3382857142857156,76,-1.7107909534561956,0.8655524472240819,0.39740723514836773,1
0.33161428571428886,80,-2.3887708781837516,1.7703808216083783,0.38066810157977793,1
0.3166214285714314,81,-2.345091623243838,0.9443216348954407,0.382018399258844,1
0.12887942857142523,145,-1.9837841097123614,0.8465547963131823,0.19412041797380522,1
0.14068571428571122,149,-1.2129815959816403,2.5440258791527395,0.2004433716009403,1
0.15507857142857315,194,1.3567583081197812,1.42465103499663,0.2214343199038715,1
0.15739285714285853,195,1.1308596352274238,1.9774873287476458,0.23616199221148912,1
0.12997857142856617,229,1.1878783836354159,3.0615504065751216,0.17138154460743069,1
0.1313571428571387,230,2.0860569207032436,1.3346408975415982,0.17869057400913224,1
0.12042857142856787,231,2.3590739529844287,2.1224378411893836,0.1791363055168111,1
0.09827857142857559,262,-1.0259904162682842,1.198892251370934,0.1517716030667122,0
0.10439285714286127,265,-1.0902140650549752,2.553323053362617,0.148740325025259,0
0.3065428571428604,41,1.2443932511217612,1.0438667606823486,0.40548001480208895,1
0.19512142857142983,60,2.4923907494249904,1.554112087044248,0.3155451003312946,1
0.1986928571428572,61,2.556288546666859,1.4497189023295767,0.2895629882396255,1
0.1857428571428516,65,2.132153020773882,2.112142924328145,0.2875778740582256,1
0.21509285714285348,71,1.4564790491888564,2.813403543976349,0.20035849699457373,1
0.1714642857142812,125,-1.863475382739752,2.0272977562627448,0.23065903518466827,1
0.17546428571428002,127,-3.0745543530530375,0.8967319456178733,0.23026354063396406,1
0.11831671428571358,141,-1.103128075150227,1.731181192639056,0.18492421363839656,1
0.10924999999999686,163,1.0022393381202965,2.2227578190369854,0.1444654353166988,0
0.1365071428571432,173,3.1829703356684793,1.6237548584130528,0.1478953417363727,1
0.08572857142857312,205,1.9328530438964164,1.000043649549025,0.09252831909111674,1
0.08861428571428778,206,2.669543880926137,1.8169614620567838,0.09868071201265805,1
0.09909000000000187,209,1.1273557481754526,1.1208778027253243,0.11986226296737844,1
0.1092262142857164,217,-1.5456029694514763,1.8369015600981153,0.12455027959667338,1
0.08809285714285815,227,-1.9176050807827545,2.1695955603036423,0.1325362319616353,1
0.09452142857142778,228,-1.8302908361949881,1.397272662124538,0.13770181241223117,1
0.07479285714285717,257,1.658389749783388,0.8973493902138405,0.12784442368983479,1
0.33803571428571544,30,2.6149612918956895,1.8909418140289824,0.5422398150232062,1
0.2945071428571424,36,2.1405241558914136,1.367262936982934,0.46473972375065,1
0.19469285714285434,57,-2.1435267248003167,1.9242696816532048,0.26288268905999024,0
0.19121428571428517,59,-2.2283441159862005,0.8140392153374485,0.24893667063550537,0
0.18978571428571506,60,-2.0994148207713064,2.079013361884313,0.2529474360765329,0
0.19479285714285766,61,-2.063015059065877,0.8359662493425327,0.2556389500375087,0
0.19545000000000204,63,-1.9102614263302322,1.8325837272490724,0.2545797808465179,0
0.19474285714286005,65,-1.876700227125102,2.3132799565728512,0.2512204996938107,0
0.20778571428572182,68,-1.9682890341788104,1.460105447150128,0.22458251511627994,1
0.22835714285714914,69,-2.1520994069193393,3.830362819368957,0.2709313034266419,1
0.24264285714286263,70,-2.1617692756319724,2.170584465854008,0.2737179823856128,1
0.24411428571428928,75,-1.7396753672414516,1.3414285869317213,0.288024509959478,1
0.22069999999999976,110,1.860299992875537,1.5421796289422811,0.22615282544894902,0
0.1866394999999983,129,1.4200442063249898,1.2704614633729774,0.2536685959032757,0
0.16806092857142726,132,1.9718247425148945,2.4497713498520146,0.25273990985086137,0
0.1553323571428576,138,1.9323645570847279,1.7852968560422082,0.22767916267140506,1
0.1322285714285698,144,1.1465084963093937,2.298853017838478,0.2147318716796494,1
0.1628357142857116,151,1.0467957293988692,1.5910960943349524,0.22700446452580503,1
0.1610714285714323,164,-1.3367897952788865,1.052758875644746,0.22743946789430333,1
0.08733571428571045,211,1.9026431072193088,1.3516294728318743,0.11300783673571531,1
0.09126428571428237,213,2.161274109508289,5.227716393869365,0.09720171436243023,1
0.08752142857143294,247,1.577127568933822,1.9499789636878302,0.14076189345132992,1
0.09247857142857592,248,1.9306525043155682,3.5187690487411265,0.1448881980793097,1
0.1049285714285771,250,2.1488423299387467,0.9061028873466374,0.1605176011664134,1
0.13443571428571083,101,-1.0247826739875263,0.8119666637648107,0.18322453887296034,0
0.13469999999999718,102,-1.444611368200398,2.6745820776307614,0.1843289548590009,1
0.13316757142856822,110,-1.8163882418027602,2.128288318831287,0.16103580790746122,1
0.1360318571428536,111,-2.046215409053773,1.7038956329061778,0.16357300336392044,1
0.14318185714285342,112,-2.312288160678751,1.245958171071631,0.16632277152199912,1
0.14261042857142417,115,-2.0001993612807905,1.7930529448675212,0.17115177385548683,1
0.1423461428571378,116,-2.009942444527126,0.9428268892171989,0.171713000075888,1
0.14694292857142596,132,-1.847254091418991,0.9905371914269351,0.16248347396978602,1
0.14801435714285358,133,-2.4038574750433,0.8759935294765884,0.1692311617445548,1
0.138064285714287,175,-1.12585406358438,3.002467575853273,0.18787896422702305,1
0.1323500000000024,176,-1.2703482071182628,0.9611790065797277,0.19155483592849873,1
0.13599285714286072,197,1.9530975100557748,1.0434311054448615,0.2105083783982582,0
0.11477857142857317,206,1.5914043223679748,1.0060827874052996,0.17333060032239084,1
0.11192142857143088,207,1.4752113981095822,0.8137744865362878,0.15917321642963733,1
0.11370714285714355,208,1.492020078107017,1.8249430556071464,0.15328116502119038,1
0.09708528571428385,245,-1.5676572499416779,2.4149699405591587,0.10791519530984153,1
0.11870714285714103,251,1.1734896381208542,0.8842817097196336,0.13134556056645025,1
0.28854285714285766,31,-1.7244419945974323,1.5577668581334292,0.4051728706174247,1
0.2919642857142882,34,-2.408373249126081,3.922196763159057,0.3335495369191823,1
0.30363571428571845,35,-2.6066194791741535,1.5141248465907442,0.34204933806758403,1
0.31966428571429006,36,-2.6442290975480867,1.6295195137446015,0.33094077609630224,1
0.318950000000003,37,-2.555914260407281,1.2560160172487433,0.3076367052803616,1
0.2004357142857113,67,1.4599724055285874,0.8226254243681252,0.31872041964551734,1
0.21047142857142578,103,-1.1797701051927514,2.2543570097043633,0.25657205002958927,1
0.21047857142856888,104,-1.3561583829683992,1.3900618966960816,0.2664280806934555,1
0.20332857142856905,105,-1.4507379565109861,1.111643131753052,0.26631213960067757,1
0.20222857142857112,108,-1.8122072056174976,1.2286024924282235,0.26576221023334107,1
0.13459285714285482,135,2.2078023416237373,0.9533030890585372,0.19634142707966432,1
0.124057142857142,144,1.0247552741530417,2.1697766157794787,0.17770188701358033,1
0.13163571428571533,149,1.2472433957707465,3.2033038338872952,0.18223008423659662,1
0.13651428571427612,166,-1.7356152281181585,0.8058730829974136,0.20724469566747608,1
0.12994285714284665,167,-1.4994671107574848,1.0798114738958666,0.21601829271005474,1
0.13617142857142994,181,-1.0716356985368893,1.448394086250271,0.20118563729630362,1
0.12463571428571438,211,-1.5119831649142998,1.428579282120217,0.17586577461705205,0
0.12892142857142883,212,-1.9273306711325433,1.155926533115087,0.16835294480074123,0
0.12749285714285868,214,-2.3572424823569933,2.937920511352021,0.16104858810870906,0
0.1246428571428595,215,-2.275567030111093,2.95909554810465,0.1555035251670217,0
0.127357142857146,216,-2.1103689507996526,1.5317894803725733,0.1558737627217936,0
0.13260714285714365,218,-1.7076775739872945,0.8850153134752956,0.1597230349411839,0
0.13760000000000008,219,-1.6490507345251824,2.1193394363423836,0.15249879609574404,0
0.1368928571428581,221,-1.5962085701616024,1.038158330713209,0.16063298138746457,0
0.15051428571428818,222,-1.7379759602955385,2.5365253746108634,0.16850601231553106,1
0.17176428571428712,224,-2.0252501472077267,4.142360902332393,0.1866585945164183,1
0.16890714285714484,225,-2.0896922048823425,1.3558543608491942,0.1829267184605129,1
0.175064285714285,259,1.0543426040647026,1.1697716585375073,0.21650785745583678,0
0.2889499999999998,37,-1.4510763883249487,1.1567431913719408,0.5025480874956965,1
0.16932857142857113,75,-1.8627709481697592,1.708355339399348,0.26742025439541267,1
0.16995714285714314,80,-1.9248854253868803,3.5589291973275237,0.2658201591495405,1
0.132557142857144,110,1.5537447657951682,0.8235805310848315,0.20254789999996817,1
0.14705000000000318,126,-1.4336404257043398,1.7285430096848227,0.19337576647081237,1
0.14552142857143174,128,-1.608327199390086,1.1544777997982933,0.19461277256868534,0
0.14552857142857686,129,-1.842693727089461,2.0419769705385256,0.19964205804535193,1
0.14635000000000634,132,-1.7475995999844691,1.422372405387996,0.19470731266377106,1
0.14312857142857638,134,-1.6604774109011253,3.2321149988706885,0.18775541510024973,1
0.14920000000000552,135,-1.639639971672815,1.848735190897845,0.18772756715972633,1
0.15320000000000636,136,-1.625475595157523,0.8121751215641708,0.18776441670780802,1
0.16620714285714858,137,-1.751671708838585,2.5696110867368884,0.19306240252010584,1
0.17335000000000736,138,-1.8513744395545721,3.114768733877906,0.18954484409370562,1
0.17874285714286284,140,-1.9647968013324009,0.943764666433244,0.18288525090897134,1
0.12341428571428383,182,2.229871959657881,0.8220105008413972,0.17167167114335785,1
0.10700000000000134,186,1.6640516484101746,1.093032178323316,0.15103387096362828,1
0.10979999999999888,188,1.4496527496521365,1.1280108626423453,0.14986693595832398,1
0.10735000000000282,230,-1.1892776192312724,3.4647996709736275,0.154506497164813,1
0.10650642857142957,269,-1.5801949108888012,2.421219059468473,0.10361585036204077,1
0.27028571428571574,42,-1.9067790146705255,1.1388571911440803,0.3676490444059937,1
0.2708500000000039,45,-3.1192300481779487,1.0560306688670213,0.38207758215266313,1
0.2749285714285727,48,-2.841446365710251,1.9125341718605893,0.3377989239490373,1
0.2645285714285665,64,-1.0724463292890696,2.8791650719533615,0.3472384501683971,1
0.17082142857142912,97,1.161541877959533,1.1462584991204068,0.26264694037312836,1
0.17627857142857245,104,1.718231309227285,5.276654656364499,0.254320888566083,1
0.1609499999999997,136,1.179494148023263,1.0343069227858281,0.21816237429074953,1
0.16045714285714244,137,1.6006715118263155,1.1025195079162657,0.21745449522897523,1
0.1722428571428582,138,1.6102517044461988,2.5171371912248244,0.22231047436452164,1
0.12638700000000622,173,1.6719420223566561,3.0581142713572635,0.17234099915646986,1
0.12958700000000686,174,2.0026852792782366,2.522616361422306,0.17266192570611,1
0.11964414285714854,181,1.3568635174899981,2.4042385841047262,0.1777211365534758,1
0.10690000000000006,217,-1.0461027260528148,0.811155407107987,0.16356307158174757,0
0.1295428571428577,226,-2.7003516882635394,2.4713260200653258,0.15449180269076498,0
0.1309714285714319,227,-2.8154912451101435,2.08469939708728,0.15681455085962695,0
0.13489999999999977,228,-2.420057275226902,1.1552040334522367,0.16126511401927476,0
0.1452857142857137,230,-2.5978131825153388,3.9100537535760527,0.1833418120936722,0
0.15277857142856988,231,-2.837838219930405,3.5095509281180695,0.1842694475128714,0
0.16559999999999978,232,-2.6552921922571544,3.0008603999270034,0.1905646848160762,0
0.17131428571428436,233,-2.308608775314901,0.9610071696049369,0.19295639557149252,0
0.16515185714285963,244,-1.3159657704610865,1.748521403406495,0.21907943511936903,1
0.19088571428571705,254,-1.8456479821873213,2.4659202857209657,0.2435701173810354,1
0.18351228571428432,264,2.326263763519752,4.43215503169315,0.26076243152694717,1
0.2947642857142857,34,2.1124194704504737,1.5808423345207294,0.4788139043853187,1
0.33814285714285575,37,1.7912527572929589,2.164070873099178,0.49806470273639475,0
0.3797714285714205,43,1.8009841459682752,2.7029218626245353,0.526022784629096,1
0.3733357142857078,44,1.9238579689206752,1.150600730366205,0.5206529022814738,1
0.21533571428571058,57,1.465597840853019,1.094580157354849,0.38281645218263943,1
0.21677142857142379,59,1.604780861319979,1.4627590706238351,0.3719595064795107,1
0.22177142857142332,60,1.7089983476289656,0.8173181841721301,0.3528582589113857,1
0.23281428571428162,61,1.5614599027123304,0.8810869236909875,0.3687919409385287,1
0.17399142857142838,122,1.6845742343620058,1.5503855763227317,0.23623686145531317,0
0.14099285714285617,140,1.9198433202960736,1.279324276238638,0.18445939477209847,1
0.1568071428571431,155,1.3358319710365432,2.1023566669304534,0.18742124229189863,1
0.156092857142858,156,1.8535237895590653,1.583345701780153,0.18892179011481716,1
0.1572499999999987,158,2.3724110262480096,2.506623087302907,0.1901891383724672,1
0.15222857142856988,160,2.65828242201737,0.942388364171623,0.19168092721086896,1
0.1186499999999983,171,1.0194909955563014,1.1907897931147842,0.17401488403211698,1
0.12430714285714421,181,-1.6095535458090662,1.4839338661024393,0.17647604419221005,1
0.13807857142857724,192,-1.1824428398458613,1.1075549188784841,0.1411287588863091,1
0.09019285714286086,214,1.347230536031429,1.0877175312224963,0.10119727606421584,0
0.0968571428571445,218,2.445666582243928,1.3460184768982273,0.10575998558900873,1
0.09875714285714464,220,2.400272257965829,0.9168435793625201,0.11120965776725036,0
0.10765000000000059,223,1.7955661519509802,0.9642450226720803,0.10155968555219448,0
0.11265000000000011,224,1.4734703122141122,0.9958274152907902,0.103221958514216,0
0.10657857142857097,226,1.3622519892716738,0.8077120627458036,0.10406089185074471,1
0.11193571428570895,229,1.573208015445292,2.8495296356591764,0.11480433640615766,1
0.11566428571428235,230,1.8899632608664256,3.2978086459518714,0.12092164231868681,1
0.11257142857143013,237,1.359140022579651,2.2006901736874354,0.11891445875380885,1
0.1060571428571393,261,-2.0270167334439146,2.1364657989182256,0.14268066547891842,0
0.32482857142857063,52,1.5118601600090822,3.2099163116770817,0.38710687131675436,1
0.31380714285714156,54,2.6191556138674494,1.1075699340545693,0.38837924681015373,1
0.28809285714285693,55,2.7157620946979635,0.8294439389486599,0.369574090929543,1
0.31072857142856947,59,-1.5265957518011821,0.8491596682168399,0.4086351458594542,1
0.3274142857142855,69,-1.950717552365903,1.753484376256077,0.4624418725346743,1
0.22387857142857115,94,1.4620958558604151,0.8167402199705133,0.3340305932714961,1
0.22745000000000257,96,2.032251674429117,1.4527812024909885,0.3361800931276905,1
0.20620000000000363,106,1.3980284017642415,2.2627702143685857,0.22029630986118678,1
0.1988071428571467,108,1.3471388572884821,1.5223336857256078,0.23651566250037215,1
0.20024285714285991,110,1.0464731659017694,0.8211736956642869,0.23331726449664725,1
0.20524285714286147,112,1.0433206995704056,1.9437594902819968,0.23899270301266423,1
0.17177142857142005,144,-1.1898484454173968,1.1707182371994798,0.22141776928188095,1
0.16915714285713893,182,-2.5520332959339957,2.090288032877077,0.19713678531231277,1
0.1396499999999991,186,-2.4810727774665997,1.315420374258458,0.19963382146458455,1
0.1372428571428555,187,-2.4308928318807834,1.090376894613866,0.19928134446515416,1
0.15117142857142848,188,-2.0763986021929384,1.2152496958362349,0.22064929443583037,1
0.1634642857142816,242,-1.4661512419741904,1.167077587362213,0.16330371164536073,1
0.13337857142857348,257,-2.190377598842265,2.253130411992021,0.1737193550736547,1
0.13466428571428984,259,-1.6829055773207586,0.8158073783461297,0.17698475543184852,1
0.13241428571429026,261,-1.095668718447436,1.482679843108556,0.16858685088166828,1
0.13330728571428502,265,1.1229597849203723,1.4319737928063667,0.16395925936672034,1
0.12973585714285768,266,1.5945381193622357,0.9440310946833426,0.15690312815627658,1
0.12187871428571384,267,1.973358368127756,2.650478239403183,0.14786604141779539,1
0.12502871428571286,268,1.941489928277383,1.8303667053083292,0.14994403742173615,1
0.3565999999999982,55,-1.5717853106519635,2.3846965864958496,0.49282588848861175,1
0.27034999999999954,64,-1.6803346651326327,1.4132287296402577,0.48329675390647886,1
0.28999285714285705,67,-2.1235015815994287,1.974240255891026,0.4726043115646794,1
0.32890714285714345,73,1.300040134462305,1.185320850658147,0.3784139089659081,1
0.217807142857142,104,-1.1185420833080906,4.726846623336098,0.29980065850733534,1
0.19748571428571285,108,-1.1990829761401338,1.0133763180400608,0.30134814372458263,1
0.20617857142857027,116,2.289107440572384,1.2789483486494528,0.25810075821504186,1
0.2325571428571424,134,1.2475857570464886,1.7040486025266892,0.2956149590809893,1
0.13377857142856847,163,-1.0636388893557764,1.2725049251815035,0.21033934839607513,1
0.14091428571428213,164,-1.341067097212602,3.005391284159757,0.21497407025146906,1
0.12325714285713982,169,-1.7899785698646,4.487797681588952,0.1942119698114737,1
0.12326428571428291,170,-1.9452819938903645,1.644403451765865,0.19204025067675803,1
0.12248571428570999,171,-2.171443153876828,1.5068948940543514,0.1663702107447838,1
0.11997857142856715,172,-2.356926311991014,1.5716156807269055,0.1693622865582916,1
0.12426428571428362,173,-2.4930203103874113,2.1215481783119845,0.17354898157020843,1
0.12426428571428362,174,-2.342745137732689,3.956574457619797,0.17916661967586028,1
0.1257357142857103,176,-2.066772864348759,0.8255660099388796,0.18159502198010924,1
0.12929999999999456,177,-1.7742230893068274,0.8393272781921282,0.18696351121532154,1
0.2363214285714272,210,1.0379613254729694,3.2707343179016983,0.2729777628051139,1
0.2205999999999985,213,1.1196997406580724,2.3765287442536986,0.2667476228934854,1
0.08478571428571513,237,-1.5062706819495366,1.342290856467721,0.22782579173179807,1
0.08376428571428716,238,-1.4961257258388343,1.0063357496619185,0.22594833848644075,1
0.08623571428571454,243,-1.1043751660609378,2.435195255136379,0.1624186571010903,1
0.4341285714285732,18,-1.1464427365011443,0.828404530677985,1.167952852301275,1
0.34882142857143045,22,-1.2663437285644568,1.481694761757313,1.1658809028594137,1
0.3580285714285744,25,-1.5070736702677292,1.041567379942258,1.1702861791679404,1
0.3594571428571446,26,-1.5399294187976589,1.157755249967509,1.1710447264098958,1
0.35444285714285684,28,-1.6526772770640668,0.8679673269756313,1.178720675877085,1
0.2459471428571415,82,1.3044793112057909,1.714105422187596,0.35666867212504966,1
0.2552328571428575,83,1.6969883224963056,2.9715485231943206,0.35413557217446845,1
0.24594000000000044,89,2.0990111643142924,0.806893454493139,0.32112404307674336,1
0.24427571428571632,91,1.5558703479511669,0.8634840018258106,0.2971676768968564,1
0.2471328571428586,93,1.8244808211915167,3.060203410398712,0.30292647268239264,1
0.19772649999999764,129,-2.3103028137320165,0.8861910631474123,0.33845633726435054,1
0.19097857142856917,141,-1.4542512174555147,2.8137432519420997,0.28137766474978065,1
0.18034999999999815,144,-1.5407705700542091,0.8110625478105264,0.254107168558827,1
0.17074285714285306,148,-1.2749104647174414,0.8654895111586973,0.23789866476088156,1
0.18016428571428378,156,1.1432416549076916,1.047051337022175,0.28135937264664396,1
0.2036071428571416,168,1.26731171908871,1.568196862948405,0.2985719940131334,1
0.1943428571428549,171,1.402026723793165,1.902847351682118,0.2573156115936004,1
0.20777142857142547,177,1.4400224938392514,1.4432531492901375,0.2739503701948786,1
0.15725000000000275,205,-1.6540572133180378,0.9722166692955896,0.26193642815202334,1
0.11908571428571284,243,-2.2883852904833133,1.8510470281982208,0.16103182644949923,0
0.12023571428571447,245,-2.3623643692193586,2.1946585750722574,0.1625710259952853,1
0.13127142857142562,248,-2.007336346723416,3.46022721803103,0.15446270893454114,1
0.14055714285714163,249,-2.0058368489764007,2.67960898627451,0.14007089735576486,1
0.1531357142857124,255,-1.3914227295917254,3.233009498774996,0.1455739516311447,1
0.15599999999999778,256,-1.4257078699350307,3.941041822873079,0.14557382112533512,1
0.16099999999999934,257,-1.549391443040928,0.9287297191380215,0.15078511206910766,1
0.1609214285714253,258,-1.6580788699973663,1.2531986439167122,0.1486651203302896,1
0.17449999999999882,261,-1.1221087038364461,1.389936047158102,0.1727948594410821,1
0.25579285714285255,59,1.1070458447920353,1.7490758003097886,0.3454390175496168,1
0.2359204999999999,79,-1.9524030879534235,1.712824858508035,0.32686885773271,1
0.24449907142856983,80,-1.9324211356928722,0.9895749564335333,0.34396307779168317,1
0.16139999999999638,133,-2.3936747176161033,1.4496624414235468,0.2243638009915558,1
0.157828571428567,134,-2.3089516768332956,1.3214763581998223,0.1994038351242467,1
0.15541428571428437,135,-2.3412321082156953,1.689264094803109,0.2083907355232913,1
0.15052271428571576,140,-1.8093983944161822,1.2417171536099343,0.20200069543667898,1
0.14070842857142907,145,-1.4286874657033515,1.348461277895551,0.19588339444096886,1
0.13172271428571694,148,-1.033473031521999,1.2789905856601829,0.18447761826756084,1
0.13008721428571082,172,-1.1180319025090641,3.7209946629490083,0.20804462654641012,1
0.1160571428571363,187,1.355472414018007,0.9743921863718866,0.20135754857966787,1
0.11866428571428449,210,2.1458511980216453,1.8913570450290824,0.1933113255145837,0
0.1426214285714309,218,1.1138157169398135,1.4091593885264937,0.17521365605541506,0
0.14033571428571584,223,1.0934672555625933,1.6380517094772542,0.17374168545459748,0
0.13817142857142933,225,1.4308416298467987,1.6376548878417114,0.17303337917002842,1
0.14531428571428812,226,1.7149953115990701,1.6872148987474274,0.18450947635282286,1
0.13901428571428603,233,1.994322506260349,2.0774581916811545,0.1949570725622987,1
0.13562142857142995,234,1.9802204921594986,0.8701881333658297,0.20038812173335113,1
0.171364285714284,260,-1.0336003601647306,1.1091304359956713,0.2195576444125965,1
0.22854999999999848,46,1.0654478781661048,1.5773117044532678,0.33507414785313416,1
0.22478571428571165,52,1.6759140649615134,1.7764852302119396,0.2982101869048943,1
0.2220214285714255,53,1.912261553037253,2.302041043692063,0.29693448386346805,1
0.2155499999999973,54,2.10612413522389,1.3026135603450004,0.2933835521986847,1
0.2006428571428529,55,2.118396736126654,2.8547140084762397,0.2947198962049074,1
0.21278571428571322,56,2.1823486081590615,2.0258724072640533,0.28151455548391313,1
0.21374285714285537,68,-1.5021798619014501,2.317468869016262,0.29943796013618473,1
0.2317071428571426,73,-1.2130565551577441,2.7521391679159075,0.32210369774835734,1
0.16013571428571335,121,-1.9453603844329206,0.8634091872179247,0.2791479360515804,0
0.1654785714285692,122,-2.1667427137934436,2.092418206628351,0.2823755096285075,1
0.1585642857142935,178,2.1954010218124074,4.826465258682686,0.21649650886774105,1
0.11108571428571322,217,-2.7947796490985812,4.653725980099707,0.16804343095359914,1
0.11108571428571322,218,-2.990645872341833,0.8158239305098374,0.16808974560088175,1
0.11310714285714393,219,-2.9395238640786006,0.9971906356022026,0.16401701531613214,1
0.1234857142857168,220,-2.4977874424300555,1.4247344257729653,0.17485041546027524,1
0.14781057142857484,222,-1.8462071999323462,1.7468851746780953,0.207478387663599,1
0.1485248571428599,223,-1.3776960643842149,1.2312301003279225,0.2046464667997574,1
0.09428571428571379,256,2.607339668418513,3.134675881210313,0.13532642207797907,1
0.09999999999999838,257,2.3164556812904213,1.2631310487991911,0.14228109750319642,1
0.2949785714285724,43,1.4091734206919475,1.1743269873622098,0.45498582871744897,1
0.2320384999999955,59,-2.536205417438071,1.1092433823065257,0.41098098676261147,1
0.1987742142857099,63,-2.226763415721315,0.904063133055568,0.37380937028100925,1
0.13639285714285773,112,1.3732505755820579,1.8108258449886352,0.20795091259387533,1
0.11666428571428915,140,-1.3286895545691242,1.3136379360616386,0.1743140569458419,1
0.0924571428571446,206,1.1693769818998505,1.821073416475408,0.14186807416736727,1
0.09866428571428644,245,-2.228344366337318,2.642065105547989,0.17487452272470483,1
0.10358571428571395,246,-2.078578353039377,1.4788709024017017,0.16557471952910446,1
0.10858571428571347,247,-2.2000118980844943,1.5530189374998669,0.1713586190461826,1
0.11436428571428385,248,-2.023934430524424,2.652302546652351,0.17460294212722843,1
0.12170000000000211,252,-1.115349703385165,0.8915869899699052,0.16898078773050257,1
0.12750714285714082,258,-1.3475236657675915,1.7627915161310885,0.14716197305136525,1
0.1253642857142836,259,-1.4256504051637897,1.692674081537338,0.14665141069642817,1
0.10068307142856879,268,-1.283797842173353,1.334945879392923,0.13554574003805617,1
0.25600714285713927,67,-1.5155315670160014,1.0348274808056663,0.35394779881307253,1
0.23910714285713855,80,-1.3580842243690696,2.0002918201151823,0.35390678254758057,1
0.16879999999999842,111,1.8375774945764907,1.5867763557333934,0.22904640863866405,0
0.17227857142857164,113,1.7430603104279339,1.0629466667255636,0.21133433378132804,1
0.1328500000000048,129,1.1365666493860864,2.386486822905285,0.21827830359205336,1
0.13497857142857786,160,1.4868517310396356,5.156159002310253,0.20541984033630317,1
0.1482576428571422,212,2.536335058943258,3.6214383342498637,0.2536740933704371,0
0.13067857142857114,229,1.3258631683914932,2.2854274499997587,0.24484590310411966,0
0.1463571428571413,234,1.4567339955642609,1.1235987472266908,0.23884590510132753,1
0.14073985714285747,240,1.6883812197874875,1.2529686778123423,0.2480648925071727,1
0.1312184285714295,245,1.5377508160744535,1.0293270574358204,0.2155704657682122,1
0.12978985714285937,246,1.4775647603597426,1.4471693703227186,0.21489691588518708,1
0.1250470000000011,253,1.0620692286048958,2.322667121512738,0.16613318121220524,1
0.3765785714285731,22,1.363603182250474,1.0610411598841862,0.5278100554774835,1
0.24364285714285724,51,-1.200016970045044,0.876269547603411,0.39190753915950055,1
0.19669285714285575,81,1.8472578001183388,2.177850999269523,0.31780291500424745,1
0.18898571428571082,93,-1.9178494848638563,1.5687295161379988,0.32329314478230947,1
0.14938571428571176,138,1.3374164527175605,0.9449461238874254,0.2022348943280905,1
0.1291428571428546,144,2.319309218053881,0.9022261919923413,0.18987724300321737,1
0.1223499999999973,146,2.2934991631482107,3.221096290911381,0.1840122091378581,1
0.12387142857142765,147,2.2311951751036116,3.1820354513287126,0.1839370794006341,1
0.12189285714285754,148,2.181185447536091,0.9441227925022925,0.18496037943687238,1
0.12867142857142863,150,1.8686696531224136,1.6625110719815344,0.1779689235882429,1
0.13907857142857186,151,1.4619141188539782,2.184524085188984,0.2069502459864967,1
0.1235642857142888,184,-1.0941191612910393,1.586662509176834,0.1651296693356325,1
0.11977857142857472,185,-1.2959063983658774,0.8247085071475272,0.172490014237754,1
0.13482142857143384,191,-1.2442562670248902,0.9650985585619081,0.18622305832058167,1
0.11326428571428185,219,-1.3989842052625958,1.3146636545021781,0.1460287768590401,1
0.11532142857142398,220,-1.8031674350032758,1.1852352999003655,0.1339879731285325,1
0.1174642857142812,221,-1.8590830961163094,0.9291119950316568,0.12598877378020484,1
0.11521428571428162,228,-1.6396786708516404,1.039281474067954,0.1377717427683213,1
0.09652857142857231,246,1.4915218053970198,2.46032511207059,0.15534344886209675,0
0.10839285714286007,250,1.9519552351888565,0.8727805715431246,0.16718610562172276,0
0.11267142857143142,251,1.620914302439937,1.0428734499159813,0.1668339506716547,0
0.10905000000000444,260,2.113265746151078,3.585478586704385,0.1686173951886299,1
0.10834285714286043,264,2.2931179997341777,1.2168851057959382,0.17558415632079757,1
0.1090642857142886,265,2.4303082736581296,1.6971803820542732,0.18269090509743127,1
0.28540000000000176,36,-1.2662441510131186,0.9047732910156028,0.4511602241543003,1
0.2789785714285732,37,-1.423590631339997,1.2585938514271577,0.44777563773588114,1
0.277550000000001,38,-1.5868587782468757,1.102184252930718,0.44780485195028613,1
0.2621785714285717,51,2.238640425382423,0.8223239154293648,0.34970237484794214,1
0.2621714285714266,53,2.28370434480653,1.1500512359973203,0.3586187417748577,1
0.25960714285714104,56,2.122209758264492,0.8937559098194073,0.3689541308940143,1
0.25532142857143064,60,1.827532435942512,1.879346635008127,0.37489651139442787,1
0.2431714285714313,62,1.7233147737579628,1.3808114123954986,0.3667868468621604,1
0.28050714285714456,63,1.6306758989421173,2.487735250386439,0.36618565234917805,1
0.1876928571428554,92,-1.565126452333714,0.8699671281438065,0.3048258275000277,1
0.18802142857143167,99,-1.6005465396580394,1.7761729934561947,0.26541680069099405,1
0.1859357142857192,101,-1.4628210975329532,0.9320822379948392,0.26945872596553705,1
0.18736428571428934,102,-1.2406623385185143,0.8240858638676738,0.2721463502367247,1
0.22174285714286107,165,-1.1776397247722488,4.371411282962375,0.22484740521871638,1
0.22654285714286207,167,-1.6831542597487414,1.0233634216172511,0.2208449029153854,1
0.14075000000000312,188,1.8928001187700063,2.1694647422411757,0.21277416836481375,1
0.19282857142857374,204,-1.624224053076204,4.005484530573383,0.21357305025620993,1
0.20025000000000098,207,-1.9588162686194086,0.8232041056561452,0.22870493458155294,1
0.12666428571428412,244,1.2983638971078668,1.1613632687198132,0.16744496409892629,1
0.11054571428571235,254,1.2758322117905425,0.8445332331834553,0.1513387251488163,1
0.1007171428571354,263,-1.951821364319707,1.5798796640312844,0.1545341495826588,1
0.4947214285714279,15,-1.5922505401490756,1.101974278721283,0.6540669165660602,1
0.4776214285714267,16,-1.6766419028151287,1.0416432099363626,0.6705013218054419,1
0.2165114999999998,61,1.545535366473638,1.117521353337028,0.28279661672445355,1
0.22082578571428663,63,1.6440276455306069,0.9023306600874846,0.25056218166553357,1
0.22654007142857122,64,1.6965571967548094,1.0278955942466645,0.2521185026518314,1
0.2547543571428556,65,1.8255866211304201,4.608567088621554,0.26431229133100537,1
0.25975435714285716,66,1.9407719750792412,1.0014440970305019,0.2585582653829788,1
0.24904007142857104,67,1.9624963185474504,1.4891925780435258,0.2624323172870576,1
0.19492142857142522,90,-1.25375101233722,0.8137110630598962,0.32225429705497866,0
0.15427857142857096,122,-1.6109266138101221,1.2291641920241472,0.26316769660207084,0
0.15504285714285565,132,-1.270703614635359,2.5877363007322254,0.21384921219352485,1
0.1557571428571407,133,-1.1294606208559734,3.0619376815110755,0.19785055536654464,1
0.1397785714285748,146,1.127150597336788,2.0336850173779495,0.17262979487316032,1
0.10948571428570883,163,1.0154966477180427,2.578291661274908,0.18068648872484952,0
0.11884285714285577,180,1.3050267187735318,1.0418125499927517,0.1441259405696813,1
0.12558571428571547,186,2.931641215464101,1.485148194582591,0.1686897749815176,1
0.1177714285714241,190,2.3974257408399566,0.8107992432241621,0.1728179399191792,1
0.11289285714284907,197,1.4259188942018974,2.0537485367065433,0.16968101341857467,1
0.1094285714285661,201,1.0226071234986678,2.024700711872086,0.17407952669569288,1
0.13718571428571483,216,-2.320954796374213,1.1485885410862753,0.1723420860129595,1
0.13252857142857163,221,-2.0535352668851643,1.7467036442364192,0.16868532528080368,1
0.13752857142857117,222,-2.075188703627914,1.255383467381218,0.1693646592874117,1
0.1216214285714301,231,-1.299033232655609,1.169933786253582,0.1822544848349215,1
0.1262357142857147,232,-1.2500435890403359,1.5695027240838808,0.17381051266221764,1
0.39271428571428707,17,-1.3949046733938477,2.211655320984397,0.4550329267103187,1
0.38995000000000096,18,-1.3772574413158367,1.0785969578001628,0.4495654075959335,1
0.22662142857143003,48,1.5656684187025116,1.5001670929024122,0.3798177304863141,1
0.2293071428571421,49,1.6917072774507704,1.2374446074753203,0.3837059302889861,1
0.2160142857142883,69,-1.4347964168837593,3.3789393201398226,0.32260642988128724,1
0.2124428571428589,70,-1.712330745925814,0.9414708888589071,0.3042044854398845,1
0.19911428571428352,89,-1.4081092022540918,1.5483300541846183,0.28059985175493823,0
0.2014571428571433,94,-1.2769249368491813,4.719827923704767,0.2731586967389963,0
0.21086428571428378,97,-1.5099031031802963,1.6958380258151258,0.26571799704202725,0
0.16124999999999748,138,-2.720533935172857,1.033453074051354,0.23700452196277477,1
0.16173571428571165,142,-1.6034551703902855,5.0636931763193695,0.23466991001292778,1
0.13184999999999597,177,1.4775197957133432,1.58630835306831,0.22386808772004219,1
0.13855000000000725,202,-1.6341398532733362,2.848530425804916,0.19552666959263143,1
0.135307142857148,207,-1.6556677724061422,2.4012315067300753,0.16785402789531254,1
0.13923571428571993,210,-1.6284353526730435,2.9318686758391475,0.17149170557068247,1
0.12275135714286023,226,2.394026723294781,1.230776042985061,0.1992024282694832,1
0.13272142857143113,242,1.0516904183322044,1.0864613329070236,0.1890650676194035,1
0.12592142857143276,245,1.2664066794098707,0.8558431645992115,0.19045487625140956,1
0.2657142857142836,36,-2.303450457811374,1.287902887325007,0.5016544342181394,1
0.24715714285714188,37,-2.306398982568143,2.2805792468515684,0.44671899361600054,0
0.23542857142857493,71,-1.0581052858079016,2.34774038249738,0.32531695026462143,1
0.23400000000000482,72,-2.1404664382672784,3.021087038837703,0.3175686476203872,1
0.23316428571428918,73,-2.6074241575625074,0.8466083056901464,0.2975512919842623,1
0.2292714285714307,76,-2.1619553179033915,1.5152187085326003,0.3006336949007948,1
0.23215714285714334,77,-2.147527782541041,0.9315374865171036,0.29669205438292584,1
0.23501428571428765,78,-2.2770652141796655,0.8014610146038437,0.29736491279025096,1
0.2192785714285707,80,-1.9445449018435108,1.06380951745077,0.3010241611903275,1
0.17023571428571366,131,-1.8413274331612115,2.7165259433187674,0.2929923113646148,0
0.17880714285714053,132,-2.788969915137815,1.1448392325133683,0.3063329332797005,1
0.17104999999999798,133,-3.025706872358608,0.9346728571647922,0.30425264173024413,1
0.16889285714285457,134,-2.979929067032322,1.2375845278670439,0.30454316659233915,1
0.19016428571428484,136,-2.308686489185597,0.8700865166660328,0.3296239062127102,1
0.20322857142856776,142,-1.2240215538947203,1.0131108157585782,0.32265939010122885,1
0.18583571428571183,145,-1.0894578246532427,3.454168594764333,0.2913601046292688,1
0.13982857142856833,173,1.673679354229248,0.9846027672837319,0.2195474327772986,0
0.12030714285713932,196,1.1180251401403174,0.9491590016884848,0.1878788066828549,1
0.11242857142857028,201,1.1392972080035764,1.243458323838188,0.17016589557925405,1
0.10957142857142799,202,1.0184978845299861,1.5369976268162286,0.17227105650319763,0
0.10932857142857293,210,1.9319741973655,1.0518861984643428,0.16634832849468498,1
0.10817142857143024,211,1.8756318640983893,0.8487938444613483,0.15035429201012154,1
0.12025000000000066,217,1.5581748116286551,0.8043180857526671,0.15556036421751182,1
0.12299099999999694,233,-2.173634477337294,4.1087418658233235,0.17396150661527549,1
0.12599099999999705,234,-1.9509520173826052,1.22247621037054,0.1780749524642352,1
0.131607142857147,258,1.9309282334387554,1.6633707988773234,0.17721287253034493,1
0.31471428571428206,34,1.4788369191879198,1.7653387268166671,0.5568168872165656,1
0.2690785714285714,49,-1.1691568860414179,1.0254246782039078,0.5122199381485429,1
0.28229285714285723,50,-1.3897879290933457,1.0439875273693,0.4589105236511011,1
0.2858642857142866,51,-1.5587420044316973,0.9381943281827478,0.4564886846569257,1
0.18810714285713864,77,2.123002807922657,0.8157980001376552,0.3372657472315597,1
0.1342500000000046,116,1.2818738539646648,1.4053022171181522,0.18839143150482854,1
0.12427857142857388,149,-1.9184066102344182,1.432357302398486,0.18584962167176844,1
0.1159142857142866,153,-1.6622574615694952,0.964460306119589,0.19580796103366474,1
0.11184999999999791,156,-1.0338093367147971,0.8514454157943933,0.20605724547262874,1
0.1268785714285668,170,-1.3155638464978623,2.421670407054409,0.18981399977067562,1
0.13902857142856614,171,-1.9653214528105074,4.93209789663089,0.1991637151330583,1
0.1442714285714268,181,-1.3460189450595208,1.2803429434501072,0.22572467688261513,1
0.15070714285714157,182,-1.3954886643914923,0.8617649483861288,0.2256220481634138,1
0.16762142857142642,201,1.469222760679417,3.0732208954316524,0.22966799870461785,0
0.1615214285714249,208,1.8717486828515841,0.8723064025387907,0.22665729095367357,1
0.14963835714285625,213,1.772268347566344,1.1666393183972208,0.22128183407162494,1
0.1392812142857147,214,1.8423056487217224,2.726487367000705,0.22108538897842914,1
0.14334550000000132,216,1.9867944316973907,1.9022878624726351,0.22413207505624452,1
0.14619464285714148,219,1.7009593653892585,1.9205366179571302,0.23620052205429012,1
0.10570714285714189,256,-1.3697574606201002,2.870122948218209,0.1327560860598429,1
0.10992142857142946,257,-1.3958694947284522,3.3129254394067518,0.1318668980827261,1
0.10988571428571195,265,-1.2367572000415863,1.9936803959370268,0.12768792378174187,1
0.11196428571428539,269,-1.4284524206968514,1.0410895984503923,0.12328735969140245,1
0.15275714285714262,168,2.881436155086716,1.7101792116381238,0.21346436585544223,1
0.13897142857142544,172,2.2244594301164744,0.8181632621253325,0.20972762671447434,1
0.13877857142857206,178,1.6558768699068136,1.1053491570745944,0.18582184821395933,1
0.1199642857142911,183,1.5212353540949939,0.9195214267947117,0.17956283651265256,1
0.11733571428571363,200,-2.5062194108946816,1.0886478790132061,0.17950691308730463,1
0.1280071428571432,203,-2.784723375434828,0.8964582321480465,0.18798814331280425,1
0.11320714285714521,253,-1.5133559885073615,0.8696809482940101,0.18379177899357052,1
0.11892142857143183,254,-2.386573227521828,1.534280228490036,0.18520418351378803,1
0.1235642857142888,255,-2.7345996747056702,2.3306006252829277,0.18364291151030782,1
0.38137142857143097,36,1.0070243584609582,0.8670094904011061,0.6077103368374139,1
0.1620965714285733,151,-1.3837411374911868,3.3268731731813594,0.23303752168678096,1
0.11083571428570897,178,1.9509338498009066,2.139786499948491,0.20042141134132133,1
0.12385714285713943,181,1.4517050167658998,1.0223738784142435,0.20632007906483282,1
0.12161428571428091,184,1.1778703558023789,1.2723151260772254,0.1987058631755957,1
0.1256571428571403,187,1.0949069338212432,0.958481816690018,0.17651080615490825,1
0.13329999999999537,190,1.0641419140354005,1.0901826856214263,0.1765330624896985,1
0.13387857142856976,199,-1.4487437062506217,1.8392606782705971,0.17425446597069658,1
0.136021428571427,201,-1.9601233075280926,5.2755884983985695,0.16990747851894478,1
0.16325000000000095,255,-3.129194560945409,1.1451470480613513,0.24864595047807922,1
0.1644428571428591,257,-3.2012847676392844,1.5036290438625297,0.25431414696311205,1
0.2056571428571447,62,2.6862414157655166,2.7140448285231384,0.34526166661843394,1
0.20416428571428874,63,2.642640357383522,1.7380149115489576,0.32600291653731156,1
0.19773571428571707,64,2.344954887047942,1.334083537905494,0.3264810027755617,1
0.19744285714286036,65,1.7996829986054996,1.7468000572410267,0.33344525869705754,1
0.20815714285714446,66,1.343804459583771,3.2797119298265534,0.325622542880408,1
0.21267142857142574,74,-1.634848316939078,0.9070756004172091,0.3533546245435903,1
0.1292999999999986,156,1.1874830127023748,4.87697646064989,0.1871596028882264,1
0.11822857142856995,176,-1.7757350294858445,3.1339385642132904,0.16152582768993012,1
0.09977857142857463,220,2.0548734242907702,0.8227406317681092,0.14594096337297288,1
0.08329285714285918,243,1.3004841130101032,0.8715009075295889,0.14980879288834958,0
0.10245714285714566,244,2.2632867592084,4.744179258382311,0.17650477516735577,0
0.10965714285714714,245,2.8724847494751393,1.621042752899172,0.17664457528280866,0
0.11332142857143067,246,3.0375939217806684,1.3304889805214513,0.17530396048084554,1
0.1163928571428597,248,2.6904660143303287,0.9815543278085195,0.16832441946767054,1
0.12209285714285809,249,2.6246799245592807,1.8151793670303846,0.16901938443462608,1
0.14135000000000073,255,1.4745970042810579,0.9717790747672649,0.18937424774202746,1
0.14778571428571347,256,1.4446304769881342,1.0736365899764237,0.1823900590720569,1
0.15302857142856802,257,1.5278748482740672,1.2897504007756322,0.18516368851889378,1
0.13659999999999733,258,1.50370673524487,3.362351939981151,0.186669686789256,1
0.14457142857142255,262,1.132742167514421,0.8192705422858412,0.19671509109144,1
0.19807857142857138,63,1.6596733979935747,1.4868494864725368,0.3149333690446311,1
0.16184285714285604,77,1.4874501336494792,1.8492350635426793,0.29337715589231916,1
0.14854285714285506,79,1.5839666919395579,1.5409506667083288,0.2823960155404448,1
0.15997142857142624,80,1.372840400724945,0.8164534839896077,0.2848257936425118,1
0.17246428571428193,81,1.002555403670472,2.3628321701087347,0.29624699269886445,1
0.19327142857142934,96,-2.143140328082574,1.1630907409355384,0.31543217678563984,0
0.21322857142857085,102,-2.299915196684745,1.040726344648077,0.3392558627517621,1
0.1903285714285699,105,-2.1970332492785007,2.3480348460490053,0.33778626694708136,1
0.20603571428571246,106,-2.314765914395941,4.255216470094422,0.34133008377079027,1
0.20032142857142585,107,-2.3174781733594365,1.605912542910578,0.3368408844668199,1
0.19977857142857097,110,-1.857931332154204,1.8904585106269265,0.3281623820276593,1
0.20394999999998983,138,2.236310230229511,1.9027370254511649,0.29578661353937546,1
0.13708571428570945,170,-1.7231377680514788,1.5801613331896636,0.17858999301757855,1
0.12916428571428387,171,-1.6854383793808068,1.4596219305626805,0.17187519249580197,1
0.12440000000000039,173,-1.5143064855053838,1.0324962272267222,0.1593147822213971,1
0.12474999999999982,175,-1.2447455338186468,1.6936532202153862,0.15960327687682127,1
0.12148571428571538,208,-1.5032732660878705,1.1699841812101162,0.1836405356624302,0
0.12055000000000048,209,-1.8608434527143904,1.1749099250189197,0.17520986287724455,0
0.11629999999999947,211,-1.7381401447298614,0.9385345992676806,0.1676894538216383,0
0.11529285714285566,213,-1.5925874495177672,5.28457728737315,0.16811454754490276,0
0.1115000000000005,260,1.8753488036923212,0.8648308109067939,0.1579711991436525,1
0.24532857142857267,52,1.8215353487726755,1.3256951071449472,0.4859562090227207,1
0.28496571428571016,60,-1.1365298410092874,1.1002781471332541,0.4928515829593094,1
0.2822157142857102,61,-1.3564484935571155,2.8327690355080466,0.48834078332468334,1
0.30660857142856507,65,-1.3365213314308508,0.8456557198196462,0.4807861668412922,1
0.29567285714285113,66,-1.1922994711912906,1.3178015792590456,0.4823003181126109,1
0.23309285714285213,85,1.8691964277072377,1.2907104816014083,0.3721985977969242,1
0.19978571428571001,91,1.577082903824141,0.9782285365566843,0.3069232919494906,1
0.18391428571428037,95,1.2600651510613536,0.8397261103664768,0.2978114217033649,1
0.18891428571427987,96,1.2093673324642626,2.658410254861864,0.3013023964091061,1
0.19329999999999561,98,1.0518009034190205,1.096531528535956,0.29983868975667344,1
0.15807142857142814,175,1.5261314143284912,1.3457007701751051,0.2473412222323935,1
0.15012142857142813,179,1.8995187916135203,2.9204478872692174,0.2362872137098411,1
0.13158157142857516,185,1.3295217842661566,0.9931928863114987,0.22084668914930672,1
0.10899285714285968,215,-1.0870107307871508,2.8885456606714697,0.14833940885637426,1
0.1287071428571441,221,1.0424172565819634,1.2903275602874926,0.18382637524627057,1
0.11274285714285424,251,-1.407650099525549,1.349848554913937,0.16840206114146053,1
0.11938571428571265,255,-2.0945288819171095,1.1644440575312387,0.1489542412706225,1
0.11724999999999852,260,-1.3089008945544756,1.9984640269369058,0.15101524043879921,1
0.39201428571428415,33,-1.0743133911794374,1.6895620091103452,0.5245059482494573,1
0.32287857142857085,39,-2.2989393931250612,1.6327837512445742,0.5030336097883937,1
0.34251428571428527,41,-2.8617356436436587,1.003662152565333,0.5206595704543974,1
0.34822857142857394,42,-2.785388055974882,1.4717177361173552,0.5148413850175462,1
0.23124285714285772,68,2.1328677089364976,2.738623097125304,0.4726604072775923,1
0.22582857142856685,71,2.4993477452720056,4.69583447229864,0.4245094517311978,1
0.19923571428571205,79,1.5454810045958485,3.0550948108169305,0.39211889892165575,1
0.21477142857143047,109,-2.018135431310351,1.362511443156063,0.2889748127854305,1
0.20763571428571684,110,-2.0962777740613183,1.88470177452574,0.2667074267634863,1
0.22090000000000437,111,-1.9930267706482732,0.853965745502995,0.28275550098618474,1
0.21241428571429058,115,-1.4997324336040323,1.290692570914212,0.2846758560191094,1
0.21490714285714724,116,-1.5416326636054793,1.4188400958166514,0.2892505401462759,1
0.1807428571428602,122,-1.0052813707020836,1.0984469411339164,0.2888036718159641,1
0.1746142857142863,123,-1.0655593084429738,0.8409192587466408,0.3011283903893008,1
0.16316428571428382,137,1.7422071237609207,1.0624408446467064,0.3052545925217492,1
0.15334285714285606,141,1.7746489654055309,1.9835057648875218,0.25874494867139936,1
0.10496428571428242,169,-1.5173065169259765,0.8462481222676717,0.1947696742545485,1
0.10387142857142757,172,-1.7448115763734402,0.8160029062567762,0.19538953300106518,1
0.1046857142857119,195,-1.0920430011512985,1.1230830031704304,0.15751800174279917,1
0.10573571428571224,202,1.1933967185612804,4.789003405881009,0.16648597832288595,1
0.10465714285714155,204,2.338674462789397,0.8370883414202663,0.1726045906784791,1
0.10421428571428594,240,-3.2471154426711255,4.722710048738701,0.1500368387376688,1
0.10135714285713757,254,-2.1474821879011032,1.1315903001016572,0.14385501269867218,1
0.11064999999999461,255,-1.7447753228553238,3.861935658754314,0.17323315555290145,1
0.11959999999999736,261,-1.5485294406188723,1.7593997087080888,0.1943346998592643,1
0.12616428571428578,269,1.192956790329104,2.984007458852662,0.2157021324620078,1
0.2746000000000005,54,1.4858353467344096,1.4277976942702406,0.47705316171017903,0
0.22418571428571202,60,1.7037970587304532,1.1530531101789383,0.39007176899964985,0
0.22917857142856843,61,1.6786954926224622,1.862171823645118,0.4032933790271674,0
0.24274999999999686,62,1.4483528920522633,1.2136015414776522,0.43855956116505274,0
0.25417857142856803,63,1.3152188316338653,1.2209140663235145,0.4385492482518147,0
0.2330499999999956,80,1.8656422505053116,0.8430232944538656,0.3565881032906976,1
0.14928571428571452,116,1.3041333974532932,1.0123565421592342,0.22226114453553691,1
0.14407142857142624,118,1.5594300357555786,4.346029012112505,0.2080110921995044,1
0.14607142857142769,119,1.473704704397475,3.3124647878656877,0.2105308765451019,1
0.15392857142856947,120,1.6184854492735117,1.7692386842395347,0.21607669142519395,1
0.16107142857142417,121,1.8706303077259172,1.4745033733277744,0.21639957492199607,1
0.17612857142856747,122,1.7426076106554973,3.11007494996156,0.22353824151603535,1
0.18363571428570985,124,1.7747524996292767,1.5572694942915273,0.2332713409112512,1
0.18798100000000165,170,-1.6765491011366518,1.4628195769312222,0.25215459895833425,1
0.19148814285714316,171,-2.282265118597873,1.3830881529833572,0.2658557279108409,1
0.1988214285714268,175,-2.1728983589205426,0.9818914394923278,0.24221662978663758,1
0.17074999999999818,205,1.3893202333891312,0.8913272028915841,0.24345713730092994,1
0.11091428571428505,246,2.974236218675512,0.8469434868682868,0.14149334009992326,1
0.11853571428571488,253,1.1423635330864972,0.9392644071327028,0.1542202703164305,1
0.1158499999999967,261,-1.7309112481323252,0.9588295990476641,0.16612944921400474,1
0.11387857142856563,265,-2.5690998125787936,2.0733423957958257,0.17078438989121097,1
0.19662142857142278,78,1.0437639085891368,1.2542018909320907,0.2973668200686798,1
0.1866428571428571,102,-1.5396017038525067,1.8662263856770818,0.27723625840243066,1
0.17450000000000085,103,-1.913839538498727,3.6792858743872507,0.27367517161656335,1
0.15243571428571354,123,1.4249558300841962,1.5942206430440191,0.25678941163137675,1
0.176714285714287,136,1.2790277059749002,2.1150301576185537,0.22499701052431714,1
0.17797142857142895,137,1.1929808102560413,2.6968746054851964,0.22370246442801572,1
0.13230000000000075,162,1.3872909280009693,1.4734659050856567,0.19737664197849755,1
0.08443571428571366,194,1.1025990430105708,1.1464151004242715,0.12122946495031227,1
0.08294285714285975,203,-1.3675746858001794,1.2883980336569896,0.1328723487361117,1
0.07830714285714586,206,-1.987225956086627,0.8662518299250919,0.12759662153964407,1
0.07760714285714901,208,-1.7757572213452033,3.1407353774475553,0.12715347815543807,1
0.07292142857143144,210,-1.7938591785475408,3.2767215163487653,0.12985831786443605,1
0.08758571428571875,211,-2.1023028998787083,4.041974150224339,0.15172503429226217,1
0.08968571428571741,212,-2.2732952589385294,1.591097526341558,0.15109428512022874,1
0.09052857142857208,241,1.5483461543518877,1.245539463854349,0.17999869703714239,1
0.11227142857143235,250,1.2974720003580447,2.096488437725727,0.18279301894490357,1
0.11223571428571688,252,1.7423551095104342,1.903804797679131,0.16897308749374199,1
0.11992857142857563,253,1.96387525055211,1.4536209154535158,0.1622037778289993,1
0.12171428571429033,254,2.1699385618952616,1.595906851010563,0.1637835919939953,1
0.11313571428571834,257,1.8388130862885101,1.588298875944657,0.14462343203017267,1
0.24273571428571472,35,-1.165737116475113,3.082348913800172,0.4276830973380753,0
0.24294999999999942,36,-1.5159747538118384,1.2530725655132695,0.39967557581779595,0
0.23317142857142617,40,-2.2920781698811576,0.8718538428088878,0.35351821361042957,0
0.2511714285714248,41,-2.380833101532127,3.7057426310969204,0.33116994449126047,0
0.2486928571428584,46,-2.0617095833221923,1.3925631583292448,0.31770891003863677,1
0.23616428571428724,50,-1.465283043046081,0.8116151685215132,0.315745451360565,1
0.22522142857142619,67,1.3194218736042715,2.013041791240315,0.32287706714060993,1
0.24200714285714145,68,1.2183510742495864,2.560767317998685,0.32486547255426557,1
0.1365642857142839,163,1.702028829626801,0.9171380571681285,0.17440246292994382,0
0.09945714285714555,184,1.6756967273763788,1.7019288880144998,0.17560243542438714,0
0.10374285714286,185,2.0771639721725594,1.0767792940947416,0.1744899881473715,0
0.09701157142857905,189,2.0661220565592613,0.8798799557836456,0.15134215909747303,0
0.1002258571428659,190,2.1532175409737584,4.9259150376974565,0.1496364715431783,0
0.09716428571428944,217,1.3143115322172028,0.8856362051189111,0.18457025113824965,1
0.10475714285714689,221,3.071317414128686,2.0528702194717074,0.18868948707997124,1
0.10326428571428892,222,2.9374610420795437,1.7236713139245874,0.18772288323992584,1
0.10242142857143222,224,2.902736009675998,1.1108538372608892,0.19136813606171105,1
0.10597142857142826,226,2.390552413796201,0.8307994282486297,0.18707434087180058,1
0.11004999999999703,229,1.8437490611572602,1.0788638448410188,0.16633461359537097,1
0.27724999999999717,31,1.7143351283809873,1.1237152545611726,0.4160954546921483,1
0.23999285714285787,54,-2.318414720562914,1.3091308962698025,0.2954059563450229,1
0.1547428571428599,95,1.7886337857435841,2.5749743542893486,0.28922122443099113,1
0.15831428571428724,97,1.5698528969531813,0.8007557712271589,0.3063943630862146,1
0.1704571428571435,101,2.2660260079040664,2.2087398619791814,0.2715920592786924,1
0.15847857142857638,125,-2.387229334526874,1.801832248654342,0.2495526220995988,1
0.1656285714285762,126,-2.654989011777517,1.6229266149666117,0.231610020434849,1
0.17352857142857456,127,-2.6850817312368327,2.4780090148870544,0.2307051792388114,1
0.1729214285714298,128,-2.651607678892224,1.0986659856310999,0.22983135731732043,1
0.13540000000000013,136,-1.1781341328342108,0.8670263959040286,0.23957083312764296,1
0.13132857142857038,137,-1.0773897006615687,2.6273439895497566,0.2319730334663356,1
0.13164999999999946,165,3.170923000398621,3.3456578413197904,0.2164735237855659,1
0.13039999999999857,168,2.7492125988009524,1.0106084804371587,0.2215515641400366,1
0.13718571428571483,169,2.560280413552659,1.2263560658397463,0.20490617976601555,1
0.1576285714285705,171,1.9913111110631865,0.9412728529906074,0.21087501847594425,1
0.08567857142857147,196,-1.0980344578539334,2.774405472459253,0.16284979970525468,1
0.1264214285714311,204,-1.4104503529983743,2.3391695914468253,0.21106592638997926,1
0.14341428571428796,205,-1.714725393040237,2.843283481714172,0.1973842685007065,1
0.14268571428571672,206,-2.0271849055758597,1.3479511167771538,0.17797821735685732,1
0.14554285714285697,207,-2.271300469882943,1.8795724610091027,0.17588132357811853,1
0.1441214285714279,208,-2.2993351776250712,2.4921577812859543,0.17491642189416604,1
0.15204999999999863,209,-2.1222579998216813,4.252449817306394,0.17483624514921628,1
0.1474071428571396,210,-1.964661489602264,5.237659747897412,0.1749506098812663,1
0.3795857142857163,23,1.0524451994645156,0.9020919322340619,0.5467964691462728,1
0.2042714285714311,80,-1.735374732454355,2.6039391169933235,0.29619391584848365,1
0.19328571428571756,91,1.0662122113254628,0.8555136539934054,0.32102369134820513,0
0.19743571428571727,92,1.4918628088267827,2.372677340921289,0.3219759884011509,0
0.1902214285714296,95,2.206148165826221,2.993948245001312,0.313096305085365,0
0.19378571428571792,98,2.2587269657453963,1.2243964282967503,0.2918696953178717,0
0.19985714285714704,100,2.04243590569495,0.8261107420318058,0.2958071892253833,0
0.20076428571429364,102,1.6800269513445198,1.1476377521915158,0.29110779285973554,0
0.19332857142857815,103,1.5140720376068793,1.019556208971615,0.28919957091996357,0
0.1786857142857201,105,1.1387565061641958,1.354843613084473,0.2839079820356087,0
0.14606428571429067,129,1.4036189821955922,3.7347389159107753,0.2475181106871133,1
0.1603500000000082,132,2.4935506585112157,1.8938586572390166,0.23770142090000612,1
0.17427857142857914,134,2.3493097995957806,1.6343665336286661,0.26197520470456886,1
0.19071428571429092,135,2.28166386596442,1.0122900247251418,0.25238642140005374,1
0.18642857142857647,136,2.1653568440376967,1.047992781791245,0.25147683074549454,1
0.1900000000000038,137,1.9647275272100715,1.4815610824650698,0.2540712869631208,1
0.1975000000000031,138,1.8272774718079565,1.034264087815567,0.2545465576505315,1
0.156807142857139,181,-2.497732563754499,1.831371673164231,0.21995703977303296,1
0.16527142857143165,201,1.0007480035529568,2.5026969043643796,0.2577804419341647,1
0.13720714285714614,226,-1.4062128858544416,1.2583227164596706,0.20673004399123623,1
0.14900714285714806,227,-2.6391453754248553,4.348136709572661,0.19674567958017344,1
0.15936428571428962,228,-2.8695524689682923,1.512561274170655,0.19312919389422153,1
0.2921428571428594,36,1.7874865914383542,2.617935378913383,0.5559594055417006,1
0.21105714285714328,88,1.2300570741615209,3.6343479377878194,0.3137098160832343,1
0.2149857142857152,89,1.8202152030913066,1.7679696221553804,0.3152961077683093,1
0.21516428571428645,90,2.2550747104576954,2.6840915785024744,0.31384129426955343,1
0.22143571428571615,91,2.32132458937033,1.2226254234489777,0.30895469007871923,1
0.15045714285714343,120,2.2211191796167182,0.9897540527421169,0.2272783105513509,1
0.1594142857142852,122,1.1151970847091461,0.8435103677075649,0.25198904824337465,1
0.12777142857142718,167,-1.023785647427919,0.8039358308861043,0.19325579317129157,1
0.10632142857142769,180,-2.4091632359078985,1.8562645950625472,0.1782569255655156,1
0.10164285714285727,181,-2.4619255501107897,1.4985039213526865,0.17134077589969457,1
0.101307142857142,185,-2.1441382465498853,1.563860751524324,0.16932958791426392,1
0.08091428571428187,213,1.0049439406435434,1.5917650688669154,0.14139504346892207,1
0.09985000000000355,228,-1.7165359901570438,2.110302095298132,0.11772554476936783,1
0.10239999999999684,244,-2.3085434476865645,4.0369785183532585,0.19635398294083048,1
0.10294285714285577,245,-2.7205860211173563,1.318490867908116,0.1961922446931351,1
0.1054285714285673,246,-2.5557242546810537,0.8099752153531652,0.20343334851896527,1
0.11421428571428294,248,-2.581136343585658,1.6805110334860915,0.20570628545146746,1
0.09140714285714223,255,-1.6679076226629512,2.467844484358837,0.1937862976348103,1
0.2666499999999985,31,-1.1576875101034447,1.4237509855441624,0.4850159892185489,1
0.18358571428571427,69,2.067901153995685,0.8093389385608021,0.3196569378420823,1
0.1804714285714287,95,1.1359394177492097,0.9574785032501122,0.2707993963202475,1
0.16084285714285734,100,1.4113613362308643,2.106892371173554,0.2557431591415101,1
0.1438928571428631,128,-1.7558394525958796,2.8281406868687915,0.18738161112100574,1
0.14460714285714818,130,-2.4678961673531967,1.7111319005006498,0.18244774150730006,1
0.11819285714285652,164,1.5365450284027433,3.016661968360427,0.149660928446186,1
0.11081428571428985,170,1.7794087667466554,1.1521564268547255,0.1558347105620974,1
0.12426428571428971,171,1.7900309934791556,3.334377745789156,0.14964550396418286,1
0.12045000000000121,174,1.7938766174640628,2.802810576678893,0.15370431725778427,1
0.11652857142857036,175,1.6349787775290898,1.3839775472337774,0.1595882528601785,1
0.09976428571428235,198,-1.118464687275607,1.1796545129882294,0.1675194062187071,1
0.1057565714285695,218,1.4401236575807939,1.500564061008555,0.16360314992253774,1
0.1064779999999997,219,1.6415233674494702,4.96706606595056,0.1605574620639794,1
0.12025714285714376,249,-1.427838567688835,4.425577360786036,0.14557226944886076,1
0.0878857142857145,263,1.8180745344560865,1.5490336458755243,0.13322971096504652,0
0.09347142857142947,266,2.3523861954227194,2.1939287231807687,0.12296639022433127,1
0.289357142857142,22,-1.1116950757577466,1.1217612599935154,0.6381058550775222,1
0.2680214285714279,25,-1.9116486341258587,0.859463179689784,0.6453000081574461,1
0.2651714285714287,28,-2.2259122319087767,0.9202090878036924,0.6418624321967529,1
0.2701714285714303,29,-2.3548838378339254,1.2450050569844122,0.6456539280451199,1
0.26979999999999954,30,-2.0471076212952286,0.9610864221277864,0.45416781584807453,1
0.15841428571428043,62,2.499128306726363,0.9587760023186659,0.2705270109075981,1
0.1612714285714227,63,2.8218381451593553,1.1161216483903096,0.2719507825480675,1
0.16225714285713927,92,1.6818608815134766,0.8884993450431085,0.2978871405804291,1
0.1346142857142841,99,1.9378686642983147,1.6330255828700224,0.268084011744554,1
0.13930714285714885,110,1.2639055464691726,1.1607281909760996,0.20496185626693803,1
0.12197857142856858,127,-2.0844487038683814,1.5652976938616088,0.19019635703052767,1
0.12912142857142328,128,-2.249754855077759,2.0966158692274375,0.19407301531102544,1
0.12646428571428356,134,-1.0432571297089108,1.4488564406925568,0.18409096299039512,1
0.1159428571428549,181,-1.889780865583566,0.8268520641690061,0.18744639727577003,0
0.0991357142857124,194,-1.515836257692252,0.8623747302903783,0.14543093170743107,0
0.09846428571428589,201,-1.314946366968299,1.2796667641601525,0.13809900119995264,0
0.10727142857143283,204,-1.4093114317463473,4.589093711053422,0.13535371772555163,0
0.1079857142857179,205,-1.519521821545471,0.8005594187524281,0.13530139502184044,0
0.12522142857143187,222,-1.0981725590294995,1.152357061902655,0.1395194955777227,0
0.12463571428571438,229,-2.4336974759610985,1.482524670365439,0.15393139179930085,0
0.11649999999999798,232,-3.1791163049282307,1.2175111097533042,0.15774629890478492,0
0.12268571428571054,233,-3.2721672421864025,3.0785585847122694,0.16091574056699287,0
0.11839999999999609,234,-3.175634168406898,0.8453500371293362,0.1557887211674817,1
0.15345714285713946,240,-2.1779889129788303,4.25530211767653,0.21509857461998727,1
0.15488571428571163,241,-2.1296744003667403,0.8269586365732361,0.2207121591851653,1
0.2726857142857203,32,1.3868703198461019,1.5715404990539237,0.4861446069133636,1
0.27160714285714754,33,1.588981335428837,2.7009111461967175,0.47011476524319107,1
0.2286285714285705,55,-1.685879458669182,1.3189516307339515,0.37310360606021076,0
0.16116428571428035,93,-1.7928003933336276,1.381982669624952,0.2704683230022156,0
0.153414285714287,97,-2.1209716919158894,1.4529064006221788,0.22428732547684482,0
0.1601285714285743,98,-2.4303234810780667,3.3684482273560956,0.23598912484270088,0
0.1637000000000037,99,-2.5578728863597964,1.6341389113324223,0.236098389780523,0
0.1688000000000045,101,-2.517718040500437,0.866729279624715,0.2204735721553959,1
0.18595000000000336,102,-2.6330773758604535,2.270248940950016,0.22941495990016234,1
0.18567857142857594,103,-2.640557341449476,2.461222938470008,0.2310792439970322,1
0.1835428571428618,104,-2.458974529462281,0.9323735681452988,0.2342349050170837,1
0.18315714285714893,105,-2.274167752039981,1.69477138762613,0.23124477586705544,1
0.16862142857142917,112,-1.2110105118973127,2.124713084892338,0.24982117159383205,1
0.15815000000000015,113,-1.1747391583407711,0.8482364154688737,0.2498379501912502,1
0.15025000000000382,124,1.2941149004396306,1.3348487103354096,0.23939829133517834,1
0.14234285714286038,128,2.1495344074656964,1.2619640289829142,0.20975843663928717,1
0.13466428571428782,132,1.5051589751045307,0.8655703183493243,0.19222532430916967,1
0.10943571428571529,166,1.2510241672223563,2.4461801802700402,0.16224229840841145,1
0.1112000000000007,167,1.1721522947897498,2.28338080085011,0.17285714517498338,1
0.10532857142857413,175,-1.3178431276498337,2.165866708497851,0.16648039011040194,0
0.11102857142857658,176,-2.3028039804871634,4.08845112418685,0.18237856955293347,0
0.1199714285714342,177,-3.057123483912396,3.6504112037351755,0.18860613480639166,1
0.13140000000000537,178,-2.913007405573941,0.9384211846381839,0.1874849968117987,1
0.13702857142857486,181,-2.62718103720499,2.5083097745434237,0.1925534238935539,1
0.14825000000000038,187,-1.7911402184813467,4.140244988717623,0.18962585783181327,1
0.11471428571429142,214,2.020695039925423,0.9005451331015346,0.2001052230932223,1
0.11684285714285433,231,1.0248675081156076,0.9374204048742412,0.1818739773461792,1
0.11576428571428364,233,1.3736642175928884,1.209904664466512,0.17986177254768962,1
0.11927857142857436,245,-2.3410955345840967,1.3905484305985514,0.19127868163723993,1
0.1230357142857181,247,-1.7645403692169757,1.456826883408736,0.19616595166361342,1
0.12350000000000298,249,-1.119163522932574,1.5045172003696676,0.1882749227366346,1
0.2382204285714319,69,-1.5604169480755024,1.8370011734024114,0.3180529362829646,1
0.20728571428571335,95,-1.997817167673725,2.240900197608232,0.380848850287634,1
0.21621428571428275,98,-2.280115711340421,1.2135660333537945,0.37594661198613816,1
0.2278642857142858,102,-1.8980051449418973,2.9703795003595115,0.319579179314163,1
0.15034285714286,141,1.5019611354553513,5.185030370075072,0.20413868179303243,1
0.17437857142857233,172,-1.9967143208574887,0.9219766037710981,0.24602558070011546,1
0.13105714285714498,191,-1.1627265967785452,0.8595238758281496,0.20610907743160636,1
0.1448571428571443,207,1.1213969123657295,2.9501039727950737,0.2315130794761393,1
0.1518571428571432,212,-1.0465273619165216,1.415995289193599,0.20983186947417629,1
0.15112142857142885,213,-1.4874203190006692,2.644594949854749,0.2168147756639604,1
0.159164285714285,215,-2.021397715629119,0.8989806880994485,0.2247173524711837,1
0.15630714285714273,216,-2.0841114046625773,1.2431699287771438,0.2249592972407125,1
0.1649142857142871,217,-2.1431636752485455,1.69294125884101,0.22918236211019494,1
0.18245714285714598,219,-1.7425595075645914,4.350332542818165,0.2547596315684202,1
0.3153071428571467,22,-1.2649578450581118,1.9347856684065048,0.5818088023186299,1
0.16431428571428544,91,-1.6137822111802826,2.7374566423284197,0.31862253289286663,1
0.18775714285714531,98,-1.3150417655629325,4.03271122848589,0.3555926158315639,1
0.14901428571428305,112,1.6165703326649503,2.1591045105129516,0.2880684780373288,1
0.20510714285714673,122,-2.8789268672352937,1.8122172526080016,0.3489838096138752,1
0.14752142857142708,136,-1.1822252051744861,3.390584877864209,0.2848426163616165,1
0.14493571428571425,172,1.2193698608735428,2.951097134119822,0.19147459448501358,1
0.15200714285714007,174,2.0362452278235788,1.1399612103380117,0.1967553782994113,1
0.13618571428571005,185,1.3627591060265976,1.3643135433254072,0.20497175961442507,1
0.08598571428571843,206,-1.6484213143173028,2.0739786972744927,0.19382753172592113,1
0.09698571428571613,208,-1.0107582320892226,3.298431599840084,0.20967309718379412,1
0.11837142857142575,219,1.3236868844448646,1.4066533621199024,0.1776669364002804,1
0.11697142857142596,224,1.2591193390319786,0.9491371889436546,0.18603720804307272,1
0.11794285714285836,227,1.6241958173996498,1.0107265239294392,0.2033577410061592,1
0.11972857142857103,228,2.1058323012504823,0.82866573463133,0.21243756249698653,1
0.12385000000000039,230,1.6133136420697076,5.08309870439497,0.22661804364263785,1
0.2028571428571431,89,1.1303944479499035,4.352570638731144,0.35750137144417216,0
0.19642142857142936,90,1.6453741002383118,0.9756914407053533,0.35781083990467005,0
0.19995714285714325,92,2.2058369249732177,1.5301231353679854,0.3751738315057454,0
0.1984500000000001,93,2.243539632523808,1.386944762028089,0.37420139294665195,0
0.20090714285714334,94,2.2603023827336166,1.090232371666242,0.3733229716238556,0
0.19900000000000112,102,1.6472982781380956,1.2896695249302654,0.35303695642849103,0
0.16847857142857134,136,1.5202115057655314,0.866274616579855,0.2592379663675173,1
0.16993571428571488,138,1.9847427077317426,1.6611384550565407,0.2680092391593297,1
0.15859285714285778,139,2.4255379969761983,1.571998341014954,0.267035874065678,1
0.15537857142857195,140,2.4598109237959416,1.3492883157046989,0.2646383548245631,1
0.14881949999999985,159,-1.267409403857955,1.558311882240072,0.255827276307295,1
0.16134285714286584,171,-2.790745015714091,2.1746506315775345,0.28327291074642746,1
0.16640714285714914,172,-2.86809536167822,1.4771634856817273,0.24952770112475334,1
0.09988571428571293,203,-1.459573571915306,3.1094002096923825,0.17660908000663122,1
0.1126071428571395,214,1.8357041498262792,1.0397037455273275,0.15087759543198717,0
0.11587857142856908,215,2.3174309211636195,1.7676728732309006,0.15102734113555397,1
0.1190071428571388,219,2.3417300172154145,1.5030836614440908,0.14661554758256512,1
0.12314285714285436,221,2.295784559725233,1.6963608268601709,0.1508037986511262,1
0.14387142857142976,234,1.1946320300042161,1.524574186518892,0.20041259795975813,1
0.15560000000000077,240,1.171357801194153,5.077925373180272,0.22394024160573486,1
0.14378571428572076,262,1.8788760583442332,2.1198924010522324,0.21311314650946192,1
0.4676285714285748,15,2.165424383874709,1.049021751912118,0.6488750746988641,1
0.30413571428571273,32,-2.018740569041021,0.9403032457204812,0.6865251168240325,1
0.28304285714285576,39,-1.4594574551578443,1.6076139549830442,0.4546489719598976,1
0.1686785714285719,85,1.4040007624604804,1.4747261905750841,0.34491239645583605,1
0.18040000000000386,102,-2.5812678288457405,0.9990992052223923,0.2768254791976437,1
0.1423214285714311,117,-1.157650301427097,2.3699626829830733,0.2603930916261667,1
0.11242857142857028,132,-1.2795321689792551,1.141430604901299,0.1788762920597968,1
0.10886428571428398,133,-1.7905791148753742,3.0594747954198556,0.1663956691958925,1
0.13127142857142765,135,-1.0534062507952489,0.9653769320028638,0.2151945548445817,1
0.13907857142857186,137,-2.5097840926534154,1.9858780695881553,0.2184149296958982,1
0.15359999999999932,139,-1.9133310624106605,0.8956072155868532,0.2258696524051082,1
0.13065714285713984,150,-1.220489002188258,2.3140002382206846,0.2137770456335852,1
0.13049285714285272,155,2.3375801155039344,1.2391330471055784,0.2495434796830765,0
0.13045714285713927,157,3.149595431150958,1.1679159787782687,0.258172784170359,1
0.0983285714285732,174,1.2666508680319497,0.8841765239748003,0.21333996649876802,1
0.09877142857143083,175,1.3114367596068952,1.0073148683552644,0.21449682132658038,1
0.10136428571428675,191,-1.26038035130296,5.236116437468156,0.17604787918395698,1
0.09769285714285404,232,-1.9397025233383098,1.4556912263438835,0.19402218306561939,1
0.11811428571428653,265,-1.9137944948411547,1.2493144797376539,0.20346098684359948,1
0.2920214285714299,56,-1.1942129691590482,2.403603039834059,0.498548740378221,0
0.2980785714285728,57,-1.418188350944927,2.4623129476126566,0.4738495663772892,0
0.2826714285714301,62,-1.7714228734666335,2.594299659038357,0.43903486717516266,0
0.2566499999999995,70,-1.5439958827102116,1.3847014466092107,0.4484485678581718,0
0.2666642857142857,71,-1.786605952788988,1.1049239328964184,0.4543611686217406,1
0.27095000000000014,72,-2.0259954383569956,1.600267575686128,0.4565361233287579,1
0.21260714285714397,129,1.211402710616215,5.214103913555912,0.3503647155778154,1
0.1946928571428584,159,-2.921395494298452,0.8735668466009285,0.3615133909641734,0
0.19914285714285793,161,-2.7962537205242706,1.8754162706205897,0.2965885042731981,0
0.19455714285714468,163,-3.023633687701284,1.2758427672207393,0.31434926182017386,0
0.2064000000000011,170,-2.075378230415417,4.965307723187466,0.3360454449169661,0
0.15274285714285643,239,-1.1376647323625144,1.9867849261356016,0.27263071750480206,1
0.27617142857142646,79,1.334832720425648,1.102228178405142,0.4088700178947635,1
0.261885714285713,81,1.8500113863442733,1.448570735546917,0.3977529316577048,1
0.1738214285714282,107,-2.0030790014656397,1.1558285916621565,0.32005859559776245,1
0.18634285714285628,109,-1.333059470793131,1.9493372313815003,0.3435716971492553,1
0.22597142857143077,118,-1.8363594914218209,1.430386064013235,0.3819348544955633,1
0.19322242857143124,126,-1.989807304696891,1.2412681469300584,0.38119081399470534,1
0.18630714285714284,141,1.3899893438494877,1.6816501721473143,0.3984122609487532,1
0.14807857142857322,152,1.3320899351252082,2.157442348276278,0.3155718568397595,1
0.1326785714285736,154,1.0840739327876956,1.0376913490351196,0.30761493614957974,1
0.1352714285714285,169,1.0098583994930652,3.4398438375327345,0.2389078056821189,1
0.13769285714285523,181,-1.5940685249400828,1.6662407754453117,0.23656874270700853,1
0.1468357142857144,187,1.1930142551296596,1.4617474478771129,0.2424826117779359,1
0.10086428571428437,235,-1.6120346576216735,1.4476362510434433,0.15874430021042923,0
0.10872857142856926,237,-1.69457434204522,4.403306799266697,0.15931571951989268,0
0.13036428571428513,242,-2.6842480332116985,1.8526089440726003,0.19372390503881762,1
0.1071928571428588,253,-1.3382972833528033,1.5249992987276628,0.17024126063600545,1
0.12892142857142883,269,1.1163053311466504,1.5429820180334055,0.18816260144239066,1
0.2171428571428586,69,1.6739830845544874,2.8441806286633557,0.3253020916755701,0
0.21892857142857228,70,2.3170320093998087,1.5329604674723243,0.31926048501867843,0
0.22975000000000076,75,2.0749467560341373,0.8593817860203153,0.37228119174802793,0
0.20174285714285795,91,1.2942021971897542,1.2978059439204042,0.3668657271277889,0
0.19959285714285763,92,1.6133569750313383,1.1647231157862374,0.36678886061641847,1
0.2370214285714281,97,1.892139477399184,3.4546748872004636,0.41728417719851224,1
0.24487857142857195,99,3.0570766556164344,1.0198212051919697,0.398817806778524,1
0.22675000000000164,102,2.5029571571630167,1.5244783049464867,0.37755521649544055,1
0.23067857142857257,103,2.4748735944834173,1.307319459829132,0.38244792445541387,1
0.22504285714285796,128,1.5568817978710943,2.131317373877208,0.30390938940997236,1
0.24075714285714359,129,2.20207903921461,2.474319123678571,0.33733661950286575,1
0.23770000000000177,131,2.001627184882621,0.8651452828363468,0.35193417588941234,1
0.2398357142857159,132,1.8443090750503188,0.9657998533012099,0.35135678072675425,1
0.15335000000000118,184,1.9667446247953484,3.7096969247811313,0.27551583938849983,1
0.15906428571428677,186,2.549033112456046,0.8930986471919998,0.27849560081036545,1
0.16013571428571538,187,2.7663840816473457,3.4215551007583604,0.27194782269013457,1
0.16370000000000168,188,2.5229754699198352,0.9533043813378806,0.2822823524297527,1
0.1711571428571444,194,1.6326971187216606,2.1529292827865016,0.26815280589548623,1
0.10812857142857167,236,-1.0158992723102058,2.7701075297779845,0.227556873354409,0
0.12026428571428482,238,-1.8222205821124198,1.450442247976522,0.24032587161981267,0
0.1295000000000012,241,-2.2071416443450054,4.176619814889983,0.24893641744377204,0
0.12879285714285718,243,-2.3522635615936593,1.11463267577827,0.21370454166508607,1
0.1300071428571416,250,-1.07446899240864,5.266891858446263,0.22027187285077304,1
0.1557928571428582,51,-1.086761136102601,4.053339978885437,0.3685555330760736,1
0.17286428571428608,56,-2.150461508972906,4.155631347801342,0.3261270327272074,1
0.17893571428571522,86,1.2614237178401104,1.132960403176678,0.2715785930578151,1
0.16932857142857216,87,1.4388018242887366,2.193879680536472,0.2708834377373103,1
0.169942857142861,93,1.5813809902055482,1.8887287064767784,0.2814642413141146,1
0.16494285714286047,94,1.7092527258676387,0.962703967587441,0.28153913149519105,1
0.13780000000000264,96,1.7682175424089899,4.790366453405467,0.27777829675041726,1
0.11801428571428525,101,1.6289902083425902,1.0509247712109338,0.28119258215396675,1
0.1720285714285745,150,3.5895630628282205,1.2811014192413646,0.282760204758572,0
0.2031071428571443,153,3.1192162782822983,1.248102439937005,0.3041220829993702,1
0.2343571428571433,157,2.0944888307769616,3.9904734886062667,0.33817618284035345,1
0.13954999999999881,218,1.6920522594788374,1.6054729494583009,0.22033584276646606,1
0.09383571428571612,257,-1.5505475737122532,1.7543085906589237,0.16643181370142573,1
0.5317571428571445,15,-2.22668447682997,1.5308015635468364,0.8249748808882795,1
0.17010714285714,142,-1.034339897441807,2.5912457136306792,0.3087154178041543,0
0.17527857142857176,158,-2.111236186978167,0.8018010510597112,0.2913765697413281,0
0.17626428571428526,160,-2.0034953859439213,0.8676409082546966,0.2935324467736596,0
0.17084285714285638,161,-2.0118734110588883,0.9118944826970774,0.28992983774339526,0
0.1449714285714267,167,-1.4138340217217797,1.2905934351692343,0.22413713952565378,0
0.16350000000000214,182,-1.0009071413957533,1.0470244363137657,0.200678982581015,1
0.15183571428571493,194,-1.3357339439584368,2.18520873553071,0.19757383910983298,1
0.15747142857142954,226,1.454995263487585,0.9722203383889164,0.2568917378958449,1
0.17251428571428665,230,2.0128363714306223,2.1155370011731205,0.25648186534794276,1
0.1612142857142871,254,-2.2962354717246294,1.4935164895699975,0.33306255238839955,1
0.253935714285715,56,2.185444683440278,2.9893374181822616,0.4239465417743008,1
0.2522142857142861,57,2.3541570161450402,1.1367071159918172,0.42210216501248354,1
0.24848571428571375,59,2.394167569316523,1.2266350580479863,0.4120022435486187,1
0.2521428571428562,60,2.4709379945857406,1.5163447293369292,0.4140444057342737,1
0.25692857142857,61,2.506556266630734,1.0673499668743058,0.3512982119677512,1
0.26407142857142774,62,2.5441577117877507,3.0858130041981195,0.36573216061479413,1
0.25481428571428516,63,2.3526261833039817,1.6249610718184133,0.3812529024906305,1
0.25766428571428535,64,2.067544586715602,1.099826132035554,0.3949425722776926,1
0.17017142857142886,105,-1.7456794818780539,0.8693532760259273,0.3324564191121396,1
0.17450714285714294,106,-1.5537158222521688,3.1951060590102363,0.3432622821126446,1
0.1776999999999995,107,-1.3149016750915834,2.758940600438987,0.34133392499834164,1
0.12195714285714233,197,-1.9702140041070622,0.8543171401962607,0.28032980470078445,1
0.11422857142857115,199,-2.0651863282548817,1.1109194340510424,0.28060243237008753,1
0.11244285714285748,201,-2.2328841190776143,0.8842838575905684,0.2828501362620021,1
0.13055000000000053,205,-1.1977342561622943,1.6622187774310992,0.2957463324047235,1
0.12616428571428578,217,1.3732586824848245,1.2281007955451293,0.2043327265028544,1
0.12916428571428692,219,1.2827928914837836,0.898069894659454,0.241783225398803,1
0.17182857142857294,231,-1.3907306174824465,1.8351399913947077,0.269612184023574,1
0.1666785714285725,235,-2.007902159699716,1.4577716393336484,0.24308905042384713,1
0.17348571428571496,238,-2.144784851808228,1.4855904596569762,0.26424608440570274,1
0.16277142857142987,239,-2.078426007145448,0.9009049871746533,0.2675196885777015,1
0.5520500000000003,44,-1.7133156094688675,1.1386123267675399,0.7830072446989761,1
0.3048071428571423,68,1.7804993168724117,0.9513582413956264,0.6060876104661124,1
0.30574285714285615,69,2.108141382676041,1.8785126946341542,0.6108053576470257,1
0.29252142857142716,70,2.168090106687868,0.9525988037033836,0.5804869245526746,1
0.25734999999999836,103,-1.6249210338918063,0.8269956429709079,0.42305348674823784,1
0.2594857142857125,104,-2.059481813360415,1.8203517703038992,0.3996443224156731,1
0.14848571428571233,163,-1.3713621177763333,1.2602387133561486,0.2078620082188887,1
0.14273207142857153,171,-1.5222267370135576,1.8170022242881412,0.20534347235692357,1
0.14166064285714292,172,-1.7391687785227483,1.2405269073529404,0.2132336063753957,1
0.18079999999999988,188,2.2756997385226656,1.7420237794024118,0.30789748022669416,1
0.19294285714285614,189,3.1038227377138528,1.7009558414807104,0.3193764302228879,1
0.18720714285714227,194,2.3162172072749905,1.2409241987241801,0.3129391002995787,1
0.15429999999999922,233,-2.69577789049356,1.9250348090018994,0.26598672974112514,1
0.15627142857142928,240,-1.7449019298477695,1.003591898212851,0.2806952087746816,1
0.12514285714285986,254,-1.0409941317918177,4.168289663043984,0.2409914901688882,1
0.176242857142858,61,-1.7214437271048597,0.9331357426801914,0.3050395762360469,1
0.17280000000000229,68,-1.5638358020402618,3.1182468721319374,0.2926175042262394,1
0.15994285714285894,69,-1.702742776082474,1.9159598281134533,0.29043057141804424,1
0.1260071428571428,93,1.9088675837140352,0.8699784532727871,0.258157013990365,1
0.14766428571428694,102,1.1152343554760455,1.1072691184374177,0.24663060423433772,1
0.13032142857143064,120,-1.2430680378691725,1.4305543045301576,0.2182530449483564,1
0.11970000000000068,125,-1.4216924924672565,1.9606750857038036,0.21277429783381654,1
0.12502857142857135,155,-1.338760353036951,0.8760649787717402,0.21242581409326994,1
0.10854285714285591,163,1.1843214779627136,1.521735298732036,0.1992454639257722,1
0.1074714285714273,164,2.067448035151218,1.7643414915404405,0.20415107324738727,1
0.09015714285714438,185,-1.5480402428480997,1.7595238747488835,0.16178322983400792,1
0.09622857142857251,186,-2.1290723732832286,1.3116696984087513,0.16070685864038922,1
0.1012357142857141,187,-2.60080335970301,1.32180467502832,0.16160059504345356,1
0.10596428571428516,189,-2.849916881236296,1.6830467307337735,0.16321268810428832,1
0.11619999999999919,193,-2.163322065739499,1.5094943091088477,0.15205241543430162,1
0.12569999999999887,195,-1.8744242470419088,1.3811874876857981,0.14160380214500456,1
0.12648571428571284,196,-1.8175261805867011,1.0527013698184458,0.13366241547072208,1
0.12384285714285628,199,-1.426064794481933,2.133804741058899,0.14307997946567655,1
0.12758571428571283,200,-1.0497907858424926,1.861997512107237,0.1665324526357428,1
0.13944285714285748,209,1.1018523245803244,4.949262583717651,0.22196523104672472,1
0.1349714285714287,210,1.4770542935333553,4.999993708334087,0.2226326059025157,1
0.3470071428571434,16,1.771126511499728,0.8519923454479114,0.35979314027187215,1
0.1396714285714294,82,1.994128404158933,2.0163998505353415,0.2715571128214901,1
0.14696428571428605,83,3.0349186857191577,1.2415595838253664,0.27377305051014156,1
0.12226428571428626,107,-1.3046238131796226,1.054071397042836,0.25112076681925205,1
0.12026428571428584,111,-2.486062371656946,0.8739882860054096,0.23295433227138623,1
0.11933571428571403,116,-2.0493448874364577,5.265750746587614,0.1801012870621063,1
0.09757142857142652,196,-1.2592903754368567,1.2816726534089806,0.17562887634771773,1
0.10424999999999837,197,-2.104816539109953,1.5601477841256466,0.18047481725382541,1
0.11345714285714134,198,-2.986555910227472,2.483123746828326,0.18060813455078978,1
0.11822857142856995,199,-2.9943504292192262,0.8462992983003655,0.18797413408660388,1
0.12949999999999914,201,-3.102851734678774,0.8530256627880586,0.2018603257617413,1
0.07947857142857373,230,1.10395231535335,1.996044828274396,0.1529185931311558,1
0.09166428571428449,249,2.5083439008240855,2.4178940701860743,0.13445414849285756,1
0.09926428571428605,251,2.0297295819671173,1.5411171661399323,0.1161507717793451,1
0.3524928571428581,29,-1.7253082931868358,2.007743996876863,0.6569981454165428,1
0.35964285714285793,30,-2.23051998920803,1.3898905086751479,0.6624008326577592,1
0.3517857142857151,31,-2.5184804956460423,2.4894331697456074,0.6671260639185701,1
0.3377499999999988,34,-2.497880342577613,0.912380895027173,0.6720397263984126,1
0.31597142857142707,39,-1.534442792223308,1.3753239422299324,0.6234130800662052,1
0.21050714285714328,71,1.671043495000709,1.4888043683659828,0.38828993547860713,1
0.13505707142856846,113,1.1581136458585972,1.2813631510053751,0.24711557391317904,1
0.13501421428571195,114,1.2386972471342974,1.1836825806501305,0.24968900549987322,1
0.1385856428571413,115,1.5456514536793644,1.1324711854780054,0.26177463500808157,1
0.1483427857142853,117,1.6359732432016838,1.7689732703868288,0.2736447782380185,1
0.13499285714285797,142,-2.587963099870767,1.1389894532727345,0.25215142786084715,1
0.1385642857142853,176,1.438453279746181,1.0280189474638899,0.234752660141485,1
0.1398928571428572,177,2.3384129674843566,1.6642030627136917,0.2351853996709485,1
0.1462071428571424,181,2.7781373384608905,3.598733628306387,0.2217338479306284,1
0.14252142857142758,186,1.2491072413438762,1.0894123552928434,0.23121198648561936,1
0.11477142857143008,203,1.3363248100466856,0.8987597002400375,0.2282455675438029,1
0.10644285714285827,222,-1.061540129029947,2.45530641951537,0.17691669424583117,1
0.10785714285714322,224,1.046992852739165,1.4791644332018166,0.17671937867919382,1
0.1075428571428562,225,2.0051574759762065,2.411088686088958,0.1793244974458159,1
0.11283571428571244,227,1.7670420964237032,1.7560558846343233,0.19812253020185894,1
0.11258571428571226,228,1.5429818005111475,1.4720390041059241,0.1961752707590287,1
0.11318571428571492,260,1.4396154209547687,4.724598408125817,0.19265147674423325,0
0.1152714285714284,261,1.9993847413499914,0.8798732959029619,0.19306043443191587,0
0.11874999999999858,264,2.8112466695495657,1.0756810928101184,0.19374117762708076,1
0.11802857142857041,265,2.846812262428917,0.9501263038366734,0.19438873403589704,1
0.11659999999999927,267,2.6009340427954095,1.5241352782018525,0.16008357363057796,1
0.2819000000000033,42,1.4662602628716346,0.896106221769182,0.46545713141654116,1
0.2831428571428601,44,2.338444520031981,1.3019529642562857,0.45982117465116773,1
0.23384285714285774,54,-1.0824603357625,1.4525490502905254,0.4567117484327748,1
0.19969285714285587,63,-1.2556802799029314,2.2908496011527837,0.4463605304610353,1
0.20612142857142754,64,-1.1228112659128213,1.788685239296091,0.42369564729988635,1
0.14381428571428398,102,-1.7202657329275797,3.592584959589584,0.2190100491208173,1
0.14805714285713986,104,-1.5413098661491398,1.6510166636471315,0.22250863139635632,1
0.11331428571428656,166,-1.566507730781219,3.8511151324364636,0.1941676486222059,1
0.10572857142857219,197,1.4804175266356625,3.0109928153505003,0.16491749005621345,1
0.10915714285714172,234,-1.3376473523241221,0.804492832832332,0.2249111526517059,1
0.14485714285714227,242,-1.3993407187075486,1.5153660370034747,0.1791523171494485,1
0.20619285714285646,37,-1.1207714010553607,1.1160220268517624,0.3866012395614355,1
0.20548571428571347,38,-1.3858798208846328,2.7091198992793917,0.3759015010848092,1
0.17611428571428536,58,2.0125171618563056,1.2288429289796032,0.28199872606133436,1
0.17167142857142284,79,-2.0279221856442415,0.8186984010353828,0.3124309736025702,0
0.16724285714285259,80,-2.107358965929627,0.861197720700731,0.31222181968743734,0
0.16795714285713764,81,-1.8860619290525698,1.072588445760325,0.32993619796867085,0
0.16309285714285388,85,-1.5693951891312359,1.8095045608024298,0.31113305199291086,0
0.16152142857142593,88,-1.4926165209744107,1.9886268665770077,0.2774461504395941,0
0.15794999999999756,89,-1.492919698774245,2.693625873244714,0.27171648013595423,0
0.15860714285714092,90,-1.5567816107988925,0.8257316578775761,0.26739457999452354,1
0.16214999999999893,93,-1.6441960327928917,1.8697542965316718,0.23968631718131478,1
0.1657214285714263,94,-1.7102127908192135,1.8506994045559195,0.23654138006236058,1
0.1586214285714271,142,1.039904031772157,1.9293810038502348,0.2993934002740793,1
0.1027642857142845,167,-1.2764876871527775,1.7223095624036362,0.2558353714368889,0
0.10633571428571287,168,-1.3369962382288536,1.9652662579977342,0.23181906197767646,0
0.10416428571428529,172,-1.7811183244112194,1.4272380132190143,0.19570426362263746,1
0.11102142857142841,173,-2.6557652872626387,2.3414250246799058,0.20738777798935218,1
0.11568571428571468,179,-2.082462082370031,1.2036389542434067,0.19083908308883357,1
0.11685000000000148,185,-1.3527997455482328,1.2060999199583091,0.18292884943881965,1
0.11062857142857345,191,-1.011694012089279,1.2065633501822668,0.18595691717894078,1
0.10351428571428808,203,2.477437451670939,0.9181977438772262,0.16552859636684103,1
0.0999428571428587,205,2.4535999082841426,0.8695224140277383,0.16466354059226831,1
0.10352142857143118,206,2.412953389055206,1.5897102762276838,0.1667302157331914,1
0.11177857142857306,209,2.3212841924537773,2.6117614262374893,0.17527017286390575,1
0.13677142857142854,217,1.4640116122424103,0.9703608081788503,0.20392503857027466,1
0.1257933571428548,231,-1.8357917396379726,2.1739731799330224,0.23882608082174284,1
0.13549335714285604,237,-2.1427811194060564,0.8572581934206561,0.2655291520792308,1
0.13835764285714244,239,-1.8063730297915424,0.8783275255345021,0.2583062218140345,1
0.11368571428571426,262,1.9241510839502187,1.0153243714715459,0.1980923454692185,1
0.10694285714285863,267,1.163058250685175,0.9949833969972098,0.16175151046949668,1
0.28799285714285866,28,1.7171337635680923,2.729176042285302,0.5477841142796149,1
0.2492357142857163,51,-2.7926267176851036,2.975814389270992,0.344888230514102,1
0.27055714285714216,61,-1.7651967215165252,0.905427864743528,0.3380151184123424,1
0.24906885714285817,84,2.3934463167722364,2.208826905630835,0.41548412895419434,1
0.18129285714285612,121,2.0065648836842436,2.3383917829349747,0.346853682014829,1
0.17987142857142707,123,1.392895576474376,1.788794198535277,0.32018493802364784,1
0.16272857142856928,126,1.1385913759147082,1.178386103726117,0.32631745274114093,1
0.14441428571428463,151,-1.418838915118145,1.0355696666169554,0.20164919395591915,1
0.1424857142857121,152,-1.7341386350432422,1.6434286610594435,0.2006084224518437,1
0.14172857142856948,156,-2.0225060605271814,1.3814188330374224,0.20717610907255485,1
0.14029999999999834,157,-2.37707796876624,1.4349373953192512,0.20764735073669088,1
0.1302999999999983,158,-2.531233152162529,4.247666962643766,0.20463175861798194,1
0.1548785714285716,175,-1.3216917902482523,2.02006268879087,0.2468957016420487,0
0.16487857142857162,176,-1.9682129900505683,1.6081742534137322,0.2524573438627601,0
0.1615928571428589,177,-2.5404737079241557,1.4750947768539144,0.2568579907596243,0
0.17640000000000203,179,-2.9392512367639108,0.9254578199224102,0.26778769324397395,1
0.18283571428571577,180,-3.03941163677424,1.2372931966941696,0.2801073429684019,1
0.1891214285714286,181,-2.871517951842014,4.309618098074303,0.2812137532144932,1
0.18830714285714428,190,-1.4413153512543466,0.9043008029660003,0.2851396570811599,1
0.14284285714285566,242,-1.3106023728379412,2.3668014606797896,0.2618125753215933,1
0.14206428571428478,246,-1.2604434716208759,1.9237552335394945,0.3027903213595681,1
0.15237142857142874,254,1.317873055255698,2.404493297570951,0.30433736130910255,1
0.2980704285714282,42,-1.0732117916293897,1.799395754377965,0.56876241814788,1
0.20679285714285406,65,1.8396651785908107,0.8643947385087228,0.43983956030965193,1
0.204899999999997,66,2.0814691676477914,2.242690098544412,0.44190806364686885,1
0.20132857142856966,70,1.9042508255883417,1.2513580498910373,0.4109061758057713,1
0.20239999999999927,71,1.858744618886427,2.5730133948705913,0.3549041780476596,1
0.20738571428571465,72,1.8586935143190824,1.5984912402762768,0.3437136727025453,1
0.21024285714285793,73,1.8154916180719567,0.8253303419000411,0.33844387587023217,1
0.18538571428571515,109,1.3590915968417923,2.2199173463028026,0.2739490647051591,1
0.1832428571428569,110,1.5502444714057613,1.1058863371866643,0.2712769631560219,1
0.17038571428571458,112,1.935366993009435,3.0678066638218593,0.26161918742180057,1
0.11534285714285833,160,-1.380118969619211,2.908228153167726,0.15196664750874167,0
0.11723571428571537,161,-1.1933689324608259,0.8532878232868458,0.15310673489226706,0
0.1272357142857144,162,-1.6570628054600234,2.203161045885268,0.18165762699608606,1
0.11927857142857132,187,-1.160523621290162,1.0642866460266298,0.17428890976667225,1
0.10419999999999874,202,1.871635028988613,0.9116563541479722,0.15043717907565474,1
0.10913571428571243,218,1.6311398014053733,3.5185557591655616,0.18297085978931688,1
0.11092142857142814,219,2.2306026773560736,1.8258064195195984,0.18232616692773201,1
0.10531428571428693,223,2.3204733740338352,1.4303363513657061,0.18045238155770274,1
0.10245714285714465,224,2.397798059054694,1.128135359301956,0.18163131158477142,1
0.10083571428571604,227,1.916803041339259,1.073872184618947,0.1776945200329227,1
0.09726428571428666,229,1.4308928142734745,1.2657537855090584,0.17327639068856138,1
0.08737857142856902,241,1.234685725810117,1.1672058704853694,0.15226622605369997,1
0.10189999999999852,246,1.2815979747222832,0.8821226782250825,0.1543281924388689,1
0.29180000000000306,41,-1.1853865109447728,0.8917387272212849,0.6141818418380505,1
0.2651142857142901,67,-2.696752634569062,2.9666776179257806,0.35896278707265883,1
0.28690000000000077,72,-2.7433820954697548,0.8506529926230887,0.37389477050626746,1
0.17351428571428432,97,2.6610992767121737,0.8882944665654702,0.2801732044908106,1
0.1675285714285662,109,1.2935320469915914,0.9451605537272907,0.22288171275696825,1
0.1615142857142818,111,1.2472731322284067,2.814390454634549,0.22319710530074183,1
0.18589999999999765,128,1.261995091798292,3.219481969995035,0.2593659735782626,1
0.18014285714285652,131,1.963349736795563,0.9173129094086083,0.2634083320340658,1
0.1858571428571411,132,2.2676581463099637,4.5162715036946075,0.27499526828998927,1
0.18977142857142684,136,2.4481188730833905,1.0531199855613909,0.279852956045755,1
0.13731428571428847,181,-2.508782819041596,3.176028701333026,0.26933762420369656,1
0.14112857142857496,182,-3.0586885386307303,1.055746575270876,0.2768128059391188,1
0.15398571428571625,183,-2.701918931696256,1.101505101834426,0.30137535969929974,1
0.18920714285714066,192,-2.220257669207046,2.2068912617224203,0.2964398341280916,1
0.1696642857142844,197,-1.2789968052770164,1.4259558273802353,0.272814745554647,1
0.1581797142857145,204,1.0916084114282236,1.0139372024698474,0.27996839361317305,1
0.14677257142856856,211,1.6234402185696852,1.6798381092358659,0.2935255031379112,1
0.12352857142857333,232,1.170495117217355,1.0248363649724752,0.21749350534679174,1
0.12281428571428828,233,1.6669312604583542,4.447077668325274,0.21538850019313535,1
0.123892857142861,240,1.0346739985280784,1.1321644888022568,0.22185474475792136,1
0.16047142857142863,255,-1.438011831541042,1.192403172575388,0.22008561478673166,1
0.15547142857142912,256,-1.3624616298145487,0.9748901638142408,0.22044290474474734,0
0.14018571428571086,269,-1.8020456558311138,1.5253578985830383,0.2315773085756846,1
0.3975785714285678,30,-2.0148543975345374,1.9192950853847475,0.7691783553460982,1
0.33094999999999636,77,-1.3288660015049276,1.433685866709046,0.5243020013055903,1
0.1815642857142937,116,1.761559028236443,2.0518681750588637,0.3202516381370045,1
0.18805714285714714,141,-1.4077946159849901,0.8923747812501377,0.3775371349254558,1
0.1955571428571464,142,-1.3501089826980326,0.8274041835230302,0.38707972455015505,1
0.1537928571428588,187,1.367401594080382,1.0775444587037715,0.21495491366260347,1
0.15349285714286307,196,-1.40928100433807,3.1406007446504063,0.22074193556170787,1
0.1162142857142864,211,2.074565585422041,1.0380484142050892,0.21864793678874608,0
0.11778571428571638,212,2.1204306586274053,2.1102267688973693,0.21647532265156483,0
0.11602142857143097,216,1.874579826518395,1.2028681937781793,0.20865774165620882,0
0.10442142857142958,222,1.4194005677188373,2.6775872974937243,0.18389739155257354,0
0.10871428571428712,224,1.5995370295551643,1.5879571413184426,0.18900307164175062,0
0.10676428571428939,226,1.7356533113703168,1.345853760260127,0.16086899391576487,0
0.10640000000000376,227,1.796196784191493,1.2980935352744114,0.14367284775355463,0
0.10670714285714464,228,1.8837753306946892,1.1212014402367352,0.14156007999623388,0
0.10602142857143194,229,1.937232110368346,5.207245159133756,0.14190654561126748,0
0.1629142857142877,258,-1.9984169807226453,1.282613287172399,0.28525495009850826,1
0.17536428571428683,259,-2.154945054092845,2.0084266821185857,0.30029842937444495,1
0.295335714285715,44,-1.2589408016946644,2.1461683762077626,0.5758455844479572,1
0.18157007142857293,96,-2.576190486468242,1.884417276827067,0.32614704135849754,1
0.2069057857142868,100,-1.7324966763332084,0.9683988826450003,0.3648252744336547,1
0.18708571428571474,110,1.307672020817507,2.0339625867607087,0.3400293864027733,1
0.14958571428571535,114,1.6553291679308093,1.5950599842019033,0.3164557282146296,1
0.14954999999999988,124,1.0199435198364748,1.3344368634892187,0.3145191942765164,1
0.16562142857142703,126,1.2277304226516164,2.1483672800599853,0.2688540929197058,1
0.15889285714285556,129,1.401096743160094,1.3018530990787422,0.285123227888706,1
0.12248571428571507,151,-1.6393526874232254,3.443943661636757,0.23141445726245868,0
0.14564285714285624,158,-1.9331133661181372,1.4746042864773186,0.22816839716155704,0
0.14667857142857038,167,-1.429834368067705,0.9600751124904051,0.19366365372211095,0
0.13765714285714178,169,-1.4838525199982668,0.9475454330905022,0.19406039702029887,0
0.13799999999999915,171,-1.5147317568009027,1.95017294049366,0.20722350160700256,0
0.13807142857142804,172,-1.6159958904116172,1.1546233217243635,0.20746988641986552,0
0.15092857142857038,173,-1.8163230343815076,2.191592723524293,0.22559112553433996,0
0.15587142857142716,175,-1.9335221664436115,3.21872982049192,0.22506616901380266,1
0.17015714285714267,177,-2.080048683618964,2.6068930146599287,0.23051662895605532,1
0.1751500000000001,178,-2.171136796740717,2.4168682859700334,0.22880815690665696,1
0.19487857142857376,181,-2.0413472598086164,1.2207319872096956,0.25448473876449035,1
0.15930714285714181,203,1.6846953510180214,1.4904342450330903,0.3000432597723141,0
0.16759285714286015,212,1.612686665876071,1.7036338453932542,0.2558414116094584,1
0.12209285714285707,238,1.0799385771415129,2.7341351366175184,0.24843190414239896,1
0.17374671428571276,252,-1.8866632666074414,2.5039276821669727,0.244020199570077,1
0.15655385714285636,257,-1.8679145936653174,2.9806059178816757,0.2572793687155961,1
0.15635000000000027,262,-2.108891874447019,0.9572240108835723,0.265305500624151,1
0.16599285714285777,263,-2.315368586405891,1.083372755521381,0.2767616464436615,1
0.14885714285714208,266,-2.24942235720453,0.8249573045555683,0.2537698428128328,1
0.23397142857143244,68,1.156497018520901,0.8924307375336749,0.4474704591085579,1
0.23452857142856942,102,-1.1738387958330545,1.1725062214612123,0.43476512235301445,1
0.22593571428571227,109,-1.1937428775294727,0.8165170369851157,0.3926965154754901,1
0.22932142857142931,123,-1.2059373421787898,1.4700504606163582,0.3740449936116173,1
0.18824528571428698,126,-2.069384754208954,2.683801863626629,0.3659069930020117,1
0.2028310000000023,127,-2.472367156665748,4.67391885505105,0.38788977624639276,1
0.2171167142857168,128,-2.6320921551844645,2.4357477136612173,0.3863409742869162,1
0.15794285714285852,159,2.1684120424038373,0.8711004319745222,0.23922812346755748,1
0.15937142857142966,160,1.8550233797766986,1.6189709698975612,0.23083782387576854,1
0.18297142857142948,165,1.1135938349153094,1.1923143216751226,0.2988144799005086,1
0.1078642857142853,205,-2.4629418085916033,1.9659876990554603,0.19034335384554188,1
0.10714999999999922,206,-2.676959737315912,1.5225025743833562,0.19081905891463413,1
0.11286428571428482,207,-2.80591157493708,2.041669893013566,0.19038331794008673,1
0.13176428571428492,210,-2.2768635442839504,2.219777320340771,0.2169694703697804,1
0.1285500000000001,212,-2.2226561011307853,1.3176614846561214,0.21751024112839804,1
0.13140714285714342,214,-1.953269414321529,1.926700497274087,0.20838816128078724,1
0.1341928571428578,233,1.5108357178890157,2.195542853149451,0.2456854411080901,0
0.12341428571428484,238,1.5631002099151354,1.64915146919671,0.23384475028249918,0
0.15518571428571346,259,-1.0054293344710623,1.9900769449244113,0.28714761143875916,1
0.15494285714285638,266,-1.2513142669493624,2.157221843329913,0.3284088837266282,0
0.24659285714285875,82,-2.1944511222008005,2.3192806087371824,0.48400180393239434,1
0.1685142857142858,129,-2.985610177801942,3.030765391781474,0.2967865505365666,1
0.1692285714285719,130,-3.0247692231003667,1.7792010830228389,0.2975201376220354,1
0.1627928571428561,133,-1.7100861032027117,1.1406256212931642,0.3014950670205885,1
0.16147857142857042,164,2.3825280308140697,5.22913944436377,0.29762088851212143,0
0.40720000000000106,15,-2.002935795574988,1.6847558626622596,0.576571382402316,1
0.39025000000000176,17,-2.4231991893745812,1.3169449899493457,0.589968518982553,1
0.32420714285714275,28,-1.4432260894741973,1.0818569683260428,0.6133148873057624,1
0.3017071428571419,29,-1.4709450331765432,0.8249499343259942,0.6122951876931538,1
0.2895642857142846,30,-1.402092905885491,0.9521852945190113,0.6160051302987449,1
0.1876357142857137,74,3.4006915756705642,1.7574715576007451,0.32589401851249084,1
0.19660000000000263,81,1.0158219035298246,1.6032023220338352,0.3582507601181006,1
0.16939285714285596,91,-1.2575965655201033,2.5570394838570665,0.3562789772536735,1
0.1665142857142854,93,-2.242413848718932,3.8505500507631263,0.3421468026894433,1
0.16760714285714226,97,-1.81270591725902,0.8382282305952509,0.36178829293103304,1
0.13495714285714452,154,1.4356309314166578,1.8838802396782712,0.24157944543764,1
0.13168571428571596,158,1.8889563000697878,2.6196238961373197,0.21360122502666434,1
0.11641428571428492,170,1.2477779073313138,1.5518870827497528,0.2111975057403276,1
0.11370714285714456,184,-1.4693764891278633,1.9187625248432434,0.191557464002765,1
0.09079285714285541,250,2.436523175813215,3.3269789880978844,0.15290533112573962,1
0.09371428571428554,256,1.9177110819218726,0.8127413027075412,0.1565733288121063,1
0.23220000000000088,32,-1.036048482200359,1.0047621086669754,0.46608710903417355,1
0.22192857142857342,35,-1.4586142212648745,2.447892248846234,0.47169807658151436,1
0.1944428571428572,52,-1.4179835547967967,1.1221581100840303,0.45548320349041194,1
0.1841642857142836,68,-1.300359511134108,0.8256607092117167,0.33541551476710313,1
0.15636749999999872,96,1.663161775034596,1.2254564975252138,0.2874492533778799,1
0.13820000000000274,113,1.7316957182407047,0.8416355063609188,0.2239283656705018,1
0.15127857142857085,121,-2.007460956021341,1.3985269516600225,0.26185193216743924,1
0.16270714285714202,122,-3.343116506924151,1.5125246425815375,0.2629723360266342,1
0.1634214285714281,123,-3.3268684185111255,0.9227007783893619,0.2661674702661669,1
0.16556428571428533,124,-3.207124191070402,1.0092732804072762,0.2654320824777129,1
0.14556428571428523,142,1.0598986263738017,5.151603925963114,0.2834645417025977,1
0.12262857142857087,183,1.9326016594240447,1.6737171573955534,0.235839745701328,0
0.10403571428571366,186,2.772182230835741,2.4390643055479733,0.24790561030746575,1
0.10092142857142708,191,2.2399139029932678,1.7370988198757842,0.23629050670511004,1
0.11098571428571294,211,-1.1893948788634774,1.141524946833305,0.19608600600930184,1
0.10772857142857159,216,-1.0453909296505839,0.9519178684983668,0.17486124999497574,1
0.09172142857142619,228,1.4130428844491227,2.0796725483689684,0.162618258714801,1
0.09078571428571129,231,1.2318390380222035,4.945951808333583,0.16300337985225014,1
0.10292142857142648,233,1.6119045666258798,3.037025834322121,0.17455524993858562,1
0.2731285714285698,42,1.071641676710094,1.406421255174062,0.4675469627128087,0
0.15836428571428687,69,2.3945442511430555,0.8047863500035947,0.2338134636658015,0
0.13255721428571324,86,1.492849658032879,1.852435712242677,0.23246672862884843,0
0.13684292857142769,88,1.627997653613009,1.396864439040735,0.2255117099232377,0
0.1351286428571419,89,1.7356060269578404,1.116516957155578,0.2221112147958213,0
0.1399857857142846,90,1.8060064269129574,2.423916995184789,0.22082708576149968,0
0.16641435714285535,91,2.278826025845694,4.676190945737659,0.2861931856052326,1
0.17215721428571332,92,2.682386735235038,1.0685082894488516,0.3005936560846101,1
0.17715721428571385,93,2.801909311329331,2.014411696702065,0.29944989230924146,1
0.218592857142858,97,2.3124705451295466,0.8366529481666918,0.33644104989320606,1
0.21788571428571504,98,2.2131774402665556,1.2890471101671452,0.3263944291724298,1
0.11318571428571492,167,1.1887501473133628,1.1832404250724724,0.18712659448374613,1
0.11889999999999949,168,1.727377031631695,2.205424334523898,0.18973956797584357,1
0.12843571428571465,170,1.7301078509876893,1.4478269244377084,0.19851676005526042,1
0.13380714285714085,176,2.3680532355431403,1.7437427674013373,0.21330875743044106,1
0.07738571428571207,220,1.430542108064911,1.994551383367237,0.12424496671371067,1
0.07433571428571131,223,1.0576787910329735,1.461301498700031,0.13337652599049118,1
0.08802142857142822,239,-2.5847317840676767,3.4712166631741797,0.14064181789726124,1
0.08753571428571405,240,-2.6276794938403114,4.126833343436782,0.1443666637120247,1
0.09165714285714241,243,-2.5238851446417856,1.3085510530231395,0.1452618416633806,1
0.10337142857142721,247,-1.7143174055633132,0.9401917521878721,0.16900683673831604,1
0.10715714285714231,250,-1.0291185367491047,1.1172803669041518,0.17569870496685142,1
0.12305000000000023,257,-1.245536032714923,2.149052348110896,0.18097934185875003,1
0.12805000000000075,258,-1.867761122043105,3.5568591200701962,0.1872644418150607,1
0.1323357142857152,259,-2.054016629603469,0.9981214705104006,0.18844160257419484,1
0.14132857142857244,260,-2.460600513365809,1.191886572408797,0.1959147069435014,1
0.2228877142857176,52,-1.52565311665196,1.132182964253196,0.40882497609298885,1
0.18918571428571646,56,-3.0817570103008554,1.616969028903218,0.3791633916168862,1
0.19593450000000193,59,-2.3643584840734175,1.611090138277173,0.3710976962542728,1
0.20379164285714474,60,-2.2091216166028715,1.3170683916572563,0.3347617513574238,1
0.2063702142857155,62,-1.9610330842232357,0.8190056091540798,0.3298996453214839,1
0.13776428571428617,88,1.6744614210573527,1.5101057638991144,0.2467627470623144,1
0.14686428571428575,90,2.2760201360705796,1.7261963988336275,0.22032833772409657,1
0.13742142857142778,93,2.225565627911711,1.2898688284697115,0.18651711893360698,1
0.10437142857142893,109,-1.7094464309681092,0.9225529912208931,0.2147511633141014,1
0.10652857142857235,112,-1.3624630169084113,0.8241003558460469,0.21973992594491076,1
0.14428571428571502,116,1.1013582593550129,1.4542944437109715,0.29872653270719496,1
0.17667142857143045,124,1.3291732121938187,1.5948495921640622,0.3022084684395173,1
0.15111385714285827,143,-1.7941979695557297,5.19611469156988,0.3384495650600271,1
0.07971428571428467,200,-1.1367970986234566,1.6584988488155998,0.14385433258188424,1
0.06101428571428512,211,-2.21387757055218,1.2064407058997713,0.13404204866025682,1
0.06279285714285672,212,-2.1416604043563945,1.8335900789168682,0.13282874824304627,1
0.06813571428571359,213,-1.8088039782485723,1.4425500528084552,0.13876980802753017,1
0.07580000000000199,226,1.4121235122314524,0.9044109124474395,0.1198613314969791,1
0.06957857142857295,230,2.410187686207359,1.3667547625852903,0.12350491515001036,1
0.06885714285714377,231,2.615392467163926,1.0174141885623902,0.126757346697568,1
0.06817142857142906,232,2.6479887982343504,1.1284091017356082,0.1272278468804564,1
0.07551428571428533,236,1.9682035456953253,1.9554498129164672,0.12542872163906577,1
0.08129999999999983,238,1.7430482393563878,0.8053868150384846,0.1297083336012977,1
0.0840214285714284,241,1.1352834651463743,0.9913385246057632,0.1285851607063456,1
0.08561428571428868,251,-1.6697750006524625,1.2813816336467936,0.1415227951963184,1
0.08337857142857327,252,-2.0013343258774716,0.9584389844995352,0.1420608238443066,1
0.0760142857142867,262,-1.2613728233120294,2.0739860504566328,0.12553331651626953,1
0.12204999999999952,100,1.573814150024819,3.3110866232732694,0.27615330352023487,1
0.12864999999999935,101,2.2387982616404773,2.8307832007733307,0.28221791442820754,1
0.1250714285714279,102,2.568901667696139,2.301068456083293,0.28143615313952514,1
0.12862142857142903,104,2.5201354011971877,0.9989605353238,0.2681099795446282,1
0.1269428571428577,106,1.894002713775683,0.8011621377506034,0.22621008980830357,1
0.12336428571428522,132,-1.6006691177370067,1.6573116031141737,0.20395117145006525,1
0.12435000000000075,138,-1.1395212015224139,1.594450385770863,0.23519653797897497,1
0.1270857142857145,149,1.8570349608387509,1.3598051799377158,0.2556231034459949,1
0.08264999999999897,168,-2.159936579543854,0.939194584933428,0.1886368447404891,1
0.08465714285714146,173,-1.1422254912207797,0.8827881941491029,0.16926876102908484,1
0.11263571428571595,196,-1.2314962921018873,1.0340128118889949,0.18486039547077296,1
0.0961642857142877,209,1.4982487298497655,0.9023869483926541,0.16606116597809895,1
0.09061428571428617,211,1.9592863881497586,3.1355151582819465,0.15310434417911795,1
0.10435000000000068,212,1.7946445479261062,3.2505714007801503,0.17155914443972395,1
0.13168571428571493,221,1.0511068307561198,0.8436136442123053,0.19590784722829052,1
0.10612142857143018,236,-1.6556640472565456,1.3861962021625582,0.2269276768022741,1
0.10413571428571597,244,-1.1447154531455224,0.9081831032206137,0.22299818334089114,1
0.11384285714285929,246,-1.7929466823216849,0.8172749989383091,0.22268196084783135,1
0.4805428571428578,15,1.5279493749291904,0.8757917894992493,0.8456688642726987,1
0.1580214285714295,93,1.7035519272312531,2.618319930538101,0.23670690342936482,0
0.15230714285714392,94,2.184960309117313,1.3958192852767999,0.2380070999371452,0
0.15956428571428813,95,2.824491392792149,1.4884878963480443,0.24963212397829906,1
0.16518571428571655,96,3.184574286808456,2.7568460874879452,0.25211896274518564,1
0.17661428571428875,98,2.8097647071530285,3.7669263699161277,0.2496123031965765,1
0.1982928571428571,136,-2.588838121015873,4.62909121432815,0.3331568967100221,0
0.16807857142857024,162,-1.0048035797428367,1.5062824610286845,0.2984558817552568,1
0.15898571428571476,170,1.6305230665134234,0.8974617679145133,0.26810817264143383,1
0.10777857142857325,212,1.7212652842672096,1.8980470555243139,0.18553828370166087,1
0.11393571428571546,213,1.272046327909586,1.4675053870480286,0.19017417732362626,1
0.12530714285714392,224,-1.4034657355891251,1.1003613686812206,0.18970275024962993,1
0.13568421428571448,233,2.5815763722806166,2.1712178095187973,0.2673147206165209,1
0.10722142857142712,267,-1.7968391627533153,1.37776229690857,0.1520468615940714,0
0.15845714285714305,63,-1.762454945982509,1.3108186194587514,0.2689103089245571,1
0.17107857142857139,67,-1.069308411773087,0.8262560961108478,0.27926138007286655,1
0.14084285714286032,94,1.9919637244660955,1.7232130475019272,0.23729837755748956,1
0.1438642857142887,95,1.2528190012020233,1.8109996860048476,0.2517510674253716,1
0.14088571428571686,101,-1.2043678691050415,0.9889837174250725,0.24167601018602228,1
0.1676214285714315,106,-1.6748675998451856,2.9982363082218124,0.2597382575825783,1
0.17094285714285665,116,-1.3259469805302428,1.0643196118707705,0.2705732316579376,1
0.1802428571428558,117,-1.2693423882388477,3.56705777017835,0.2819293074459312,1
0.14722142857143133,135,2.3423016694719374,1.0507953217842005,0.26980553848033867,1
0.07485714285714298,202,1.3025952342123648,4.06992618939254,0.1448311334336816,1
0.07381428571428574,217,1.1681142243958502,1.4156554903503367,0.12536690948781426,1
0.06565000000000205,227,2.2854175972454036,1.0215920925261952,0.12038636834537624,1
0.06779285714285928,228,2.473054843422831,2.524683412413622,0.12503361645786865,1
0.06779285714285825,230,1.3496461243613387,1.031044348731077,0.1277542007349213,1
0.07426428571428748,238,-2.025421886154412,0.8291239848282926,0.11234472896070667,1
0.06607857142857247,242,-2.343878806471891,1.7993959826801997,0.10508686914800415,1
0.05464285714286023,245,-2.178104466398828,1.2908747892627506,0.09763212145093698,1
0.05107142857143186,246,-1.932315339295688,1.185011596825311,0.09661352656252992,1
0.050257142857145505,251,-1.5478417778503308,1.005360304862626,0.09391600106330462,1
0.0613642857142876,259,-1.7448540705608087,3.1459666526123704,0.07999288382394831,1
0.06940714285714478,262,-1.0062533714592363,1.8061762749210155,0.08406622291245001,0
0.15477857142856827,63,1.8071256187053888,1.2090567276600264,0.22128964873989243,1
0.15974285714285433,65,2.937466283909674,1.1623445486319133,0.212733039311756,1
0.17259999999999767,66,3.229639202218663,2.6325430100614264,0.22188448628795113,1
0.17786428571428356,69,2.4082924651489344,1.125439423997906,0.2327943311924353,1
0.18857857142856968,70,2.423192269335601,4.131252023902772,0.2547825661803647,1
0.19389285714285723,72,2.219177284446958,2.790914592054094,0.25434752986069226,1
0.18704999999999927,102,1.2408658978752531,3.77820115861517,0.33999279396275406,1
0.20704999999999935,103,2.0290491866755507,4.766120146531016,0.35097137083407765,1
0.21169999999999942,104,2.1773346815614714,1.7049013083113091,0.36751890112085045,1
0.2198999999999996,106,2.4454576479860073,1.8041359066325258,0.3380719862680765,1
0.23668571428571486,107,2.1611370288410297,1.124030372564845,0.3711024879171274,1
0.10927857142857127,146,-1.7913761259147234,2.017689195790774,0.19999047450089344,1
0.11784999999999915,147,-2.055216710524523,1.9258452041504737,0.20666713518940139,1
0.12856428571428427,148,-2.7505696874058643,2.767073637522061,0.23228885470765148,1
0.1328499999999977,149,-3.104904294683406,2.0287150729197148,0.2364367640844562,1
0.13359999999999822,150,-3.092650976978073,2.1928849389432807,0.23266236720005426,1
0.09885714285714187,191,-1.8919489529197773,3.5437105207002797,0.17816224617232118,0
0.10036428571428502,194,-2.417040012596811,1.1069480960695044,0.1877046179133314,0
0.10812857142857066,204,-1.5582879775053995,0.8110150434844211,0.17643594187519834,1
0.11205714285714256,205,-1.7289349539381726,0.8614842427894098,0.18374573362487917,1
0.12225714285714215,206,-2.125319055073164,4.016613568357448,0.20085451853331007,1
0.13312142857142817,207,-2.0502245947340567,1.2038241151346778,0.20798891338094144,1
0.13146428571428612,209,-1.862555751934591,1.6763623141473956,0.2092456806236119,1
0.2634999999999995,215,1.3779803136866553,1.3665921398916792,0.46082671331441266,1
0.22637142857142883,88,-2.1226548334467608,2.3611063490898703,0.42420091080854433,0
0.23680000000000032,89,-2.513892732063402,1.8909959628932065,0.44336420965006945,0
0.23608571428571526,90,-2.6877287673824406,1.281013595414427,0.44710069794213037,0
0.2364428571428578,91,-2.5134066448295274,1.41855362742968,0.4618641205530909,0
0.25257857142857276,95,-2.0410608158124033,4.139147076420122,0.4168408778396439,1
0.2654571428571444,96,-2.110455192684372,1.4205922252837642,0.4041994784200254,1
0.291171428571429,97,-1.8478565242575304,1.2819171380261978,0.4859677193573725,1
0.2682162857142854,104,-1.2827915425794867,1.8209703609089405,0.5003837197094632,1
0.26790714285714146,130,1.2201883638402244,3.638380734904555,0.4404429282351411,1
0.1749285714285713,186,1.881312060661982,1.8737322034436648,0.34512159670586323,1
0.16912857142857263,194,-1.205298101088635,1.0649228094814867,0.28495742928708284,0
0.12793571428571532,201,-2.1512290481463463,1.0073729275143646,0.250847823629307,0
0.13579285714285813,202,-2.5982441265888223,3.034697789697779,0.26994946438604706,0
0.15007142857142952,207,-2.1166546618208444,4.628288533486684,0.26544963079961875,1
0.1634428571428574,208,-2.3518071247370362,3.800244869679649,0.29675309501757163,1
0.16559285714285668,209,-2.4250743496744724,1.2119617300847256,0.2941354444298029,1
0.14313571428571542,236,-1.0237868020861813,1.9073480527716697,0.3393281696520792,1
0.15914285714285775,241,-1.2268055840201209,1.4520374072924145,0.25468262354661153,1
0.18475714285714112,265,-1.3759372109359287,4.422493370686672,0.336468453207181,1
0.25815000000000154,53,1.4522411298489843,0.8340748125028348,0.5035239517954563,1
0.2127214285714274,96,-1.0391656142184027,1.0072882178487477,0.370827666647901,1
0.150107142857145,118,-1.4131769522046989,2.655339773673453,0.26496492326561805,1
0.14439285714285838,119,-1.8202591350716244,1.1364157432841717,0.2645377678501313,1
0.14226428571428734,121,-2.183983606638176,2.0025032934698204,0.2582288386072333,1
0.1569142857142834,141,1.38514721416314,1.6665495196851874,0.30126588378591396,0
0.11692142857142837,150,1.609656816929618,0.9352682818608895,0.2957499990110353,0
0.12457857142857064,151,1.8395081728333853,1.5934555270268096,0.2931465424963232,0
0.12714285714285722,155,2.027600132745015,1.1670308120665271,0.2886183543353426,1
0.11783571428571397,159,2.004549946992731,1.5428898365816244,0.2525036206810645,1
0.12069285714285627,160,1.8503117774394149,1.2585338392018628,0.24986599138003515,1
0.13068571428571424,163,1.5138720382472788,1.918823460201468,0.2144731500150979,1
0.13690714285714226,185,-1.874558794396182,1.259841333715079,0.22478993056562363,1
0.13869999999999902,193,-2.053906331369954,2.0539573874590613,0.2777381074570744,1
0.10848657142857121,210,-1.3864023942165753,2.7393194234506724,0.22538791763815397,1
0.10313571428571322,228,2.8939324303390555,0.9035323576180768,0.1733078506216343,1
0.11946428571428568,241,-1.058332432386385,1.1860560601205996,0.2150504624777094,1
0.12875000000000064,242,-1.3392455485389487,1.291120937315307,0.21490325991773698,1
0.13908571428571495,246,-1.4714470533817863,4.784814744350482,0.21301830925655094,1
0.12896428571428536,257,-1.3982931243161505,1.0942143241121352,0.19461417560732772,1
0.3439285714285723,30,2.2469796904951886,3.589507365547637,0.6379331412892016,1
0.28145000000000053,36,2.0062291855576095,1.4505611170057202,0.5834321295744174,1
0.26393571428571505,41,1.7909368161430237,1.4239503009009291,0.4709028952392754,1
0.2522999999999982,61,-1.8807454214178718,1.0289213910097377,0.41136193352249617,1
0.17689999999999934,99,-1.2639248033910226,1.0244180516882293,0.331508175023548,1
0.14150714285714372,139,1.0212209624386719,3.4073333563415678,0.21225935645453214,0
0.13607857142857074,144,2.274198447033465,1.3698366137999725,0.2176353005731187,0
0.13357142857142787,148,2.354565049897975,1.05563704163612,0.23394848187353284,0
0.14751428571428502,150,2.625242095486001,2.796037092385769,0.24882824447088372,0
0.15038571428571249,151,2.6973868464122326,1.5229180954946,0.25108904029552287,0
0.1591071428571433,172,1.3119014474634063,4.110144211100468,0.26506570094607035,1
0.16999285714285758,173,1.7852042773100458,3.0745269984066494,0.277003421080969,1
0.18642142857142932,174,1.9681230286833473,2.4070731456141785,0.2843157692138741,1
0.19637857142857282,175,2.2876466999494136,1.108658054938664,0.2961354915629352,1
0.19776428571428642,176,2.2595372965835345,1.5599613374866352,0.3090833460987978,1
0.1949071428571441,177,2.1310141827500564,1.46271357385071,0.30997496394839075,1
0.2091214285714297,178,1.674754592714145,1.3355536861641488,0.33411303537557957,1
0.19362142857142978,199,-1.880649814060092,3.0640801096644426,0.42632768082483613,0
0.14936428571428653,205,-1.6711113710996146,3.821040919731826,0.37014808981266034,0
0.29719285714285554,59,-1.6743653095713134,2.2778758462573903,0.5433598357858108,1
0.31219285714285505,60,-2.519938524928174,2.169443936765345,0.5522745040087189,1
0.32362142857142623,61,-3.0034004695794216,0.8382506917334847,0.5355091173078957,1
0.1685071428571407,82,1.1953102183296125,0.8765055010819157,0.4089126388868022,1
0.1898402142857145,101,-1.1873541545094988,2.587841503833712,0.2888557548111873,1
0.18886878571428614,102,-1.2343186943977396,1.2885796916129932,0.2916515435656027,1
0.18744021428571397,103,-1.356608240727072,1.6021070328971936,0.2911989656733296,1
0.1878785714285708,104,-1.5010284596692944,1.621954370831911,0.29229647286412463,1
0.18547857142856827,115,2.9375377890911714,1.1182099693778575,0.31761707107811166,1
0.1121285714285725,176,-1.3372537525558303,1.1178928540073538,0.23374641192369736,1
0.1163071428571446,194,1.2386282200639829,2.13806577859039,0.22098982037622408,0
0.09767142857142577,207,1.6051785257177127,5.003100138554364,0.21824217160573178,0
0.10828571428571568,223,1.5590135298853072,0.9569692125202998,0.21942343327363686,1
0.10240714285714095,230,1.167542524890556,2.364369201457415,0.19935382184495104,1
0.1145571428571474,248,-1.0779816967818632,1.5638207824966284,0.17639492543098545,1
0.0934000000000036,257,1.137394571979269,1.5795278762734257,0.17104088436088702,1
0.08554285714286079,258,1.3667243091267103,0.8385751297803272,0.1709166433842357,1
0.10186964285714392,268,-1.6177811934209303,1.3619887967130158,0.16137712763080783,1
0.25577857142856936,35,1.7915907404333922,0.9679614046495377,0.5674960980897494,1
0.2475857142857123,38,1.953870714536209,0.8274701431392044,0.5357205550050295,1
0.25184999999999746,39,2.027392464512832,1.4551874896478871,0.5297820961936046,1
0.17723571428571358,71,-2.904559143700328,1.0914752197654427,0.36908929434081167,1
0.18788571428571288,76,-2.679061398272726,1.0730031033407783,0.3671714319891326,1
0.1968142857142843,80,-1.2910785832140415,1.3161254034442933,0.38839454970559956,1
0.17080000000000187,118,-1.7400591321955103,2.807517877572447,0.3202340461649024,1
0.1865142857142875,119,-2.040966629258858,1.958829643314537,0.33613073883346817,1
0.2032571428571442,120,-2.104443579503704,2.7963428012160474,0.33862287209857833,1
0.20782142857142816,125,-1.7468473724817126,1.2204917661848274,0.3168052733915793,1
0.09390000000000091,190,-2.157668744329233,1.2355383609488297,0.1630686684775034,1
0.10645714285714344,199,-2.0304178850620462,1.2289597366979896,0.20201476114116723,1
0.10422142857142903,216,1.4794293352117063,0.8124363324956149,0.22220008377340134,1
0.11745000000000008,219,1.7813433933603409,1.9294420625500268,0.23330644401912373,1
0.11709285714285755,220,1.3908765047025946,1.374074941518279,0.21998766499425604,1
0.12222857142857078,223,1.4515484169208412,0.9039677704463959,0.22370732609048954,1
0.12797142857142774,225,1.6174230598842856,1.1703087867985666,0.21324643889148653,1
0.1276142857142852,226,1.5574393547533087,1.7133572293482608,0.21171207856426322,1
0.1283214285714282,227,1.5604399836503093,2.5591070335616197,0.20653564613541286,1
0.14036428571428416,228,1.1578194257535086,0.8619261331873902,0.22932454819966067,1
0.16574285714285558,230,-1.2988635957705694,3.864627182997743,0.2761349328768388,0
0.16859999999999786,231,-2.3447275876353144,0.9202911332659846,0.27812083319562103,0
0.1957428571428557,234,-2.456832484124877,1.3639419488880642,0.30980243638439964,1
0.2096571428571425,236,-2.526024926047194,1.3255782834721253,0.31310379924390624,1
0.22322857142856986,240,-2.2684377277970413,2.8054522169355054,0.32581952285756344,1
0.23976428571428596,242,-1.8562346980028004,1.5334245925244625,0.3414095488254491,1
0.22961428571428502,244,-1.856028533669561,3.3975814751015823,0.35756658611418446,1
0.22782857142857132,247,-1.8603014561988804,1.6874846090430038,0.36187439440024577,1
0.26385714285714407,54,1.08326538076967,3.2812282470297696,0.561514268585203,1
0.26885714285714357,55,1.620010506153718,3.6622104475348,0.5615135774307307,1
0.28885714285714464,56,1.8539690404202742,0.8605827551154095,0.48873501024902766,1
0.34296428571428705,61,2.057252023451801,1.0491705943730663,0.46735640481585145,1
0.21322857142857288,93,-2.1497872285725075,1.4339063485918917,0.44211392189173,1
0.24385714285714397,95,-2.7338283742541343,1.6060338088002555,0.4977599962901,1
0.282585714285716,98,-1.9952256962138215,0.9631767238230377,0.5710593379236246,1
0.1503071428571425,126,1.369225593638307,2.420520961592176,0.2703984669680954,1
0.145542857142858,131,1.5120272974831304,4.687517096304982,0.22859423789375155,1
0.15998571428571445,152,-1.9015221405751332,3.7431738659165337,0.2616041778902841,1
0.13034285714285687,186,-1.762290089621395,2.6780258260261545,0.2537905492338785,1
0.1202928571428572,189,-2.0160462087238207,1.4104290158129127,0.24576717493422442,1
0.1890285714285714,214,1.8071850985047901,0.9659845919964443,0.25325451798764204,0
0.16110714285714373,220,1.1017218456626392,4.649682051933652,0.2629261299446093,0
0.13972142857142802,256,1.2821362191841177,1.8280470706717182,0.2592491644476744,0
0.11937857142857057,260,1.512012042529081,1.3025136843602994,0.25765488946728615,0
0.1215214285714278,261,1.5081628084113963,1.5044558976079967,0.2519163701148821,1
0.33755714285714233,32,1.9236980226793374,1.043171213936257,0.6708637211181775,1
0.345407142857142,33,2.345458105932118,2.3240579640990138,0.6574019314879326,1
0.3489857142857135,34,2.5629990846512998,1.2693291491122445,0.6503298228994354,1
0.35444999999999893,36,2.2738226989418715,2.679940236490266,0.6680675069763151,1
0.16749285714285783,71,-1.1902114059704274,1.242536171284787,0.2993554312378809,1
0.1736071428571425,73,-1.1412795961280622,1.2547183533465505,0.3069749730982902,1
0.17642142857142926,118,2.3494021520846373,1.2471692771839227,0.2810363844115226,1
0.15890000000000068,120,2.147098436760165,0.8507961377723524,0.2695912869326215,1
0.1571214285714301,121,1.9041409142694252,1.097539980085626,0.2762257667745495,1
0.15297857142857246,126,1.5034947925712823,2.760829390117303,0.27099451831128313,1
0.1544071428571436,127,1.563572881212833,0.993890205465905,0.267974146399095,1
0.12803571428571356,159,-1.5373202978672884,1.13956951043506,0.1694240891654447,0
0.1294642857142847,160,-1.486822647515956,1.953983008494363,0.16679706153587756,0
0.12660714285714242,161,-1.4181908746432565,2.899492662771428,0.16770262559965646,0
0.15209285714285617,166,-1.027745182205373,2.7667653380863406,0.2227270510403888,1
0.1744285714285699,167,-1.3870596671654436,3.031239575889854,0.24550712415815512,1
0.18362857142857184,171,-2.0174900244072083,1.8331314150544091,0.23627797264009126,1
0.19005714285714248,172,-1.8296568626582401,1.1947019785583766,0.2620379183503881,1
0.20570000000000022,179,-1.065574838479399,1.6832234415934348,0.32770219609094203,1
0.09555000000000088,230,1.5366076944172478,1.6250208685500374,0.24406413607446553,0
0.09555000000000088,231,1.8707940632428757,1.0707229481580727,0.24331786757209636,0
0.10120714285714273,233,2.328775605802201,1.0543666090022608,0.24423342808816415,1
0.10835714285714358,234,2.137920982117818,3.081656884224721,0.25682152113561596,0
0.07677857142857139,265,-1.0338101331845386,2.329083585267135,0.146024660979424,1
0.23244285714285695,72,3.0397638498412594,0.9979616393584243,0.39540874481757865,0
0.2613000000000016,79,2.0623299977489022,3.2722018474479397,0.3667946794421846,1
0.2784428571428584,81,1.784542753139174,1.0646392599964636,0.35165140306683385,1
0.28272142857142973,83,1.969216491926684,1.2130104697744042,0.4012888700437231,1
0.28771428571428714,85,1.9566722973921644,1.7389038459543305,0.4211619466804489,1
0.21606428571428488,135,1.4037550367954248,1.3172043236598692,0.5097352019291632,1
0.21962857142857115,136,1.5368119059883343,2.5735961051253553,0.5140778430653822,1
0.23927142857142872,137,1.102135721063545,1.2453279506330783,0.5951615948435944,0
0.2429785714285708,148,-1.2751553337048993,0.8815613679778699,0.5145909506656886,1
0.2557285714285738,156,1.8262279173655946,2.3607082080118147,0.5008772752629745,1
0.2635928571428587,157,2.166821469754598,1.3360592688484088,0.5056848370601035,1
0.2663214285714294,158,2.266075434115781,1.5697919649509264,0.5048413491708121,1
0.2665428571428592,161,1.8130555726197188,1.1261670258540113,0.5055067522099401,1
0.19836428571428602,201,-1.275431381490909,1.1532929588529832,0.4656831482123688,1
0.24465714285714515,228,-1.5222444388429746,3.549426969824601,0.47127618613312044,1
0.2534785714285742,230,-2.4335633234512666,3.6305239712267543,0.5103827044498628,1
0.2534928571428594,231,-2.529048666140115,2.8011753090388685,0.4866157672546054,1
0.24920714285714599,232,-2.556349120673652,1.092976614092092,0.48800537611922473,1
0.22330714285714492,236,-2.216150946058262,1.2377377938211658,0.4462545021394959,1
0.20153571428571432,70,-1.1838517885971034,0.9623408354489752,0.4990090619491264,1
0.218907142857143,78,-2.0218699949319734,1.499981948135797,0.4697069616145888,1
0.23105000000000026,79,-1.8730001855128764,1.0309888245913847,0.477891306174249,1
0.13360000000000025,135,-2.2711617060745897,1.709506117681331,0.2699772740475064,1
0.1271714285714296,136,-2.357789046265541,0.8383353958710269,0.26895727707388273,1
0.13610000000000003,137,-2.557839212940348,4.894159150022124,0.276845541939813,1
0.13969285714285767,150,-1.1358787991168722,2.7691186948839883,0.3030135173164912,1
0.09358571428571391,175,1.2394315542321914,2.1143594655640316,0.19827125108305121,0
0.09565000000000014,176,1.1356755572061203,2.334987095871678,0.19919411737631487,0
0.10136428571428675,179,1.3352448272877246,2.7308809297236296,0.2001370322309534,1
0.11654478571428736,197,2.324558852951428,0.8467671087301981,0.22295135660716667,1
0.25797857142857133,31,-1.576877841439609,0.9094589956291306,0.5637664191910193,0
0.2658457142857143,32,-2.2637565244293953,1.479264806574706,0.5301910929244056,1
0.2795742857142857,35,-2.656989137885328,3.2856147265222004,0.4810105962604181,1
0.2845742857142852,36,-2.46593252684272,1.2464690885597833,0.487340194276883,1
0.3009814285714307,40,-1.8529793878657277,0.8348476198934776,0.4874291070948853,1
0.313838571428573,41,-1.806375866567521,1.0903789235891725,0.4766732172984766,1
0.31731000000000115,42,-1.7773718134704972,1.293148758460997,0.46533021114775913,1
0.20727857142857328,76,1.2135557489373867,1.8800970447763705,0.36774063400660956,1
0.1580999999999985,157,2.850785682628463,0.848704885504932,0.2695677679030676,1
0.16577142857142796,158,3.214860080573562,0.8948252052821176,0.28042854917560606,1
0.1646571428571428,162,2.4707075972595023,1.069745799412414,0.2823676394013708,1
0.1678928571428569,165,1.7277705356920612,1.0437739223735283,0.30345730617824335,1
0.17224999999999926,166,1.4061235358253361,1.205626878495026,0.2756865723145573,1
0.1555500000000001,183,-1.511570239773238,2.2140725574395135,0.27373524363597757,1
0.15483571428571402,184,-1.4573950683334742,0.9654004430859445,0.2738476933649469,1
0.1358928571428574,185,-1.3371710828605998,1.1480449560612507,0.25878175147650645,1
0.10039285714285841,215,1.5618044703433889,1.2405128886249084,0.18607339103225676,1
0.11287857142857202,216,1.9541935877034466,3.4413352530832944,0.2056230042910366,1
0.11626428571428704,217,2.2015682499065883,1.65629425684277,0.2039825786335768,1
0.12557857142856932,222,1.7584209364022987,2.7545790763981466,0.23478257984847778,1
0.11638571428571456,269,-1.086387754720408,4.823940330772198,0.21570674280679572,1
0.22682142857142853,48,1.3002176365985054,1.1900607554661249,0.4674894126445926,1
0.21042142857142818,50,1.5135871012155562,2.438385494670674,0.3934451450878392,1
0.1342428571428574,100,1.3200198204165043,1.3011492368940116,0.24079946663155982,1
0.13389285714285698,101,1.9075468462461527,2.196588792091328,0.23866096590155128,1
0.15629999999999963,107,1.9191507881729404,2.444103681536884,0.2769876911608293,1
0.1294785714285709,162,-1.6094994032692995,1.7557133651558083,0.2003588125514967,1
0.09483571428571379,185,1.7033578910738465,2.2953308696337347,0.20542609651782584,1
0.0926571428571421,186,1.9455466939443427,1.4478590641958107,0.20568179043658918,1
0.07563571428571489,193,1.8434951787075584,1.1396683242962335,0.16745332606846977,1
0.07289285714285702,203,1.992068315916111,2.4237563580787285,0.14600832415134593,1
0.07453571428571491,205,2.188936813318343,1.9944904328741808,0.11991883926955609,1
0.07775000000000075,206,2.080940161036001,2.093351449621995,0.12436082046132221,1
0.0781151428571444,218,-2.0589726018486694,1.7556524916460337,0.13453400715777705,1
0.0755365714285706,227,-1.4358136007000908,1.3810136479319004,0.13563654371276396,1
0.08146514285714192,228,-1.4772443675541347,1.1734483733937076,0.1382674671178924,1
0.08198571428571252,231,-1.3075695590837213,1.5507436864117772,0.12719148555204934,1
0.09353571428571021,240,-1.1933251293413052,2.692333129324015,0.13212663339995362,1
0.08867857142856954,242,-1.6461379898440673,3.4002109558185993,0.13062257334843727,1
0.09214999999999764,247,-1.9673969298516192,1.1862091220336881,0.1394505399006125,1
0.07403814285714512,262,1.5420963496302245,2.2568011568338258,0.13954336435553752,1
0.07827385714285892,267,2.168915987327653,1.0331165031906109,0.1392208980089504,1
0.2788642857142857,15,1.2748318670832768,1.170471993126566,0.5186142069062494,1
0.25422857142857175,17,1.2908596324965769,0.8487373784079633,0.524034217412625,1
0.2378,18,1.3113954924451314,1.1906987305728767,0.5222958722631365,1
0.28889285714285506,38,-2.5975258970832686,1.02733818631124,0.4393404752545294,1
0.16565000000000143,67,1.5005556404631117,3.7831777258490122,0.3330622808698418,0
0.1470928571428587,75,1.131971832261648,0.9362369058372642,0.33032691356041594,0
0.12050714285714394,90,-1.1467407658599917,2.909467608118918,0.20054511549347187,1
0.1302001428571446,96,1.1670669857985765,1.2530494669605607,0.21360646307045733,1
0.13462871428571482,98,1.8050854606890783,1.0861789899659142,0.19316610383789065,1
0.14958571428571535,142,-2.3036996004072763,0.8660048764428125,0.27197570753710754,0
0.163021428571428,153,-2.1665550764119943,1.2899379072586374,0.31634054572372,1
0.16865714285714262,156,-1.9468331779661492,2.727647685970933,0.23807369562948066,1
0.17579999999999935,157,-1.8931132270372248,1.0618728781354596,0.23548240529191292,1
0.18550714285714268,158,-1.868496349615493,1.179695118112827,0.24041858881431502,1
0.19519999999999982,159,-1.7411432078187141,0.9029827653587305,0.25216396499752347,1
0.19484285714285626,162,-1.3708375997351654,1.5770655878834743,0.2527314058180746,1
0.14024999999999974,173,1.0135789821651062,2.107810218543079,0.2804563966388218,1
0.12942857142857125,185,1.259031496869012,2.7991598092439656,0.2724433887994774,1
0.14222857142856984,200,-1.4842168229893056,1.647806145406121,0.2597771635763062,1
0.1529214285714277,202,-1.9698392578208108,0.9517573473801014,0.2560416022812079,1
0.10907142857142763,228,1.7840706090029699,1.2320778750667465,0.20516290329074657,1
0.1101928571428579,230,1.9199865088856538,1.585545053628977,0.19469401625759866,1
0.10519285714285839,231,1.8637180844972472,3.3547691385004543,0.1917490170486775,1
0.07568571428571451,247,1.6222885773091313,1.0769285832076774,0.17613151595728715,1
0.06510714285714313,266,-1.3716736587531788,3.151754133848717,0.15472790604047046,1
0.19287142857142925,54,2.4166148887255527,3.0805304188633214,0.3890244369492367,1
0.19357142857142812,55,2.310549080580201,2.2971176770527117,0.38971304298149634,1
0.1356999999999989,103,-1.0317027184292942,1.0799089510172095,0.2522431229441589,1
0.1161928571428561,111,-1.5736693745936423,3.290947387708473,0.21651013010462988,1
0.12262142857142777,112,-2.32176521561419,2.6144421253068564,0.22005733101466587,1
0.12690714285714222,115,-2.4714896144108343,1.1904042172710445,0.2590826866204057,1
0.12978571428571278,118,-2.501877817900275,1.371311259551782,0.2672286016748391,1
0.1355000000000004,120,-1.4573127145695284,1.1690491323072574,0.2770891336367921,1
0.10535714285714347,153,1.56970338335353,1.1959819475846305,0.20423073294605712,1
0.11297142857142818,154,1.472770730899305,1.4032013347755266,0.21651017058150976,1
0.10010714285714377,180,-1.7365105854810385,0.9009528684690334,0.15476938409295557,1
0.09088571428571665,189,-1.6177745548490985,1.0047045208706273,0.15881974240119967,1
0.0918428571428588,194,-1.6706954871907769,1.4540898999414043,0.16242634348449694,1
0.0800071428571424,212,1.4482604919351065,1.4124994680586602,0.19899820162381368,1
0.06795714285714231,254,-3.231016755651607,1.48339923745921,0.14755596386109943,1
0.2848428571428597,24,1.5627535143727698,1.4115179504247979,0.7996118671634819,1
0.29627142857142985,26,2.1601296405574097,1.507012636711525,0.816005134060886,1
0.2994642857142864,31,2.3256116291853037,0.8967720032313388,0.7514810735498,1
0.2948214285714294,32,2.339089145340493,1.3719735740091996,0.6035577256019998,1
0.319821428571428,34,2.040337837615894,1.1166381136984405,0.6155701979910424,1
0.1575214285714312,99,-2.8019672379902443,1.6870821205177553,0.32152138069498315,1
0.1660928571428601,100,-3.469509561045151,1.3615614660801807,0.3382566001778474,1
0.10707857142857133,164,-1.1244656027512803,1.446722446204038,0.21529698620915969,1
0.11098571428571498,182,-1.238406942152681,2.149665499462301,0.20119151088881826,1
0.08378571428571543,196,1.6625316326538124,1.2990961444814366,0.21542036533828135,1
0.08915000000000058,197,2.6855889813211697,1.6125697905818759,0.2187154729793478,1
0.08992857142857247,198,3.134808068844152,5.152574964674078,0.21508904170425838,1
0.10511428571428942,229,-1.3038032585693013,5.072731504279368,0.22337570690042327,1
0.11440000000000339,230,-1.3895143550768676,1.0343171993197784,0.24616187505496367,1
0.11643571428571217,246,1.390013245455838,2.5080727606511424,0.24129120591273576,1
0.16762857142856952,250,-1.8269687702564366,1.0404814092481578,0.2904270654465989,0
0.18627857142857046,251,-2.5278865787646905,2.406821726650634,0.29040372077074145,1
0.2194928571428554,252,-3.6905785544898233,2.7219696935968147,0.38926781599998356,1
0.26377857142856903,253,-3.9974295312055625,4.035189100101521,0.42795437329145647,1
0.29700714285714114,254,-3.4036165811668946,1.8931529315268671,0.4811333431490523,1
0.3505357142857152,262,-1.298236688665782,1.195844383586325,0.49618678092629637,1
0.2502999999999988,48,-2.0360526273281887,1.0437951981516802,0.42388822402644366,1
0.1422071428571416,103,-2.2221009192372594,0.857577741124178,0.2767024435086081,1
0.11492142857142694,109,-1.8483661805205684,0.8566185809656477,0.2522508224872679,1
0.12277857142856975,110,-1.872486491846363,2.7720848637877435,0.23914738096945098,1
0.13509285714285518,112,-1.1858522322219136,3.5801027211000354,0.2547663678754489,1
0.14036428571428416,115,1.221797392807521,3.7996807662746295,0.2886025113947461,1
0.0911857142857124,152,-1.3441979989442348,1.0604757470901978,0.17872687822851416,0
0.10177857142857098,157,-1.1146506291469092,1.2023569839072221,0.1883856343829822,0
0.10970714285714374,160,-1.7276131539200745,4.8167239720432695,0.1918484520199419,0
0.12094999999999853,165,-1.8174650593829067,0.9847647887162908,0.1564109746984889,0
0.11446428571428413,168,-1.4828086514258716,3.8293256492929713,0.15389402839443078,0
0.11446428571428413,169,-1.354279196815635,2.659008995113991,0.1509861912833089,0
0.09661428571428234,178,-1.1730545937006196,1.5703657966429228,0.1859286400039807,0
0.09554999999999682,179,-1.5887284178034309,1.8357564812624223,0.18752919985955055,1
0.1186357142857111,180,-2.07780106547519,3.7175113711799725,0.19925102489753493,1
0.0907814285714293,210,1.4251873834093156,3.1087135938427966,0.23644575944197693,1
0.08517142857142801,241,-1.242600593985317,3.4285784053880324,0.16136953144735028,1
0.07888571428571314,263,-1.8604581492857333,1.0527522146273407,0.14572007118881905,1
0.08326428571428376,264,-1.5371531300492327,2.826832102792995,0.145975355264577,1
0.08754999999999821,268,-1.5271425643633127,1.5094809006773382,0.15461396357666635,1
0.19044285714285536,53,1.2260040306380409,0.9009864040131015,0.38622562716551795,1
0.1559500000000012,75,-1.0899143960610418,1.204716761886692,0.3011508321973296,1
0.16153571428571517,77,-1.1255938952962519,1.2807797543522272,0.3046153789901298,1
0.1217071428571442,108,2.6332237911425054,3.6271460077159796,0.2450068301112253,1
0.129564285714287,109,2.6375487186810123,1.6835180050610539,0.24715086250704574,1
0.14686428571428678,110,2.0211834980715584,1.467871071806588,0.2718778168576876,1
0.15266428571428645,111,1.4987274530851091,1.61932180633779,0.2713645823110752,1
0.10767142857142886,133,-1.488298805163446,4.648185186556626,0.2523774098219306,1
0.07920000000000016,170,-1.8362603284472947,2.340046586956378,0.14521243636634779,1
0.08205000000000037,171,-2.3596178982957694,2.7825234893253947,0.14399287618854636,1
0.0825000000000011,172,-2.3680999572006343,1.917820724482494,0.13328220917924316,1
0.07965000000000089,176,-1.6240813155659963,1.011741162076047,0.13153764099933288,1
0.08495000000000122,177,-2.0257958420682898,1.966132902004622,0.13956606479294678,1
0.08708571428571535,178,-2.411500448490522,2.678158545778694,0.14095079963619644,1
0.08350714285714389,179,-2.55283298275818,0.800809729579081,0.1402537667938592,1
0.08483571428571578,180,-2.3760072633731752,1.1278214375148683,0.14369914654487007,1
0.07659285714285703,214,2.4297556188951446,2.0464818691567386,0.14772787336121604,1
0.08278571428571269,247,-1.3833069895355414,2.6354477071986557,0.12557382692614855,1
0.06384999999999914,263,1.4428463003395269,2.6809357533631104,0.1276771062831327,1
0.06348571428571351,264,1.543253547264548,1.2325859353223576,0.12347256875294339,1
0.06277142857142845,266,1.1649057763288202,1.1662648179491781,0.12534745208087933,1
0.05961428571428635,269,1.11819862975136,0.9801212607281338,0.12878533172263096,1
0.18145714285714323,46,1.9672603290810655,1.5219749310150525,0.31601989473634784,0
0.14492142857143112,57,1.7369716824879298,1.9706644082240767,0.2681850978437612,0
0.14992142857143165,58,1.775116129045631,0.8073768069969552,0.28154704825954185,0
0.16205714285714481,61,1.79916362193571,2.5367614125387674,0.2965854642466327,0
0.16633571428571617,62,1.7388481880356859,1.0658204608718012,0.3073182414445602,0
0.17715714285714565,69,1.478428668244181,3.5431362376127793,0.2844644026982162,1
0.18287142857143124,70,1.432277255814463,2.092697752794626,0.29535150186656944,0
0.19072857142857202,72,1.5997445144138813,3.0842726658408632,0.312804231929857,1
0.1971500000000006,73,1.7622517268499958,3.855994985352591,0.3134368177501736,1
0.19927142857142854,74,1.706639020446649,1.029615497070572,0.3323951696101721,1
0.20791428571428636,75,1.732995310792707,0.9638118717834558,0.33457609878200006,1
0.21932142857142825,76,1.8294016086864666,1.4018569563708734,0.334289523123647,1
0.21937142857142788,77,1.9020411226674185,1.2148721320926559,0.33046336522778025,1
0.2215142857142851,78,1.9698139859645984,1.7052785630012453,0.3237202737969191,1
0.22765714285714214,80,1.9850505659793152,2.8295769682890137,0.3127944857359175,1
0.24635714285714272,81,1.73294663736009,0.8295154403022227,0.3627941939448665,1
0.11533571428571422,139,-2.2204761565347866,1.799811784592505,0.20959204577724727,1
0.12205714285714261,140,-3.2959868026632093,1.9969513339516693,0.21331350294064838,1
0.10945000000000148,160,-1.2822884771247094,1.284535707450211,0.19765257545124107,1
0.10126428571428749,165,-1.3687563050171812,0.8315978924448847,0.18615096021134794,1
0.07627857142857206,191,1.4261809161600272,1.3900823607148087,0.1400703006122053,1
0.0778142857142886,193,1.477822798661366,1.0940762262710768,0.15173185590083416,1
0.07740000000000334,195,1.786415031234028,1.0770584006639639,0.15012675729233121,1
0.09362857142857248,203,2.161718250838176,3.013233866255548,0.1718551452146428,1
0.09302857142857184,204,2.303632066453449,1.2550112574645504,0.1675957559816503,1
0.09124285714285715,205,2.235151617548812,2.0134953953833006,0.16858812704222859,1
0.09312142857142598,211,1.2107224339505518,1.0729819543634767,0.1643406107965237,1
0.09274999999999725,219,-1.461966989173177,1.7745494400712432,0.18060638507163476,1
0.09560714285714056,220,-1.9334431630198345,3.3807217174934356,0.1816352495916406,1
0.09632142857142664,221,-2.1215395968114383,0.9283974748439103,0.17766423714642773,1
0.1041499999999991,223,-2.1506105845463606,0.8355433212915305,0.1737549313041106,1
0.10441428571428547,225,-1.6625900981442867,1.160835178751293,0.1870012009179551,1
0.07405000000000074,251,1.5886242901243806,1.0592143543618988,0.14467480274502023,1
0.07655000000000049,252,1.3490513771386108,1.5134061536914176,0.14212440387079228,1
0.3752785714285715,23,-1.1965134632326797,1.1867411549284719,0.726554520938587,0
0.14735714285714505,84,-2.1312425488514934,2.7659694123609175,0.22839668524163356,1
0.17056428571428484,89,-2.546473627423153,1.3757156097113608,0.23649585702452505,1
0.18413571428571324,90,-1.9984653240927077,1.100020571567856,0.2873337340886066,1
0.12337857142856835,118,1.1833704441511783,4.522580745846584,0.29359309753928065,1
0.12716428571428245,120,2.2930850733511683,0.9129164547487163,0.2655591927476314,1
0.14636428571428337,127,2.064724598251859,3.2581370384260357,0.21000612187529927,1
0.07819285714285838,198,-1.4351960604610703,1.0926764164112464,0.1370395031957837,1
0.07609285714285667,203,-2.843487566798131,0.821309471537927,0.1291944716724781,1
0.08334285714285576,209,-2.3173123046766424,1.052015478178817,0.12272123301692064,1
0.08866428571428438,210,-2.2309482783744703,2.5390239564955035,0.12251639514159456,1
0.0821714285714279,215,-1.5172098392807698,1.6057274672386126,0.12851159952647076,1
0.07035000000000176,265,-1.0655473666071005,2.2582288202363183,0.13276734856991249,1
0.06535000000000224,269,1.3995549378654661,1.405988192838417,0.13019796705102468,0
0.1774642857142855,56,-1.5270825618772506,1.2531100023915371,0.35932573850694466,0
0.17487142857142857,60,-2.8502975313837786,1.857485220071498,0.2519762661502927,0
0.18794285714285763,62,-2.658206095246688,1.075911096846745,0.25358930715791,0
0.2011571428571435,63,-2.607328297570019,1.106906551690313,0.24663555746029261,0
0.1953785714285711,74,-1.4446754881251789,1.3452701410537908,0.23452056744844335,1
0.176557142857143,90,1.3211603323911287,3.1200918598081544,0.3416538800235078,1
0.17227142857142855,92,2.053732404789078,2.034258998230413,0.3382646526172531,1
0.1612142857142871,96,1.7609230519685333,2.642470434544494,0.3274755005858086,1
0.14442857142857182,100,1.3785371178817645,3.3884722384752703,0.32854495349352236,1
0.14478571428571435,101,1.2375532196231764,0.955632396862157,0.32658825238482403,1
0.10007650000000215,166,-1.5982187618635233,2.9845588797244225,0.16584256648175727,0
0.11186221428571587,167,-2.1292656439627793,3.4647909914177117,0.1794083257332978,0
0.1190050714285716,168,-2.3412624262367374,0.8940733295526401,0.17962301010794912,0
0.12721935714285795,169,-2.6041752385409924,1.9267606598950924,0.1965406881037948,0
0.12929078571428626,170,-2.717120650723037,3.546984857315243,0.19830015772427795,0
0.12759285714285593,211,1.6189206147944273,1.2618423204670166,0.19799376094241938,1
0.15179999999999946,225,1.5415225850882242,2.5979899662007884,0.22166028496578222,1
0.1567928571428569,226,1.568001560923042,0.847362298200751,0.2450374692137789,1
0.16577142857142999,229,2.008379055209209,1.102778681301661,0.27818775565910564,1
0.1321000000000002,242,1.095118722501237,4.4888153928123575,0.27758369881725065,1
0.17495714285714367,245,1.8250046161734943,4.213200889572262,0.3348835127741636,1
0.19902142857142938,246,1.9801277222138325,3.2020567091409298,0.3399364620307049,1
0.23407142857142965,250,2.007571733581535,4.43733333579407,0.33809987230348276,1
0.34858507142857115,29,-1.4968274548150289,0.8991261400484786,0.738027544758038,1
0.3279707857142853,36,-2.0471187034545886,0.9359482079565599,0.6615292286374792,1
0.3351064999999999,39,-1.393369780058786,1.3560766590171782,0.6716754790459964,1
0.16259285714285962,89,2.919789899979652,1.113561053313665,0.40983396035661057,0
0.1586000000000029,91,3.425197141939767,1.042800054357807,0.40885425892572846,0
0.154514285714289,96,2.1642554552692213,5.182949242471765,0.31575991746721993,0
0.1411999999999998,152,-1.45909261297808,1.2320985613512578,0.3329368837441206,1
0.13119999999999976,153,-1.1189444465676264,1.9229970024167158,0.3325850928446559,1
0.09682142857142903,175,-1.0381832322207165,1.5391264825113606,0.20834646407766164,1
0.09819285714285542,207,-1.6514624103170257,2.199491119431746,0.17037662616894336,1
0.09470714285714113,211,-2.833406789054334,1.881606509090594,0.17608913412827035,1
0.07527142857143028,267,-3.1561693595027154,3.1089470515002797,0.17513962710949824,1
0.07830000000000174,269,-3.0732513213600847,0.8630538909391773,0.17987988970597413,1
0.39442857142857185,17,1.5954934813297084,0.958395287352242,0.6138895021652162,1
0.3633357142857148,22,-1.1040013669111854,1.3219867676239732,0.6506775119079989,0
0.33226428571428607,23,-1.7361879208336783,1.81115461733943,0.6572615442069574,1
0.3258428571428575,24,-1.9649495410871893,1.0409606306221337,0.6617199760963937,0
0.2843071428571418,31,-1.8719043973563447,0.8410353779572186,0.6909226716775029,1
0.2890214285714277,36,-1.3481345137137672,2.3451728131746123,0.6749737027701004,1
0.27922142857142923,44,-1.0824278478991745,3.435449649870679,0.5033746396872404,1
0.2197571428571428,66,2.043365972902529,0.9084573617099216,0.5348413650314976,1
0.17592857142856896,88,1.0288975534188896,1.057203139860932,0.36005943734257667,1
0.1754642857142861,103,-1.6921338623372149,1.9685051758811245,0.2949911147379578,1
0.14532857142857125,123,-1.1006844839571825,1.236378115231196,0.1974386427328965,1
0.1345714285714276,139,2.997670204462404,2.294320383176695,0.2832742750334283,1
0.14641428571428503,147,1.96242181459927,3.222428949403012,0.31572891762221733,1
0.09942142857142601,172,-2.4952380363626516,1.1109792611702614,0.2212093031438432,1
0.12240714285714104,184,1.3334825227257119,5.085546800888806,0.21527122096793214,1
0.10249285714285808,214,-1.0798121472967295,0.8719589752413598,0.19049049949658847,1
0.13405714285714104,237,-1.7502833782780212,1.7170521725406394,0.2520744315160595,1
0.1376285714285694,238,-1.7171174767555193,1.442659297295144,0.2499705865053022,1
0.13061428571428532,242,-1.198680547088276,0.9333305716922402,0.25756709859257115,1
0.2073285714285699,40,1.4544594024057513,2.2806801103026633,0.3785367914611702,1
0.2183642857142861,43,1.8793878063189038,0.8846964103477376,0.3969818201244143,1
0.2280142857142867,44,2.2278403020177024,3.508626263619923,0.3967338588416594,1
0.20365714285714528,57,-1.5029890780810533,0.9818233925436239,0.38059414791218094,1
0.1990142857142873,58,-2.245666678371223,1.8711224089523302,0.3989280822731663,1
0.20723571428571574,59,-2.8191160794038224,2.2942444672808997,0.41314857977532743,1
0.16309285714285998,89,2.0589613656782033,2.4160404976392926,0.3398679222568794,0
0.1601357142857164,90,2.299322017131181,1.482927770381406,0.3198923374880661,0
0.1690642857142868,91,2.5560810150216087,1.0745933820996125,0.33029362502386467,1
0.17549285714285848,92,2.677393853292325,2.4399445430400193,0.3265410664564719,1
0.18977857142857196,95,2.6074657097863523,3.6282161750453175,0.3674125513578113,1
0.180571428571429,97,2.4128011517227472,1.024732018025072,0.3714882706658983,1
0.13859999999999775,122,-1.7435425439594334,1.0107515085892123,0.329263064792663,1
0.13823571428571313,123,-1.6976044960717742,2.2356888698291955,0.3355132921468741,1
0.13992142857142756,124,-1.6576690492183428,1.1689111826512475,0.33531687098647,1
0.14318571428571505,129,-1.0591144131703047,1.5859448712919686,0.2757404288298791,1
0.15284285714285875,132,-1.2329981862150012,4.25185693167997,0.24173178257716002,1
0.12054285714285637,172,-1.738794326309618,4.183547572933638,0.25831114730349447,1
0.15230849999999968,189,-1.4866932368562313,1.0745994074682141,0.26886560157245865,1
0.14720714285714515,208,-2.598660491034027,3.93237799187702,0.29364738064984375,1
0.1501499999999995,211,-2.8781090690213436,2.1709141786149324,0.29226849980566405,1
0.15627857142857035,214,-2.5682586198778683,2.084756141417475,0.29823500142489395,1
0.15627857142856932,216,-2.332618468385597,1.611723655127909,0.2942974105598581,1
0.15862142857142406,221,-1.0435108134032458,0.8289756933603971,0.31689453166562853,1
0.1344928571428576,266,-3.1672723421261897,1.4115075449164058,0.2640684067185208,1
0.3155357142857156,30,-2.010752986807463,3.355802689295919,0.7173318260812038,1
0.31504285714285835,33,-1.6311602961500007,1.00700963884126,0.6473318173852001,1
0.3132571428571436,35,-1.0668524652495444,1.2492075091233423,0.6428040273261532,1
0.19592142857142697,80,1.2213182170606478,1.739000151529877,0.4053071577873557,1
0.19353571428571367,86,-1.2579360515146432,2.257889101134383,0.34533061200661536,1
0.1840142857142857,89,-1.9671890342701532,1.569639556363154,0.3375051840468424,1
0.19901428571428528,90,-1.777588607950148,2.0462623956022146,0.3435683299035248,1
0.14070714285714253,105,1.6752985872478945,1.0126160753889992,0.31673278495142887,1
0.1230714285714285,142,-1.1206559211632832,1.3350839540129562,0.246887779094892,1
0.11351428571428203,152,1.5293798430798804,1.3150529282715078,0.2264806220584268,1
0.12192857142857301,169,-1.1728492593572484,3.2657559199405854,0.2159470098994771,1
0.10206428571428765,190,1.728770865531097,3.386640535212234,0.2566137389514314,1
0.10996428571428803,191,1.2265273161824808,1.0328291748076497,0.27240058579018495,1
0.105557142857143,222,1.323428196985115,1.609701134352941,0.17462150360385387,1
0.10555714285714199,223,1.502196298607418,1.4277583756154013,0.18034843017127505,1
0.10305714285714121,224,1.633367514702563,1.4527285338702394,0.18065227636688203,1
0.09812857142856858,226,1.4632678711422222,0.9710391053417317,0.1818571138511641,1
0.093514285714285,230,1.0282676001626672,2.5700447981108687,0.16243791585282186,1
0.09637857142857038,231,1.1967016691219365,1.7478667018611638,0.17519760677250376,1
0.09353571428571326,233,1.4615194406283507,1.3939531979866235,0.15577790788578808,1
0.09824285714285708,236,1.6377882037344242,1.9502010707676531,0.17482462552261818,1
0.08301428571428561,255,-2.0954967992269387,2.0876412660190757,0.16772537988992017,1
0.08516428571428593,256,-2.0340153490043,1.4916784992168903,0.1625311233201022,1
0.08975714285714531,262,-1.028494395330176,3.2366251483780895,0.16987392734906323,1
0.09902142857143,269,1.3118377645352235,2.2275652647718975,0.19360513389156428,1
0.3271500000000011,30,1.1005258606041006,1.6398172773851698,0.8777528034547746,1
0.30572857142857196,32,1.3896602431786589,1.5615780594892903,0.7778080861395004,1
0.3072357142857151,36,1.383885352307302,1.2718118552871966,0.7158563109099132,1
0.2840500000000006,40,1.5351235978482916,1.6146973609314748,0.5848363941756178,1
0.2600285714285714,55,1.3357357843971198,1.8726027497432722,0.44705651690214065,1
0.22781428571428616,60,1.389077281154478,2.0939216925050763,0.4529632555120034,1
0.14177142857142908,102,-1.0827834249659556,0.8054149462433573,0.34825543326107455,1
0.14067857142857118,105,-2.3057868905123264,2.1029259253825234,0.33827336182884066,1
0.15343571428571426,106,-2.8078149523393345,3.5237475204822357,0.3442641051210389,1
0.160578571428572,107,-2.5481073506102936,1.121506188189151,0.3258776874765333,1
0.1666499999999991,108,-2.152470729282261,5.197096649071924,0.33174021386883873,1
0.13096428571428578,154,-1.0214884643998126,1.342856558829083,0.2392008152117553,1
0.12167857142857182,157,-1.5882228461670698,0.8954645821999728,0.2463732279968436,1
0.12542857142857247,186,-1.145686985322505,1.037822099508201,0.27539676565758464,0
0.10471428571428731,187,-1.274023445629737,1.716037479264085,0.27170995018638744,0
0.1007857142857154,188,-1.3434877567676895,5.212583626108233,0.2621604147385757,0
0.09904285714285825,192,-1.865977525448282,1.757130527477639,0.2723858556159403,0
0.10404285714285878,193,-2.1196529854715482,1.2838370525897083,0.2757725485215963,0
0.14729285714285517,201,-1.9599666962150901,2.042245684936933,0.30310221751964733,1
0.12962142857142872,226,1.626584938795957,3.415442466674941,0.3677755694915203,0
0.16867142857142983,240,2.821822510613738,0.9161108469852454,0.32929576661238324,1
0.13671428571428684,268,-2.4010435209184187,0.9380617096338877,0.281530556709816,1
0.36330714285714144,30,-1.153397818936408,1.451753911453064,0.8723426453073362,1
0.25577142857143137,60,2.0971659600659804,2.568363002722363,0.43948471564567193,1
0.24421428571428652,65,1.3930554258826824,1.3671595767298934,0.46891262052409416,1
0.16252142857142968,113,2.1566764738698367,2.1567584543329463,0.3621102926197304,1
0.15380000000000088,114,2.70464206555309,1.1015536925955072,0.3556164085834423,1
0.15594285714285913,115,1.9477822133789198,2.122966177935821,0.3994890001203294,1
0.14668571428571653,120,-1.6030845939092162,2.6427919877610724,0.35880714783204626,1
0.14317857142857296,123,-2.3752805580789738,2.4043356333039996,0.3596043209565141,1
0.1524642857142869,124,-2.5350010235145484,2.825470890447002,0.3643307719354996,1
0.15746428571428644,125,-2.3376080533514454,2.335948524468597,0.3662635930604339,1
0.16930714285714288,127,-2.4413131559124515,1.3640792833437638,0.37333266855841535,1
0.18329999999999863,134,-1.4232920322409104,1.17423322460774,0.33235422878803667,1
0.11163571428571421,173,-1.2838693568572292,0.9912431870538168,0.20579201688108675,0
0.11425000000000043,177,-1.9952760492724968,1.085464678067126,0.2200891585677174,0
0.12068571428571419,178,-1.9305663405372149,0.89907375175894,0.22436225710460997,0
0.11638571428571355,179,-1.8576037759951576,0.8664011060202228,0.22194197294873505,0
0.11802857142857245,184,-2.415736899004633,1.3722385851818588,0.23068298507212048,0
0.13151428571428475,197,-1.3508344056194683,1.54019218870185,0.22914705718822673,0
0.13861428571428597,204,-1.5222663485013472,1.4144409317255937,0.25885988285912476,0
0.13785000000000025,205,-1.6380663680323058,2.8747203878527023,0.2612034905959869,0
0.14889285714285755,208,-2.3236200375922804,1.1251390401401116,0.26374647720253624,0
0.15004285714285714,210,-2.182831045878525,0.9410808754636405,0.26969233229639017,0
0.143971428571428,211,-2.112538555762654,3.0300287895945783,0.2679733019124732,0
0.14862857142857117,213,-1.929416828757337,0.9600494512249821,0.2779098330102807,0
0.16285714285714295,215,-2.046428677070306,1.7210455941785017,0.3042787790516612,1
0.16642857142857131,216,-2.0161284488635003,2.03432927996194,0.3049898561390918,1
0.1721357142857138,217,-1.997273836873914,2.5663348091474503,0.307194383677589,1
0.17070714285714267,219,-1.899903218940396,0.8375346930946449,0.29572620037600444,1
0.16463571428571352,220,-1.8790876123672033,1.4869022645130365,0.28508156663423884,1
0.16534285714285651,221,-1.7767125488715965,1.0234011358332338,0.2802284373767366,1
0.17641428571428616,223,-1.7337610570561959,2.0314219010391947,0.2843995981391512,1
0.1899785714285715,225,-1.44702614273081,0.8339701644446031,0.3109755926932648,1
0.18691300000000005,237,1.2553648955864956,2.828555540927326,0.31714053364732975,1
0.18677728571428634,238,1.0252849216518334,0.833671691585426,0.32287812568020136,1
0.1871772857142854,241,1.0559637791774044,0.8661616708851629,0.34485556068165235,1
0.20752142857143038,258,2.3986924883148335,3.9476994507509255,0.39307303500567015,1
0.44826428571428373,30,-2.1309974972633534,1.0346656606749904,1.1348744169988725,1
0.36351428571428507,42,-1.0089863176708498,0.9015337268458008,0.8129901730626974,1
0.2558642857142855,93,-1.2820562895857939,2.4367690139154403,0.6191863785918343,1
0.24279285714285642,98,-1.8630308625524474,0.8491805978715706,0.6327231106755766,1
0.238192857142857,122,2.4171511794204803,1.8517740264359503,0.4424292358515431,0
0.23072857142856812,128,2.3281190948314303,1.6972381046403866,0.4310347003842099,0
0.18368571428571048,136,1.967490907435423,2.2249956394993795,0.4304439208437579,1
0.1998857142857113,139,1.9666552697987492,1.1501154474625248,0.41768736009363383,1
0.1961357142857137,145,1.4511866450008144,2.0283964252938453,0.37858120927217664,1
0.2132499999999991,191,-1.2245489860060716,1.098396236165722,0.39155082610766045,1
0.21074999999999836,192,-1.3554492361221107,3.0299251813371146,0.39338946948777126,1
0.20507857142856828,226,2.0066357415597658,4.271255044383578,0.3549959641813323,1
0.20365714285714123,227,1.9961663591773227,1.4591785746532524,0.3545948105192259,1
0.21341428571428317,228,1.9520833130365982,1.2797040913326596,0.3505679114563773,1
0.25582857142857207,50,-1.1359441358807236,0.8603022390487296,0.8095233472149307,1
0.265900000000001,51,-1.4363491409961828,1.689169520692073,0.8161485400195387,1
0.1738285714285703,98,-2.1962528174420295,0.8643276863164766,0.36529975768934936,1
0.17311428571428422,99,-2.088732950187996,0.9568450107563289,0.3661946255302628,1
0.17561428571428297,100,-2.0519761733868407,3.341858000449929,0.36959712110705795,1
0.18382857142856832,101,-2.0819409762891747,2.4377313911868166,0.37215479320937445,1
0.1837499999999963,102,-2.0988229334507302,3.7570093715706165,0.3503691847656629,1
0.18357142857142503,107,-1.222543127716474,3.0094728701384827,0.34859185812111265,1
0.15930714285714284,147,3.406234388574384,3.32036090694414,0.33822420219658,0
0.18252142857142875,148,3.8742597117976367,2.7797226125116867,0.38910513863012486,1
0.213949999999999,150,3.4614544791473647,1.1109961542085671,0.43665160625566846,1
0.1221142857142894,195,-1.5816894312071423,0.8818548543196997,0.3212980262981181,1
0.15430714285714434,201,-1.4166002404420723,2.6921023199554543,0.30905267110305007,1
0.17927857142857054,218,-1.9631506878941358,0.9060937663061526,0.40274303724677774,1
0.19577857142857016,219,-2.7063117805086967,1.1712155443359236,0.40279929193553166,1
0.20210407142857179,250,1.356063620218287,3.412022523377492,0.43307279578583524,0
0.17285614285714143,258,1.425293037954574,4.693763708343501,0.4134246542783317,0
0.16598064285714287,262,1.7084689639296922,1.0032931611603633,0.3857712175035205,0
0.27357857142857356,39,2.2222128397408296,1.7693668785892054,0.5234302673710294,1
0.22813571428571525,69,-1.7090163403381933,0.9301980984913322,0.3980084663970981,1
0.21443564285714498,86,-2.7077275512487953,0.8003315513964051,0.39498801277366924,1
0.2171856428571449,87,-2.562144247204563,1.6564437472382454,0.38109693637685554,1
0.22047850000000174,90,-1.8810755241410138,1.4727368415109963,0.37017485126542155,1
0.2230642142857166,91,-1.6687773278325495,1.0024521859628062,0.36217820694558167,1
0.1542928571428551,114,-1.166417686327679,0.8325569824073414,0.3514199412710642,0
0.16530714285714104,116,-1.8108905292637252,2.1319526533990163,0.36087797177367253,0
0.19361428571428366,119,-2.200468721328423,4.304182106158682,0.4054695537850852,0
0.2143285714285688,120,-1.6060574688916824,1.8742343121919092,0.4193770063782459,0
0.2548857142857151,130,-1.9873888062318161,1.3022842419175302,0.4442146262314004,1
0.18185714285714333,155,-1.3219648615724227,0.91372131039096,0.368169377678996,1
0.20243571428571272,177,1.1802237388816599,1.195890860553856,0.4671082729372706,1
0.1829714285714305,203,-1.3674684243742015,2.092689354936269,0.42794447035103217,1
0.15177142857142809,244,-2.022979402608659,0.948502098758678,0.30254725947834427,1
0.15119999999999884,249,-2.6499690900366244,0.9165991987660063,0.3048659714389897,1
0.151292857142856,250,-2.6662602799542747,1.2580415158201137,0.2899389383078558,1
0.14516428571428616,252,-2.4648736922794057,2.8497919982007853,0.27411649932693893,1
0.1428214285714294,253,-2.3257010697552234,1.0072703608382538,0.27195005809014394,1
0.14857142857142844,256,-1.4237849629139157,1.917817379598621,0.2977099343395796,1
0.272357142857142,30,-2.073575409497368,1.399732989835256,0.5533396200765,1
0.2360214285714274,48,-1.023423310951561,0.9529031708111241,0.4704862473108751,1
0.2309785714285693,54,1.3145546683510645,1.5785879430428422,0.4618612870237377,1
0.2509928571428596,65,-2.255820724281868,2.728543536101985,0.4474267957398612,1
0.2537142857142882,68,-2.407453962250102,2.040734043698451,0.4521835124509945,1
0.18560714285713992,110,-2.2535246081247604,1.6043707401151932,0.3245636855941094,0
0.17760714285714332,123,-1.2047948588672763,1.2523187489887442,0.310072995178408,1
0.18903571428571553,125,-1.2759722874171784,1.3049413905975542,0.3230384859488393,1
0.1956285714285723,131,-1.4366215467020191,1.015290224873139,0.3070511249656822,1
0.1969857142857145,173,1.1897615754734399,2.013733915314799,0.3875724408535245,0
0.16870714285714428,180,1.968750031856025,0.8449907136905467,0.337412075898067,0
0.1844071428571437,183,2.106180424817028,1.7206780187741166,0.374521314156076,0
0.18833571428571463,184,2.3559635531582916,2.034825940138779,0.38849301679969656,0
0.17635000000000137,187,2.2669641756965837,1.9714370955454288,0.3898831124901733,1
0.18283571428571374,189,1.857034068347858,1.5818668946094259,0.4017879257484017,0
0.20804285714285697,193,1.5959048014240498,1.5378573344397948,0.36742986382670356,1
0.20768571428571342,194,1.7243702510375358,2.663844235988636,0.3731992633565003,1
0.21661428571428484,195,1.863598616864835,1.4046362583727803,0.3780653824175358,1
0.2085428571428563,196,1.901367935907228,1.1792675481588,0.353333387661782,1
0.20961428571428492,197,1.7193726868744819,2.3219975223401232,0.3915339145485094,1
0.20532857142856947,201,1.2115172203345719,1.6304732444277121,0.3847841296415708,1
0.21026428571428518,202,1.15870161468389,1.1816521024743818,0.38324304322661373,1
0.20741428571428497,203,1.159474454248081,0.9980730185001909,0.37388071472335555,1
0.24738571428571277,209,-1.5570026734092948,0.8614297362755365,0.5504079479755886,1
0.2276285714285718,226,-1.107822139584838,4.511621924361922,0.6175328458837748,1
0.16994999999999802,252,1.4599259199837589,1.1811282099223859,0.29138956058585386,1
0.35362857142856846,19,1.6407334254990729,1.3832645226621911,0.508809900925766,1
0.3548785714285683,20,1.7590557748778008,1.0067095699603696,0.5343428978891512,1
0.3941642857142824,21,1.5618083948576296,1.5402386197540976,0.6516853345755178,1
0.4248214285714279,33,-2.2215972544566838,1.8129864566329614,0.8429032822122949,1
0.37713571428571413,35,-2.6240990733934058,1.4423812140884136,0.8051250132129308,1
0.3528357142857144,37,-2.498639276899534,1.2605381231638508,0.8047211454698194,1
0.36354999999999954,38,-2.4161691654432245,1.2509989489120954,0.811548969341217,1
0.22843571428571607,75,-1.6307527705294786,1.420119889884289,0.42207952319155156,1
0.22318571428571637,78,-1.4184317315628834,1.4739087639214954,0.42865515042871805,1
0.2085857142857169,85,-1.3654966822976349,1.6581925617877968,0.37989647987960723,1
0.20747142857143075,87,-1.573718134180612,1.1845842515299425,0.3840876913201254,1
0.18515714285714122,105,1.6018417649955474,3.227282399291831,0.31319489969080977,1
0.18687857142856906,107,1.216518375770329,1.9831759939743212,0.31719934752573414,1
0.16167857142856995,128,2.255041412919096,1.46849345651594,0.337501350169424,1
0.1510491428571419,180,1.030650223708516,1.8929013229179843,0.32483104537028346,1
0.1615272857142845,181,2.005668079847291,3.509834876413074,0.3419463742319828,1
0.16200585714285662,183,3.055336721850536,1.6298432307776134,0.31459791649059216,1
0.15468571428571412,212,-1.823766921972824,4.041569111001052,0.28400562001271834,1
0.14938571428571276,217,-1.913474191090102,1.4466606544543217,0.2680039570665544,1
0.1593857142857118,219,-1.9294718223992444,1.2890632898462662,0.27223496057816726,1
0.1583142857142832,220,-1.912063244176031,1.6004189053870972,0.2554625783141114,1
0.1607785714285685,221,-1.9475759026766806,1.6667568880839883,0.26373699825447605,1
0.16029285714285635,225,-1.3492420740767008,0.9782503021965852,0.2827282258755476,1
0.15029999999999838,226,-1.1272777407632988,3.7454930352013287,0.28159050145673803,1
0.14494285714285735,257,-1.0131218633994916,1.7563534043084827,0.31949056312008306,1
0.14501428571428526,258,-1.4475772446058803,0.9563643446016138,0.3204603398265163,1
0.13322857142857053,261,-1.791078582763987,1.3904523555076953,0.30804452421339656,1
0.12777857142857027,263,-1.4698184291730119,2.176399897452269,0.2989655370856259,1
0.396328571428571,33,-1.0927349897667888,1.5931792814662147,0.8230240919498794,1
0.4045428571428573,34,-2.2534370913909867,1.4098430946692824,0.8216498874590547,1
0.2736571428571405,58,-2.5672341418405358,1.6243423524557226,0.7780949440193756,1
0.27773571428571336,60,-2.150348377284192,0.8813042801509463,0.7323219207168341,1
0.2735785714285705,64,-1.7122572984722386,2.51343924867206,0.6691289072913317,1
0.2657214285714277,65,-1.640100009148527,0.9342847914164477,0.6468630234713639,1
0.2941928571428574,67,-1.613512720750115,4.31553328545863,0.6127641700760412,1
0.2784500000000015,69,-1.5752061355943683,1.1486689924105191,0.5291835829370367,1
0.2594857142857145,102,1.1767640179620211,1.0674744488832786,0.5434006547609858,1
0.24319999999999858,112,1.0369048859839067,0.8385182079132408,0.45117617167668217,1
0.182935714285714,134,-1.1183601661401632,0.8129444374510071,0.5276677458805621,1
0.18304999999999946,135,-1.5546103438040741,1.3805052093839156,0.5244465140739047,1
0.18376428571428452,136,-1.9967058512451004,3.067471482137245,0.5263791495352527,1
0.18947857142857114,137,-2.01700681180583,1.4345296734948867,0.5311461795624322,1
0.16646428571428779,149,-2.433402444833772,2.5130620675752593,0.389558895437527,1
0.18037142857143149,157,-1.8371733129958123,1.1160966861308108,0.40769381090586965,1
0.17025714285714294,182,2.113542491479326,2.1425340007033227,0.3320126455427667,1
0.17175000000000093,185,1.8376628741453551,3.1479019716026655,0.3127381906841717,1
0.1489214285714289,207,-2.247503026589728,2.3010565557094673,0.35066300744114165,1
0.15534999999999854,212,-1.7319715090329368,2.205190460548119,0.3090253931399243,1
0.16249999999999737,215,-1.142471744149041,1.1054006944229042,0.31727664775064696,1
0.15642857142857128,256,2.6647859310597113,0.9331051340739263,0.4218413064716127,0
0.1660714285714288,257,2.8707627842199814,1.209152091006112,0.4166741646457215,0
0.3908142857142859,33,-1.0752155116105564,1.5004994137486904,0.7224144098227768,1
0.1900357142857132,107,1.626815535330368,2.6417892703351007,0.47141214317829044,0
0.1996785714285707,108,2.2530564581036487,2.422872363400648,0.46212524847291137,0
0.1890428571428566,110,2.509284695738693,1.7608113218428816,0.4610505174160852,0
0.1968928571428553,111,2.126711929903889,1.1500694703282626,0.48848241557860744,0
0.2035071428571403,116,2.0559612229260087,1.2756888835512012,0.48037224994126476,1
0.18777142857142642,117,2.005271635083888,1.0519063722922013,0.4746732291318914,1
0.1888714285714274,119,1.5960851574910206,1.660633196208638,0.4808227109094996,0
0.20472857142856984,120,1.2384176870642953,0.993692426959911,0.5002670304792012,0
0.14162857142857327,143,1.1767794994360992,1.278976216134836,0.3327452494423235,1
0.2038000000000011,161,-1.2085985816704476,1.921120347952318,0.32575015486175873,1
0.14069285714285534,178,1.209801850653214,2.467302180219161,0.28340441377510067,1
0.16034999999999908,190,-1.2352497337827046,1.356867267873077,0.3360873032775624,1
0.16892857142857004,191,-2.955833580232142,1.2744877600057163,0.3429997032496837,1
0.1805214285714263,200,-1.2439046881556026,2.5500879946984987,0.34481695571042054,1
0.17642778571428558,205,-1.4729155219267684,5.14129883470561,0.35558434474971296,1
0.1345714285714276,235,1.7806041340529346,1.909240197036243,0.3452252326407203,1
0.13157857142857057,240,1.38755091575485,1.6083509631254571,0.30974565973503454,1
0.1501714285714288,260,-1.8729491626774328,3.3547974776749463,0.2999832853567977,1
0.1435042857142871,263,-1.9390400998250754,1.9208200949377499,0.2905522859052507,1
0.15281857142857241,266,-2.200140560634178,1.5851603495961977,0.2992256813738957,1
0.1592471428571431,267,-2.1604578620635997,1.9923041294214452,0.2952590183111895,1
0.15420428571428602,269,-2.066505676980101,1.7615260026609492,0.2942257301233516,1
0.32943571428571516,30,-2.1461033040078994,2.6158453891882045,0.7233465765085213,1
0.23367857142857065,79,-1.3846473497618557,3.8028233876712174,0.4803699746895072,1
0.21549285714285762,90,-1.2864099410836858,1.8969270314575521,0.428840083181765,1
0.14937142857143065,125,1.8298360387225718,1.872769880995675,0.3279993274462794,1
0.16651428571428642,126,1.1422251395047567,4.041197476197461,0.3672261307079248,1
0.13129285714285593,186,2.287054912232173,1.6183832430521887,0.30134438407183106,1
0.13837857142857096,187,2.9024695566566456,3.0446372292481634,0.3068408706004279,1
0.14230714285714288,189,2.973780877139345,0.9760709356851978,0.2875657597275901,1
0.1405214285714282,190,2.7600061708730714,0.9707175393717188,0.27350482615925764,1
0.13636428571428535,194,1.0595476038903255,2.5136100397504464,0.2761661989889068,1
0.15437142857142813,197,-1.245402842103274,3.204221549452887,0.34375067723358255,1
0.15437857142857123,198,-1.823325391343286,5.281155939124349,0.3430861692724044,1
0.12776428571428713,228,-3.9023914389419025,2.703562718119819,0.2840130234678937,1
0.12777142857143023,229,-3.791752259034862,2.4333642333860594,0.2799240414696283,1
0.12366428571428704,230,-3.25869479263445,0.8799138944623653,0.28148075273611983,1
0.141057142857143,236,-1.8535862738566857,1.051366973321764,0.27214367693844504,1
0.11610521428571831,251,1.0113195113205873,3.499787320154995,0.2820147088983011,0
0.13235714285714348,260,1.6023700252118815,0.8056141850502059,0.29479279039313877,0
0.24690714285714474,30,-3.3607939834506606,3.2762209985565134,0.5913753436244011,1
0.15644999999999953,69,2.204530216757613,4.028655996188584,0.34502593420562816,1
0.09855714285714205,143,-2.028923156474582,1.5286914998530268,0.21424265808178763,1
0.10462857142857018,144,-1.5923259042264093,0.8577363467146043,0.22100738529210878,1
0.09949285714285797,162,-2.21308125097532,1.8733406008196531,0.22543918601023014,1
0.10307142857143045,164,-2.296247222371165,1.6704017848829438,0.2341744988059876,1
0.10591428571428756,166,-2.4138738084420686,2.2507694632356574,0.22214699155679252,1
0.10987142857142983,167,-2.2273972713136927,0.8947172211985591,0.2266217232531911,1
0.10372857142857177,185,1.6735829223674275,1.5846962983939685,0.24122002919638216,0
0.1146000000000009,189,2.2171332845493184,1.1722142048316426,0.268395171111085,0
0.12031428571428648,191,2.125275781618112,1.8014979154813515,0.2805586709815302,1
0.11757857142857274,192,2.093653062517544,0.9986684553143832,0.26592728003027144,1
0.1193642857142854,193,2.063872340488718,1.3699832806986676,0.2667138494096638,1
0.11793571428571425,194,2.0073968645860565,2.069197739104952,0.2635435648817538,1
0.11507857142857095,195,1.9467377499186846,1.900816248145001,0.25691737610425536,1
0.10706428571428514,200,1.517318826066929,4.242634973090311,0.23546104074793012,1
0.10992142857142742,201,1.5122272380782729,1.1294542251418214,0.23473805145113702,1
0.08750571428571467,257,2.4730030468753132,4.500316020162179,0.20662455956975706,1
0.07950571428571404,264,2.368242019108115,0.8205943387929359,0.21163024835654284,1
0.3392928571428574,33,-1.3812086645093404,1.106829194957554,0.7182528086255171,1
0.32890000000000136,36,-1.035815273058375,1.02404375394453,0.6668414452408968,1
0.14980714285714317,120,1.5061589059464142,1.9263208519460056,0.35709964038358905,1
0.14126428571428562,157,1.5226189538497397,1.4300507689168678,0.28061327641669226,1
0.1341714285714275,163,2.6029371718331817,0.9240887322041527,0.24596707213784982,1
0.13143571428571477,177,-1.6025138170374478,1.6245799991099452,0.2523334821518174,1
0.13357857142857096,178,-1.7525064129434857,1.6580658178844496,0.2465727287122945,1
0.13143571428571374,179,-1.8480747073269093,1.6617051248047348,0.24267931010401894,1
0.12679285714285576,180,-1.8751448504542356,2.148658835648134,0.22956388847847134,1
0.1339357142857125,181,-1.7582642768292418,1.1740819692574418,0.23668656471467034,1
0.14178571428571324,182,-1.751358597124229,2.0249814626208096,0.2450809906359293,1
0.14322142857142747,183,-1.7552481255906036,0.9842294692898343,0.2458773146603245,1
0.1293142857142858,210,1.1053995480913532,0.8277602322996153,0.22311317699220884,0
0.11544999999999865,217,1.112741809461239,1.1778531469632247,0.20758614777269477,0
0.11396428571428478,219,1.5734010734346564,3.3600080648806956,0.21207367552844458,0
0.11362142857142844,221,1.8414542618059013,0.9290055104408236,0.21060963761263077,0
0.11344285714285718,222,1.9549415103795449,1.2340941057403987,0.21278459420972262,0
0.09987857142857288,230,1.5420615548690206,1.6221624277510556,0.1852649610404595,1
0.25079999999999913,41,1.5664469693359888,1.5773066223004477,0.3785006438299177,1
0.2096357142857132,49,-2.3216147028385636,0.9832659582433393,0.3526654472652637,1
0.17042142857142903,55,2.129456546348603,3.4577251617681592,0.3593209308355801,1
0.16947142857142694,91,-1.0694215648349432,2.4329205628484925,0.3139205450959547,1
0.15210714285714338,95,-1.4250100868253837,0.8893799497934748,0.2669013133558892,1
0.15518571428571448,96,-1.5929892811325657,3.1808335233994054,0.26971315248692557,1
0.13502142857142832,108,2.1272497619481396,1.0269792978689136,0.2617003483611904,1
0.11672142857142884,136,-1.645450690884374,1.1843198904627008,0.30037976069832684,1
0.11028571428571407,139,-1.6436761806663291,0.969406018453283,0.2724147022745185,1
0.1077142857142854,140,-1.7276001015141873,1.076962088814972,0.2681734820233206,1
0.10762557142857077,141,-1.5048995558671865,1.5604421917659161,0.27383205521395554,1
0.1090541428571419,142,-1.1637495733749388,3.1195197937975117,0.23997927584938072,1
0.13126842857142712,149,1.3238507008239764,1.571873947840738,0.24811815608329632,0
0.13870414285714056,151,2.6428611659621377,1.5374244106005701,0.2617062433905826,1
0.14100714285714236,156,2.5181527291763515,1.4930873721704205,0.2628591720634754,1
0.1385071428571436,158,2.0575653670784573,0.8880086098350423,0.25349344901220494,1
0.13136428571428585,159,1.8772920781494227,1.0653200588340426,0.25510272224272623,1
0.13207857142857296,161,1.6632466258100715,1.0196869454528894,0.23184966697362822,1
0.1210071428571443,162,1.5483820933865244,0.8019103111570074,0.23216372688819817,1
0.13154285714285713,164,1.432931320751188,3.2122538493801986,0.24279174902154035,1
0.1529642857142822,213,1.0097065219781425,1.425787806881056,0.3347904513293465,1
0.09635000000000206,262,1.7584793277293722,1.4838981228274666,0.26181259457553535,1
0.3418714285714281,16,-1.4301926006774743,1.3697076363500726,0.6061952483651785,1
0.16891428571428385,38,1.453043245334129,3.780171375265849,0.3532815461183721,1
0.17805714285714405,52,1.1924251541349893,2.2984994717190723,0.2856805644152104,1
0.12789999999999882,108,-1.0611895719952005,2.3253699341418312,0.2578060252629875,1
0.12732857142857057,123,1.814991006294909,1.090429864716993,0.24991647009532525,1
0.10924285714285784,137,1.2449446492353433,1.256770458466157,0.21924201540092608,1
0.10984999999999749,153,1.037677947421068,0.8177672382979941,0.23954167801044826,1
0.11592142857142664,154,1.196540368116501,1.155871628871089,0.24111922952820447,1
0.1080357142857155,160,-1.4845537852562634,1.7262707281429859,0.2393264068516775,1
0.11254285714285674,167,-2.5658685245390114,1.7095196111445379,0.24237976119907395,1
0.09550714285714434,194,1.3901063322868832,0.8262278990223787,0.23684828669669292,0
0.10015000000000132,195,1.5473957323409022,1.5852855437608862,0.24202941341700573,0
0.10003571428571385,203,3.394778994962971,4.507923473295626,0.27756632146913995,1
0.1032428571428566,204,3.7280115990405625,2.693563348772186,0.2603681872137855,1
0.11359999999999916,205,3.634608476585038,2.7198437500992574,0.2612038968324541,1
0.12854285714285701,207,3.101908041208023,1.719857983556665,0.25439095438475934,1
0.13567857142856962,210,2.2114221558660465,1.8836930869091448,0.24991162415291884,1
0.09677142857142838,246,1.287368401037902,2.629119094642893,0.18167852918717983,1
0.09855714285714205,247,1.9762428105241383,1.005699849223589,0.1810683938103272,1
0.10934285714285608,249,2.4430043612286747,1.4762077182992503,0.21599551960417468,1
0.11255714285714191,250,2.5865624235022935,1.7395571970244743,0.20384402727848475,1
0.11619999999999818,252,2.5192669938688326,1.1375050184623021,0.20484366469346685,1
0.11942142857142711,254,1.9295628031972962,1.0935372224062887,0.2084502488120033,1
0.25852142857142824,33,-1.3687914049512675,2.304443037059623,0.5173065462417312,1
0.18012842857142783,71,1.5151543581944804,1.6781895440907086,0.3582905431188866,1
0.19155699999999903,72,2.192879976530113,1.075363084234523,0.3670638017767353,1
0.1979855714285707,73,2.5343334929615096,2.1376792407977274,0.3676699598176132,1
0.20442857142857207,76,2.449628982496804,1.7303237582583908,0.3708650634419676,1
0.20894285714285946,78,2.32433121382704,1.006769219756363,0.3700812950761355,1
0.14542857142857255,125,-1.0147654661430567,0.8337882964589591,0.30860020122786014,1
0.1477142857142876,126,-1.5679273132185498,1.5045543676302215,0.3109780235739609,1
0.15841428571428853,127,-1.6035944563449898,1.5379920892793748,0.33229104425913986,1
0.17622857142857384,160,-2.099872690957423,0.927151112849087,0.2891664128507793,1
0.17837142857143107,161,-2.2652411643642005,0.8905292380548933,0.27982592768169595,1
0.13864285714285934,178,-1.5534688758733506,1.991037364524905,0.31006020737590584,1
0.14078571428571657,179,-1.7596677479625016,2.341906619679075,0.31197942872604,1
0.10782142857142876,218,2.5189559833855877,1.306209750211753,0.24691542638394115,1
0.10282857142857134,219,2.5076428694249167,1.2635696516249255,0.24792408218712572,1
0.1146642857142867,237,-1.0259500936879562,1.496947786874789,0.19088705232185765,1
0.1263714285714284,240,-1.7458473897520834,1.9281415312020926,0.2142205806454546,1
0.19404285714285713,48,2.9540455815351376,1.614449563651426,0.34598575765709777,1
0.15485000000000124,97,1.4986539385698938,1.0655268651258831,0.3057203376593776,1
0.1378071428571427,105,-1.3930994228441111,1.3623345163298892,0.2717502673146164,1
0.1313214285714283,109,-2.03125518618358,0.8236617725945865,0.2878182021940617,1
0.08225399999999995,137,1.3380346798094014,1.069038090493463,0.18213806631654275,0
0.09495000000000024,142,2.079639188309549,1.255691785095094,0.17612378601870227,0
0.11195000000000022,143,1.9214206638436118,3.775024374020237,0.18600800844467633,0
0.1147214285714274,145,1.93905165096926,1.544809979277317,0.19858341870671775,0
0.12227142857142732,146,2.203416756023629,1.9979831691193704,0.2175169346532304,0
0.14259285714285852,151,1.7503630246394941,1.746399049688854,0.2177050778148461,0
0.15830714285714415,152,1.4903438338000294,2.7836986912041626,0.22214410774347756,0
0.17473571428571585,153,1.5432719620254114,2.2090433901924054,0.2446666567383993,0
0.11423571428571323,168,1.7998291472926895,0.9983218692603599,0.25743678074514686,1
0.11552142857142757,169,1.9836922393983067,1.12712772312262,0.2590375801952462,1
0.11480714285714148,170,2.1897422236218884,1.6114598564899532,0.2608276858905714,1
0.12654999999999866,175,1.9287975733412814,0.8303062928107503,0.24636287569462403,1
0.0909642857142846,224,-2.5845805532355137,1.7533888847654433,0.17795511043937126,1
0.0978357142857139,239,-1.6972902207620257,2.0095984478857587,0.1955343533760297,1
0.09389285714285782,244,-1.6348214607535563,1.6021458107969464,0.17905937910473727,1
0.0952142857142856,247,-1.4605482491506916,0.9087378460799898,0.17821024694790838,1
0.09411428571428562,256,1.2628362983549593,0.8702907011736196,0.21103455580384367,1
0.09140714285714426,260,1.9541533120626124,3.0267083072369707,0.2017006415851997,1
0.21127142857142595,32,-1.5036208295698408,0.9260618386749416,0.48102721036167734,1
0.20827857142856893,34,1.160548857669501,2.0538658341136307,0.4910630126075269,0
0.2175642857142829,35,2.329034249627368,1.378065050427402,0.4687151637720475,0
0.23630714285714,37,3.191420546350666,1.96704477020635,0.4636137121865208,0
0.23997142857142556,38,2.9405810759609783,1.5639486717785658,0.46826919441161596,0
0.24504285714285398,39,2.7153143149650276,1.4567847013224464,0.46738526494691757,0
0.24290714285713985,40,2.5847983259846647,1.6608982051273702,0.4603126382925719,0
0.2607142857142851,44,2.1385895374136044,1.8681267781182525,0.39655923759739115,0
0.2605285714285707,45,2.0484579288691416,0.8640121527768546,0.3950384099146606,0
0.25125714285714196,46,1.9770661363591708,0.9991899311341251,0.39637222335713707,1
0.2404214285714263,49,1.7192493870146266,1.8526377257356441,0.37979074957655556,1
0.22725714285714207,51,1.305895743135496,0.8562847576463706,0.39931938764785996,0
0.22757142857142906,69,-1.080235424988351,1.1905258783369066,0.4042631562178688,1
0.17015714285714165,93,-1.2478232071613085,1.0723975210993588,0.41361583660140333,1
0.14219285714285843,111,1.2074341568354623,3.0777952814819924,0.23885233330345984,1
0.1061285714285743,141,-1.2476819291282624,1.010542004340082,0.19966897374778517,1
0.10538571428571787,142,-1.238778026272407,0.9575383956441147,0.1996250129383389,1
0.13962857142857285,153,2.101868622590035,2.9089231513485045,0.23973702431231433,1
0.1322785714285735,159,2.078364865294014,1.9979676710912317,0.2211334862687654,1
0.13013571428571527,162,1.4979777091951094,0.8965541290375671,0.23049905417894848,1
0.12335714285714314,165,1.1726774115876417,2.007302099505782,0.2370683034678326,1
0.12335714285714314,166,1.1347214038829294,3.279469695987772,0.23612757802050577,1
0.11121428571428689,167,1.064638658863864,1.016374966171701,0.23484268434746847,1
0.11692857142857248,168,1.0695727411840406,1.8870374811925692,0.23107485285887397,1
0.11661428571428546,211,1.354911659000275,2.58088721639314,0.2112890073572804,1
0.13715714285714345,220,-2.020528737761707,1.0854053318812928,0.22588562871998652,1
0.1414571428571431,222,-2.997225892828498,1.4608852108015085,0.2314504950241934,1
0.14646428571428569,223,-3.2684222138483943,1.3427482779117776,0.2401411857673977,1
0.13323571428571462,225,-2.930252122539609,2.0901594945632342,0.22800684269108978,1
0.13045714285714233,227,-2.591321830382343,1.1384597435550006,0.22667521461130039,1
0.1661285714285705,63,-1.5921606277115246,3.6069320621936147,0.32029764123642757,1
0.17255714285714113,64,-2.0480616967559087,1.1448849834757495,0.33377926202572283,1
0.14889285714285855,77,2.57871820958492,1.922693003361856,0.3543839449289609,1
0.10996428571428396,124,1.5702441456021716,1.2848630032782682,0.18455933239605454,0
0.11066428571428386,126,2.4871546338278305,1.601449363602709,0.18714688938637758,0
0.11137142857142683,127,2.8790342850599133,2.2821328619502945,0.19107587846868224,1
0.1139499999999986,128,3.0564864696009946,1.3851991766400564,0.1950087012530541,1
0.12144285714285578,130,2.294838076784971,1.38841751620832,0.18883778247063882,0
0.11154285714285704,139,1.8119120094679315,1.6027844727438458,0.20541483280747524,1
0.11225714285714312,140,2.042792803773522,3.026914841155093,0.21348859012242674,1
0.11013571428571416,141,2.1067062490795982,2.0440923109807754,0.21169147365697713,1
0.1097142857142858,143,1.877279036254748,1.214357157674696,0.20925427004765781,1
0.11559285714285851,145,1.8542306686248482,3.4896494288901345,0.23162478984053947,1
0.1282714285714306,148,1.1932369231036932,1.1142285770503353,0.26829065663642443,1
0.09091428571428598,179,-1.1415113134911388,1.0304191640334783,0.1679652256418735,1
0.09589285714285722,181,-1.5831204042445868,1.180328682246616,0.15414180422218893,1
0.0960642857142854,183,-1.9363707154087109,3.885285946869187,0.15533694113998722,1
0.09647142857142756,185,-2.1064143130119137,0.8241424034958145,0.15213870682838784,1
0.07563571428571489,210,1.5997899450659996,0.9206804156264831,0.14333486893038933,1
0.06310000000000063,227,-1.5417838409297127,1.9264868961813653,0.13395086940264342,1
0.06440714285714323,228,-1.944242389308388,1.7381753161218108,0.13412886293194232,1
0.06519999999999929,230,-2.411028962221093,1.8930325267605324,0.13227481946256392,1
0.07274285714285611,233,-2.11199861506055,0.9194532144745748,0.1312051345108449,1
0.07347142857142533,238,-1.4849023021452545,3.381261009990399,0.11352864854280406,1
0.07632857142856762,239,-1.4671416996436817,3.6348613008095065,0.11458802040404201,1
0.07444285714285874,257,1.760858142925963,1.1531832067763415,0.1447233951429238,1
0.37205000000000155,17,-1.4281386580461588,1.1651226677998199,0.6201908982473276,0
0.33217857142857304,26,-1.7580203673648829,1.2533233226254443,0.6619160829650205,1
0.32289285714285804,27,-1.7464082037281718,1.1383335352777442,0.6555704191621763,1
0.15147142857142729,115,-1.307847100277147,3.628027890040823,0.2989332783680249,1
0.1478999999999979,116,-2.451237727185404,1.0226259111875338,0.2896795679359309,1
0.1452142857142848,118,-3.2858284377233202,1.8400135026426498,0.2832732153295782,1
0.1452214285714279,119,-2.896752252158075,1.3523207127424661,0.28090846222440957,1
0.15164999999999956,120,-2.1989908588815106,1.917910867462342,0.28004586381752533,1
0.13884285714285888,142,-1.0126916411732263,0.8395035895415348,0.3318507544249293,1
0.15003450000000282,146,-1.8135147125753637,2.6047237590543864,0.3124285978920268,1
0.1673059285714292,151,-1.7970592940550623,0.8337911385281763,0.285962843925158,1
0.1794416428571444,155,-1.0652965967709591,0.8677883787185872,0.298522835208896,1
0.13436428571428496,178,1.6230482238027775,3.440390614707467,0.29148006113225605,1
0.12394285714285555,203,-1.5006691060682564,0.8755888449773522,0.22751276449434643,1
0.12926428571428517,204,-2.2387696866275175,3.157656207413806,0.24856720908216548,1
0.135707142857142,206,-2.604251284852298,1.6285174475878095,0.24021424543053846,1
0.1471357142857142,207,-2.607210662179684,2.629302309578832,0.23647411604855895,1
0.14642142857142915,208,-2.353270223834367,1.5308701013142239,0.24502003866485594,1
0.15799285714285713,212,-1.0862257533946231,1.0614165637951745,0.27175282876261375,1
0.11398507142857486,244,-1.1896490126280324,1.4741906614778892,0.2363727145690391,1
0.4331928571428542,20,1.9861180842765582,0.9754455263602646,0.9119962799664078,1
0.20574285714285676,68,2.1967723027138044,0.9153767139995072,0.46057601392898045,1
0.21325000000000013,70,1.7338213919849794,2.4779077169638657,0.44912435019521807,1
0.12588571428571527,100,-1.549973987800645,0.8691138356775273,0.23595189492978885,0
0.15160000000000093,101,-2.2108720045182193,4.688907974573565,0.31415517769099843,1
0.12784999999999616,119,-1.145345846915084,0.9989926140216111,0.31607285576637173,1
0.1419428571428542,121,-1.5778991759525869,0.8779125770999657,0.3276427760899227,1
0.15269999999999787,127,-1.838219528740248,1.4383521056849367,0.3322747397365237,1
0.1251428571428558,165,1.9113555088888436,1.3306155386321197,0.2911828011768593,1
0.12192857142856996,166,2.0226621025605396,0.8261210129196819,0.2916632367017449,1
0.10582857142856941,171,1.8600930824428987,1.044100024260629,0.2542722696098351,1
0.11850000000000042,187,-1.2981077637818508,0.830642885326579,0.20485723958196245,1
0.11007857142857448,196,-1.4006801106126774,1.9189940439539779,0.19392810139167152,0
0.1134357142857151,200,-2.1108291300606274,2.4475402127442516,0.20532341923005948,1
0.11057857142857179,201,-2.0781276156125172,2.09994721825064,0.21252243639249807,1
0.12246428571428478,207,-1.795435174972821,2.6389620628341435,0.2179801762594111,1
0.11205714285714256,226,2.117431812846116,1.113851444095939,0.2305580845560767,1
0.11600714285714073,257,1.8372053957560246,2.8409362618577036,0.2472076814259832,1
0.12904285714285532,260,2.5488274283513457,4.5916207274870455,0.28098687976953196,1
0.26164599999999993,38,-2.504217263634908,3.0755788363256715,0.5829988411067427,0
0.2620031428571435,39,-2.4341303289331826,1.0482144359591712,0.5755799306179215,0
0.2566388571428594,41,-2.133303754251396,0.8042936594239897,0.5767533797566083,0
0.28336028571428784,42,-2.2560578257711503,2.447435068203973,0.5925079236618632,0
0.29271742857143074,43,-2.352981509903729,3.09400702014556,0.5594851060342138,1
0.28307457142857323,44,-2.433846414410026,3.943836202657461,0.5718642435254624,1
0.28628885714285907,45,-2.4167877037334304,2.7677095860829546,0.5726590015683246,1
0.2961102857142878,46,-2.351523436440014,1.4643926644691878,0.554640995758568,1
0.14437857142856916,122,2.451428483546076,0.9446122098648975,0.3219137672139328,1
0.15652857142857052,125,2.528670332876806,1.1036456759498272,0.32129765200342747,1
0.0906006428571402,147,-2.2710091414143094,2.9757954517521337,0.23464571541549326,1
0.0941720714285706,149,-2.4334646453698285,0.9135285902994886,0.2249159520113781,1
0.10524349999999925,151,-2.2088321726854336,3.236518122062915,0.2049753642472543,1
0.11455000000000126,175,-1.5058063673411581,2.076831695681205,0.23128940001487164,1
0.10089285714285776,184,2.0592426913685746,1.7319668682296694,0.22989151174671088,1
0.11134999999999959,216,-2.420143354033752,1.4984565582767737,0.23992983482406174,1
0.10437142857142792,217,-2.422148174382774,1.4662608182798684,0.23438370001136372,1
0.10739999999999839,219,-2.3974896338499803,2.2830130736438154,0.22769459142389262,1
0.1066928571428554,220,-2.1425868240872563,1.0580603250137897,0.23397343108679142,1
0.10382857142857103,225,-1.1887877683800154,2.421023304430451,0.22249298447006685,1
0.14276428571428465,230,1.4715791887478817,1.4036962777966133,0.2867933954325397,1
0.1384857142857133,231,1.8553056457731285,1.1557478677449167,0.2813212043712522,1
0.13991428571428446,232,2.081617580666904,0.9721184000317605,0.27845199344016813,1
0.1420571428571417,233,2.148800900959313,1.5013713573592666,0.2592876702015956,1
0.14384285714285636,234,2.165370929076543,1.0832955888517215,0.2559363588244128,1
0.15398571428571323,236,1.83758508992721,1.3141663246743989,0.27547669314929396,1
0.3351785714285711,26,2.0971099110091527,1.0573547180085228,0.7560261092791122,1
0.1581285714285739,114,2.724018478963788,1.261980503141872,0.40905776307401387,1
0.15955714285714503,115,2.5682078963329995,0.9071440455550254,0.40164849806402536,1
0.15600714285714495,116,2.4358328078679388,1.5574265362576187,0.40007460915157034,1
0.13549285714286136,156,-2.852407358397704,2.607673442836975,0.3360277780667305,1
0.1334000000000048,157,-2.8077382141879137,5.2411511509488165,0.33491627951235964,1
0.11650000000000103,208,-1.2328275794148393,4.924837243656924,0.24463066125475835,1
0.12721428571428614,209,-1.128241592363913,3.4171156586996636,0.24913601577769895,1
0.12570714285714196,215,1.5198687427680742,0.9700820411856637,0.2781841069582147,1
0.13042142857142988,224,1.9947968750800802,0.9134815458106234,0.2903008458287134,1
0.12767142857143096,225,1.8288072020130277,5.266999532662681,0.2905026226311172,1
0.1011786428571406,262,1.1362907812378642,1.2202507795679374,0.21474983981865217,0
0.20059285714285835,51,-1.3860654603794498,1.6967238557080955,0.45741776905302883,1
0.19691428571428662,52,-1.1668490291913596,1.7154210903730884,0.462612595965248,1
0.1782357142857143,68,1.8739964432464231,1.7632980722226814,0.3343087338141447,1
0.1828785714285733,73,1.9034442310974027,0.8991077047816498,0.28717304185121645,1
0.17275000000000063,75,1.7638191285733924,1.3588434749875111,0.29077158248238605,1
0.1676928571428594,79,1.201454469363164,1.9337142183196105,0.2659030278507931,1
0.1290285714285712,100,-2.048889378828766,2.2872033350036105,0.24287528294754304,1
0.13320714285714225,104,-1.6603954106340992,2.2970100916290432,0.25613426719353727,1
0.13284999999999872,105,-1.6150048007657256,1.036797911734274,0.2635206662211907,1
0.1395714285714281,109,-1.9507761461223345,1.0202434082540774,0.3025431330811225,1
0.14409999999999965,110,-2.298595452458375,2.899763270134818,0.289179957034564,1
0.14731428571428548,111,-2.3108824612266323,2.801703826305199,0.28213631825539703,1
0.15120714285714293,114,-1.6511349342585244,0.9788372394992751,0.2760364868887233,1
0.13302142857142688,131,-2.514546540942036,1.1169422888794047,0.29554551215035,1
0.1337928571428557,135,-1.5586639350714917,2.365562622085336,0.2907187502827665,1
0.13236428571428455,136,-1.3433758647689287,1.8920369953053386,0.2921917811228134,1
0.10198571428571158,172,-1.1532030753330622,5.276578515077501,0.2107167452623324,0
0.13119285714285667,203,2.641772059070854,1.2815299954929573,0.29707539507292485,1
0.09053571428571416,250,2.292808940500951,3.1228433466007037,0.2167788017003304,1
0.09303571428571392,251,2.8743454145282543,0.8059525794808623,0.21244083897600533,1
0.3340142857142853,15,1.8153885575510718,2.0504325566760824,0.6449132884985618,1
0.22442857142857012,41,-2.0191534156012114,1.597056011360203,0.5054634162935603,1
0.16844999999999796,69,-1.4289521787598778,0.98343030333446,0.3716506355063326,1
0.17192857142857218,79,-1.7616847692882909,4.120562003434148,0.35970056535746614,1
0.1473857142857144,93,2.0039318104773183,1.3273782984228957,0.28910993452322115,1
0.11908571428571589,111,1.165222165720114,1.6909792623812836,0.23992716448773224,1
0.12198571428571471,113,1.7535398424881448,1.3835169379188004,0.23869403940582545,1
0.12162857142857117,115,2.260989665024039,1.139710318589661,0.2392532300739397,1
0.1264857142857149,116,2.395703620938653,2.189599979557388,0.22840911519110613,1
0.1257714285714298,117,2.4468081797323777,2.0380717847169243,0.22242031345300067,1
0.13434285714285668,121,1.656923664459489,0.8458711880648467,0.23937892577325764,1
0.13427857142857086,123,1.4682588987262137,1.0411432215379137,0.24437999737889726,1
0.13527142857142746,126,1.2704403631074295,3.262661103977869,0.255196907073527,1
0.10244999999999749,179,1.338773563541555,1.4754890383900703,0.22490086058817257,1
0.10046428571428326,180,1.3577438751101343,1.331352078650215,0.22489348198293158,1
0.09682142857142598,182,1.3727603486648576,0.8728349711778659,0.227738177505655,1
0.09322142857142827,185,1.0184363177811775,1.2420532893943883,0.21712178915827732,1
0.08677857142857245,198,-1.5915101415891357,1.0560403587917027,0.19826682394530284,1
0.10076428571428611,199,-1.118365941120978,2.1177724696246756,0.23414727682193276,1
0.1128428571428535,217,1.5991674149858832,2.620335135201868,0.26384657665139366,1
0.10641428571428183,218,2.3594592706204525,1.8263500936496788,0.2578605932876085,1
0.10534285714285525,220,2.9272303505240442,2.448553552727226,0.25637599766263613,1
0.1096285714285697,222,2.9564834813569854,0.9437877102829058,0.25924442552277216,1
0.10890714285714154,223,2.624372715722809,2.1055209539678486,0.2719591616043177,1
0.11434999999999665,240,-2.161357375252197,1.3013257423495352,0.25907491947722033,0
0.11389999999999693,247,-1.8793782157765497,1.5815383584458416,0.2632500990150591,1
0.117992857142858,253,-1.180388835157305,1.2086802683357547,0.2576131685726266,1
0.12012142857143004,255,-1.0221007042160137,1.310710399221895,0.2681914047787422,1
0.3307500000000009,30,-1.3020679201725578,0.9789111389872437,0.8044241655989525,0
0.295185714285713,40,-2.042706671513625,1.7987262325316455,0.632970528812342,1
0.28661428571428615,42,-1.9131269452900834,1.9567395457010683,0.6331393011573181,1
0.24755000000000088,66,-2.643080755594433,1.9447227540094698,0.5087193614960914,0
0.24897857142857202,67,-3.0228405827928206,1.4640245297281553,0.486518939691638,0
0.23419285714285515,75,-1.7873346708707032,1.2581275948181272,0.4907514154321334,0
0.21397857142857038,98,-1.6115764902677685,1.2408287934888198,0.5708955761391626,1
0.21826428571428483,99,-2.2079011469926515,1.375775867981575,0.5655969709570943,1
0.15931428571428594,164,1.0918152992126744,1.3734613698570033,0.4117798722879776,1
0.16045714285714346,168,2.2533150864207028,3.3198651596158832,0.35763117145218937,1
0.15902857142857232,169,2.293600147190431,1.4562886159485733,0.3568163438749402,1
0.16295714285714322,170,2.1783413223193038,0.9759176601777187,0.34622340614746827,1
0.16764285714285979,174,1.790196181676012,2.839704616252632,0.31804718901319057,1
0.17870000000000225,176,1.0041611922170706,1.0160289562022888,0.3472726510344014,1
0.1558428571428558,194,-1.111910507158222,1.50068421533275,0.3944863716404578,0
0.1673071428571445,205,-2.0952296143493934,3.974456386270807,0.4046964849954555,1
0.1056142857142847,264,-1.201833732786602,1.25792464186287,0.24493832392700995,0
0.1073999999999994,265,-1.59385909106824,2.7409294179460804,0.2574506860310121,0
0.10954285714285561,266,-1.7452196715142962,4.193236164034236,0.2601883480033826,0
0.11739999999999741,267,-2.000718012436356,1.8166997688785036,0.2748130712457147,1
0.11954285714285565,268,-2.097696795281958,2.043949776651532,0.27415274328243355,1
0.11668571428571235,269,-2.148216316826154,1.5197839813117167,0.274601982254502,1
0.5033357142857164,18,-1.4064330684657467,0.9225955339120602,1.317591208526301,1
0.30575714285714134,78,-1.2394187204445901,2.8421656745156256,0.6574171915673479,1
0.32270714285714064,79,-2.438515734208546,1.0310820597807695,0.7006865490030578,1
0.36056428571428356,80,-3.2480176296902483,3.416242808763171,0.7331527280882882,1
0.3962785714285693,81,-2.785566037281815,1.3958897974145896,0.896590262643076,1
0.5025642857142826,89,1.6483212038468131,0.8477276389531978,1.0796154216912228,0
0.530392857142853,91,2.326365730771278,0.838843017547252,1.1198396327644313,1
0.45210714285714254,115,1.0366625645558043,1.5905868662338285,1.1067047742059704,1
0.41007449999999934,126,-2.0159774577794574,1.1123740420426362,0.971195315809163,1
0.2996785714285701,160,1.3977686535633023,1.2407196620533645,0.5799660952603731,1
0.23357857142856936,176,-2.244777805303452,1.963456217350973,0.6084013289596394,1
0.22317857142857025,181,-1.645552617287606,4.2013448952742865,0.5816044645720801,1
0.21275714285714287,210,1.263122196023879,0.8466075667805784,0.44818797113381154,1
0.2414500000000004,212,1.3189721181895775,2.7120690501460047,0.505502923851155,1
0.24216428571428444,214,1.4470298790526186,5.134754441624392,0.5158633591575575,1
0.633578571428571,33,1.5505133789141214,1.8823854057666616,1.8738567184754902,0
0.7236642857142834,41,1.2426620178479202,2.1054311600051934,1.805896880862077,0
0.8090214285714268,42,1.4542561637481402,1.8946958222911994,1.923862237029218,1
0.9290214285714262,43,1.7873187364108027,1.5780208908613926,2.199109886227699,1
0.9768785714285693,44,1.8519227701580492,1.837227678009047,2.4004272361636247,1
1.156407142857141,48,2.001120936269644,1.4094472552450825,2.7642016101337785,1
0.6151142857142854,91,1.4491255939393906,1.0706841616322003,1.622542846159511,1
0.5924357142857143,95,1.2009524252263561,4.165644277465052,1.5127491171515306,1
0.6767499999999974,105,-1.4688288241674323,2.1338065223384186,1.8791897400018256,1
0.5058142857142859,140,1.247866560573956,1.5189045033665571,1.2035721178670813,1
0.34827142857142845,161,-1.444779666567729,1.000009552267785,0.9023464183165464,1
0.38292857142857073,176,1.4773509210037556,1.1245602611343148,0.8306531172320243,1
0.4037500000000013,181,2.553857795973668,1.6311314966993429,0.8720379096488354,1
0.3069714285714298,200,-1.3894590025667366,2.5928762891979225,0.7978871168497949,1
0.3137869285714296,206,-1.3487687001271027,2.714853619694843,0.7374698161990577,1
0.4433142857142859,252,1.2769347849280004,1.4844755962848621,0.8759535212060388,1
0.41438571428571436,253,2.0257453231970532,2.966934171976285,0.8739145375065777,1
0.40534285714285645,254,2.6163774410262106,2.3347898934058606,0.8290208624055112,1
0.40497857142857085,255,2.6371269546343097,1.95747756771128,0.8359335793818259,1
0.4392714285714285,256,2.926838387006864,3.7416320072552143,0.8723824709327336,1
0.4436000000000015,262,-1.2712147735339105,0.975406489852807,0.9961532454402677,1
0.4411428571428583,264,-1.5211870372107779,1.7272575030155042,1.0258630296855396,1
0.24325714285714437,58,-1.9696155483705562,1.068114722853005,0.5278505320413186,0
0.25347142857142707,73,-1.6076787943008224,1.5991350703940197,0.4702264779383948,0
0.24984999999999907,75,-1.7486373781175957,1.2713971008324305,0.47934479936413116,0
0.24104999999999827,87,-1.923228987503702,1.0177389935568535,0.49793865346325145,1
0.23172142857142575,90,-1.9751073949730575,1.5172170193045704,0.505505057524149,1
0.21705000000000144,113,1.0450088718887491,1.568499526019842,0.5114936075273774,1
0.21674999999999958,127,1.9476131440570725,2.551872433304499,0.45043650780747124,1
0.23103571428571407,128,2.683582459241007,1.0983777269957589,0.4650165876923689,1
0.22422857142857058,129,2.9812995772108173,2.1385763008244876,0.4678323296780594,1
0.22423571428571368,130,3.0752512806537524,1.3245400483447998,0.47479444754215694,1
0.25,155,1.0897894685379659,0.928163964373796,0.579463203788037,1
0.24369285714285485,167,-1.5513561690808495,1.6433947329563208,0.679493200059551,0
0.24137142857142532,172,-2.822069333623258,0.8982130034548178,0.6678141736274288,0
0.2610500000000004,181,-1.1579150960763307,3.980120402676961,0.673957278264785,1
0.3003285714285724,186,-1.3487064142252294,1.4876842182298227,0.6705336581256164,1
0.36931428571428476,206,1.8593467174254041,1.4073626256285323,0.8805944632605207,1
0.3038642857142863,228,1.3972742296118577,1.6245168572648268,0.6829948786678812,1
0.33757142857142647,246,1.147013763174041,3.821461412604273,0.8039380003076412,1
0.4959142857142851,30,1.121174898834729,1.3144207592013606,1.4836542260986845,1
0.34612142857142814,69,-1.7176141412486454,1.0959016464895108,0.8098137523851312,1
0.32300714285714144,81,-2.0895814238240327,4.938311341773132,0.7583249468445451,1
0.25931378571428454,123,-1.6342007001807515,1.3244361235692153,0.7174248103637685,1
0.26847807142857,125,-2.2083697358207464,2.1502960267495865,0.6463997559323892,1
0.2820709285714287,127,-2.0390674105918047,3.0430439320558573,0.6723735349515941,1
0.27809999999999796,131,-2.0185266462597333,1.234463084413618,0.6708063626546731,1
0.2633285714285703,135,-1.5149846061524515,3.457847925656858,0.5859982200672971,1
0.2603285714285712,136,-1.4285094938264982,2.517603235584488,0.5858815145007408,1
0.2717571428571424,137,-1.2167765416813454,4.281445353432123,0.6284558373644086,1
0.20312142857142743,194,-1.0925543409749012,0.8620782108848705,0.4633929736057484,1
0.2303928571428569,206,2.366771833187608,1.201347693084086,0.5300169665730324,1
0.22390000000000043,209,1.9789812009853676,2.0150858823275586,0.5116772835507369,1
0.2631928571428566,212,2.6883141159563566,5.040940015797783,0.6921794094175124,1
0.27390714285714274,213,2.826665492578322,1.7082304047497092,0.6945801640313876,1
0.5559285714285725,229,1.4812166933158057,4.617589223289559,1.9992101391121258,0
0.6723571428571437,230,2.822730194459581,3.222243579060402,2.0129073352183933,0
0.7095000000000015,231,3.347895319497265,1.2212329247737865,2.0116895174505016,0
0.8402142857142861,232,3.693941262048947,1.6859026888797592,2.1588434930501723,0
0.9149999999999991,233,3.6958669054904836,1.369410168901896,2.236511100049991,1
0.9585571428571426,234,3.4212104628224993,1.3228466629826139,2.236280993570655,1
1.0849857142857147,235,3.2777916346200726,1.8172482889664336,2.345224466248949,1
1.1867642857142866,237,2.894291311672141,0.9384006963480458,2.3657520883959857,1
1.3746571428571437,239,2.1150997271787024,1.3123099419699238,2.705129028969431,1
1.4311000000000007,240,1.867167967654295,0.9017689538836434,2.706280511559569,1
0.41747857142856964,30,-1.6478679314272862,1.6910140731550436,1.2599679224427862,1
0.3953927857142848,46,2.2750032780756064,1.235863206579642,0.8927318428376697,1
0.31199285714285857,83,-1.942745721395954,4.285409702907277,0.7726823604070838,1
0.22195714285714274,113,-1.1639946776484769,1.3615810835503381,0.44396147743974107,1
0.21839285714285747,114,-1.2804268943765214,3.2731478429496366,0.4290519966262941,1
0.22226428571428666,116,-1.31881552676509,0.9422786345999282,0.43401075371087794,1
0.2170785714285728,121,-1.5477174331549266,2.2901905183480533,0.4666913737112724,1
0.2635928571428557,141,-1.0577951028991779,1.2730632970568154,0.6328445056596818,1
0.2704428571428557,142,-1.4774820260227743,0.8329045060598067,0.632718067845659,1
0.35996428571428396,164,-1.1121681293274925,1.8138072382444457,0.7392553658504516,1
0.33389285714285677,168,-2.585831956946271,2.9405928873532257,0.7297503760162626,1
0.3495928571428572,169,-2.3874324021176982,0.8068244175834224,0.7619393336019578,1
0.3820928571428571,173,-2.22722964263279,1.6559102447052239,0.8066854782828046,1
0.4838071428571443,182,1.8451263795913753,1.0897832945071098,1.0764879173598514,1
0.4413714285714292,189,2.2065938466362955,0.8391214851440397,1.0973775169513549,1
0.37497142857142557,199,1.2069989898416058,1.550949321852375,1.0725353623760776,1
0.37169285714285494,201,1.2524401002604904,4.229978607441039,1.023424784737256,1
0.48673571428571144,212,1.0348523032739092,2.6750203374990478,1.1137026889426773,1
0.32394999999999846,245,1.075916721199818,1.147708209211767,0.7297091608494729,1
0.3661499999999996,254,1.6090937170383326,1.7512814246107729,0.716390624245668,1
0.387435714285714,256,1.6789919658705381,0.8648174962593814,0.7422336881415446,1
0.38501428571428625,257,1.456682487595681,1.0616259778421333,0.802723644494137,1
0.4903285714285701,51,-1.7718342201296524,0.8709385174773324,1.1288524941155857,1
0.4941357142857135,53,-2.064873238109058,1.1698894081725386,1.0445516993959933,1
0.5176142857142837,54,-2.0028122567017426,1.4483875771653518,1.097633934410934,1
0.4116428571428555,78,1.8411302634440059,3.497347417818038,1.122518133122898,1
0.280699999999998,128,1.943121529009315,1.2186912474496248,0.5739476314380024,1
0.2868357142857129,129,1.9780908528776326,0.8089038788448093,0.5496053891521748,1
0.2239178571428602,156,-1.0094878100768465,0.9400334352477266,0.5604771047212113,1
0.20889999999999986,172,1.599297757584441,2.8853881008984854,0.49871591293051254,0
0.21568571428571406,173,2.287737462697507,0.8829346086680389,0.4986480454008893,0
0.21854285714285737,174,2.9622848424925503,3.3954083978660146,0.5055817915508661,0
0.23245714285714314,175,2.526234094773379,1.2510416362110512,0.5352206391359444,0
0.23334999999999947,176,2.339962969200741,0.8452521587780308,0.5301283490343917,0
0.25372142857142826,177,2.793934086074892,1.5171613574472402,0.5812030129393194,0
0.2515357142857135,178,2.816552447431815,1.4798919944504583,0.5814317662481838,0
0.2432857142857127,181,2.4895376312617206,0.9555101477047936,0.5773858384203017,0
0.26261428571428524,184,2.254065146672045,0.9289120311459059,0.5665259671936966,0
0.27641428571428556,186,2.2051236591985623,0.9330697228557491,0.5739630988411378,1
0.27069999999999894,187,2.2285819191462495,0.9484929015374703,0.5596447228769398,1
0.26648571428571344,188,2.21129627679856,1.4810471535410694,0.5606289761925924,1
0.2602071428571427,190,1.9087770526693515,1.4295652954406828,0.543187175629129,1
0.2487714285714284,191,1.8086014285207708,2.812234441367243,0.5433472522183749,1
0.25845714285714344,192,1.805390556333913,2.329919817915936,0.5586128212545675,1
0.2639071428571447,193,1.7892704297208408,3.420758115062928,0.5485815256102957,1
0.27690714285714485,194,1.790472347489257,2.176810020224034,0.54229713330906,1
0.30673571428571683,200,1.0916621195371776,1.4040381575449294,0.5868631005706638,1
0.25035000000000146,241,-1.56416639215777,1.147108266458406,0.5078030639937061,1
0.24971428571428536,247,2.7768865747567437,1.0882998049824548,0.5830768830424607,1
0.269049999999999,249,3.5757158580767436,2.939336262586378,0.5977501964032512,1
0.28506428571428544,250,3.432876449648646,2.7224620595849096,0.597592763460329,1
0.29187142857142795,251,3.0691429098747474,0.9026912712442803,0.6061462282300509,1
0.3078785714285703,253,2.743073163377046,1.1771449460264003,0.6332603917630504,1
0.3117071428571409,254,2.562701541426114,2.5343782977333613,0.6246032365196507,1
0.30387857142856944,255,2.344292782039502,1.3300644925716645,0.6239884258051777,1
0.38137142857143097,34,1.9171296871368113,3.8481341150322903,0.8767958574204348,1
0.2616999999999986,64,2.208790937698965,3.925477773542658,0.46078684306306267,1
0.26098571428571354,65,2.174751855048621,4.54897795756267,0.4524147709018846,1
0.20087857142857096,96,-1.750551268796087,0.9738339391892825,0.5001496219687608,0
0.18030000000000154,117,-2.097443240069906,1.2390282018109524,0.37357435738416833,0
0.1768500000000007,119,-3.03323168331272,1.3881884002242562,0.36484277493557116,1
0.1854214285714286,120,-2.737427928404009,1.693519131585864,0.3630901345571646,1
0.1946857142857153,128,-1.5066041302053126,1.195528333925715,0.3867014344698597,1
0.21940714285714336,136,-1.1411239361824863,1.0677123137367408,0.4831996960473302,1
0.23816428571428766,141,-1.5551166370029388,1.0931021909894179,0.48458966465813086,1
0.2618928571428591,147,2.260154387125584,0.8332816002613536,0.5174775807550924,1
0.22551428571428392,160,1.539413553181278,0.8875409754597989,0.561361123233569,1
0.24087142857142801,161,1.1359933081404532,2.541814181130946,0.6019432363941951,1
0.24550714285714292,167,1.122256541067107,1.0477238482926685,0.521614220939775,1
0.242678571428572,168,1.2020329630572542,1.157900159039355,0.5054823182859302,1
0.256607142857144,169,1.396351061875229,3.534208310368746,0.5143238143446673,1
0.2607928571428571,170,1.5525845396017273,1.6131034952159877,0.5133002585085642,1
0.27722142857142884,171,1.8645433250198016,0.8009194622829456,0.5330033820365565,1
0.17622142857142972,204,-1.6864552091133154,0.8377567009505013,0.41651078895905913,1
0.17745000000000136,206,-1.97762050469722,1.721367614877697,0.44453645188600793,1
0.2456285714285735,210,-1.613432677028387,5.085972456298462,0.5773935705648331,1
0.1970785714285707,249,-1.6331856404927971,0.9381551271523904,0.36328440128979533,1
0.17679285714285595,260,-1.1548140052460882,1.3604025678682532,0.39111982154111635,1
0.28777857142857094,48,-1.8938767134126726,1.9395859471992132,0.6113671578819607,1
0.31313571428571507,49,-3.0681375687881394,2.977658248031204,0.6284518072863664,1
0.32349285714285764,50,-3.41124879583057,1.4858925958499523,0.6324913491840906,1
0.27063264285714234,76,1.0533161904932031,1.4255626490816,0.6595679628442516,1
0.16950964285714726,110,2.624291431512253,1.1599681907926402,0.3666347007233729,1
0.16950964285714726,113,1.8499607500830026,1.1034499695737379,0.3606897458181365,1
0.16228107142857645,114,1.7175533189597887,1.2100583851683793,0.36304795013317315,1
0.14002857142857192,161,-1.203157464120096,1.5900729576711583,0.360229076556089,1
0.15089285714285797,164,-1.2777935004297736,1.0346033830035506,0.36530133385720287,1
0.16030714285714356,175,1.9003114003834545,1.8298940590818453,0.3260531270120154,1
0.15070714285714257,177,2.62173798409635,2.3029219784206374,0.2986589048560452,1
0.1471285714285711,178,2.3415526872717396,1.7487110709519529,0.3004346275884352,1
0.15127857142856982,180,1.8399115597085232,0.9135128150598486,0.31167835076281114,1
0.143892857142856,193,-1.9167108971378162,1.3635115145250603,0.3488638418500078,0
0.14038571428571242,204,-1.9139668522468973,0.8779878813260988,0.31843982486153255,1
0.14163571428571334,205,-2.131895828894255,1.3247782850165615,0.33161522174539154,1
0.13689999999999916,206,-2.160153640077698,1.0794075711271083,0.329984106106097,1
0.14047142857142753,207,-2.255727114152146,1.1903666116253675,0.3443577618810719,1
0.14332857142857083,208,-2.1418603975555905,2.6869791978089212,0.36242531459866106,1
0.14511428571428553,209,-2.023775202999864,1.0110911120340336,0.36175342838068597,1
0.15854999999999922,210,-2.008870964884144,1.828647862750111,0.357614217585004,1
0.168371428571429,213,-1.4803501125159473,2.1851701049388206,0.37670918320495345,1
0.17700714285714472,215,-1.183909001149228,1.8348263508809464,0.38574338050779283,1
0.16859999999999786,233,1.597923167377503,1.023137673800284,0.39373169211813663,1
0.16555714285714224,247,1.324563790545943,2.2834228712937445,0.3692224739952526,1
0.14459285714285894,252,1.693324605772691,2.367351370935535,0.3628186494497466,1
0.1385285714285729,257,1.3612885477010503,5.108346599501401,0.33791260051175165,1
0.18506428571428504,81,-1.2355555098356306,1.188440845997379,0.38956230952595616,1
0.1767642857142846,84,-2.450040313321631,0.9371047586025809,0.39645791044512396,1
0.18426428571428488,85,-2.3944694740546457,0.842171261916476,0.3970884666437337,1
0.18640714285714313,86,-2.4185015597766366,1.0303649089001097,0.4066497074878937,1
0.20924285714285723,100,1.1132053146056133,1.2092598053961126,0.44747493556184126,1
0.21956428571428635,103,2.112590971818324,3.8025075755485465,0.46399102638845574,1
0.21242142857142962,104,2.223288767734169,1.2123061570058073,0.4643877740472654,1
0.14222142857142778,135,-2.4459448018419256,4.6643115506195585,0.36560972052815016,0
0.16461428571428627,156,-1.7933584538298004,2.1713328312270788,0.32825419519167187,1
0.11601428571428483,202,-1.6661915256436142,2.3741553609825967,0.30820533548784623,1
0.11929285714285649,203,-1.851127668620064,2.333845835729369,0.3134005728362577,1
0.10790714285714184,207,-1.7669686457556644,2.463676926817573,0.26822990141460884,1
0.10933571428571298,208,-1.710326904499369,2.291768059670307,0.2673629030082218,1
0.11609999999999891,210,-1.5167418306251093,3.003796227512204,0.27211319567490744,1
0.10404999999999884,230,2.4224602876587205,1.753581555566832,0.23414565681676874,1
0.11826428571428542,233,1.951533822412445,1.4784052438403854,0.26656210882509634,1
0.1544714285714284,240,1.0379044181377048,3.5510729134849712,0.3466500351836912,1
0.20620000000000058,244,-1.0677820405150815,1.6799975793989534,0.4021873203867945,0
0.2198357142857148,249,-1.6428564072989904,1.3161389848984297,0.4123981186459135,0
0.2253785714285712,250,-1.9424415223880294,3.39292862118355,0.43905841560698167,1
0.23034285714285727,251,-2.0857852851238565,1.230233830169649,0.4385122609223535,1
0.2084714285714274,255,-1.8300670317299088,1.4863479863167655,0.44910782038406294,1
0.21097142857142817,256,-1.9550597334249518,2.7485788131951634,0.46643039879132303,1
0.20817142857142862,258,-1.8855172972555523,1.915723295322759,0.4860796930779744,1
0.22380000000000017,264,-1.072512467489984,1.1794476307791013,0.514106446339707,1
0.23062142857142984,267,-1.248667411264692,2.5244122249834713,0.4978732505492793,1
0.3155214285714304,31,1.024200892663196,0.8896427613485226,0.6401057888363973,1
0.20023571428571277,60,-1.916067963426058,1.2945822187441505,0.4715686268562429,1
0.20531428571428428,61,-1.7495852565552632,1.9943576383026886,0.4851667989811344,1
0.17832142857142635,66,-1.08691682008708,4.875116195355308,0.43485001136058393,1
0.19356428571428808,96,2.0599303178657578,1.9904532131038335,0.48682442126460024,1
0.17702857142857198,120,-1.5807481566168116,1.18248796175339,0.5002298623055037,1
0.17592857142857202,121,-1.5655060327176027,1.331416501092463,0.5122313708156867,1
0.16801428571428442,126,-1.597138546469871,1.2027100411325438,0.45259333092263077,1
0.1791499999999979,127,-1.3858410848168556,2.0898425728745633,0.489494794776661,1
0.3244214285714264,163,1.611421976638472,1.5468985186095463,0.5996237523984216,1
0.23879999999999665,172,1.9727967896286585,1.4004567203369243,0.6362058428963253,1
0.17782857142857214,183,1.201369697216455,2.3300180636207695,0.6052281072970224,1
0.16694999999999993,186,1.2128621679252662,0.8835360971077015,0.47594179954031324,1
0.18498571428571303,193,-2.1681396440558847,1.588118321696911,0.4580757645310481,1
0.1130500000000012,227,-1.948457041896949,1.076219994095919,0.3246139824458356,1
0.12142142857142753,231,-2.502021974637172,1.6789851961872087,0.2859060318919246,1
0.12122857142857109,233,-2.3162347639531227,0.8556909796775297,0.266221287035134,1
0.1277642857142851,240,-1.4159606998834011,2.353292189623032,0.2727125125722525,1
0.1389428571428551,248,1.1799752869157123,0.8873117174570746,0.33197668211374093,0
0.1367999999999989,249,1.37003941323857,2.8125838059969435,0.32733170037962356,0
0.14037142857142623,250,1.2804872767692634,2.8597684648558523,0.3401305715066037,0
0.14250714285714036,251,1.0468982844507582,0.817522269891933,0.3457040721670028,0
0.1631428571428535,256,1.657086030915384,1.976863597029147,0.3857549047739272,1
0.16814285714285507,257,2.1696424896847835,1.53670234655847,0.39920424567059215,1
0.17813928571428558,267,1.3171316101590014,2.648059282429443,0.4123235158553462,1
0.3464928571428579,15,-1.7100673949149778,0.8131710112963106,0.7064529491788331,1
0.3039428571428573,17,-2.156149620589398,1.7825095154330142,0.704280303807919,1
0.3200285714285706,18,-1.8484748039977739,1.0723500989744759,0.744765843403123,1
0.22217857142857053,46,1.0822876798962122,2.3577758277150784,0.5281798606875326,1
0.1767499999999984,65,2.480762042323219,1.663849000017606,0.47127495425291677,1
0.16008571428571372,101,-1.2577004247650543,1.2302447872847553,0.3700561426295011,0
0.15250714285714345,103,-1.2988980977498674,1.0309337358501005,0.37356235672741445,0
0.1548642857142864,104,-1.3946169053424835,0.9843719147242135,0.3743490403477889,0
0.1441500000000013,105,-1.4047308511932155,2.0747675686219167,0.35882758419743627,0
0.1461571428571438,108,-1.0558180357564426,0.8801218209382929,0.3393835098307498,0
0.11683571428571529,116,-1.1929759136838096,1.2606907098087476,0.33540865193679315,0
0.12366428571428502,121,-2.338239004291178,2.7589191124244508,0.29227848060311723,1
0.12080714285714171,122,-2.53531338180308,2.562853466107295,0.286367734508883,1
0.12473571428571363,123,-2.5628837417973105,2.0188025002959704,0.28617537073982036,1
0.12330714285714249,124,-2.541552694923067,0.8634591966700836,0.28671870164720636,1
0.12856107142857098,125,-2.561919824778273,1.3288850467126168,0.289544752124644,1
0.13351821428571498,126,-2.5229608844992413,1.6519474038072586,0.28281432698853315,1
0.12329678571428612,135,-1.0064258580055163,1.2195252309008375,0.2689299169780126,1
0.0991642857142868,144,1.1099276029123166,1.8393397150502793,0.2667646008149449,1
0.10283571428571849,204,-1.4459895917530359,1.2637024251837163,0.27433907720513206,1
0.10426428571428861,205,-1.5863862013969805,1.6237413312252642,0.2743768287306439,1
0.10877142857142884,213,-1.6294171422179282,1.8017981404405135,0.26397045356244553,1
0.10805000000000067,217,-1.448395071841104,0.8374877039910862,0.24525447109148857,1
0.08122142857142681,235,1.324284009985767,5.187413100467097,0.2068212599533141,1
0.08417857142857141,268,-1.0215600761381767,0.899947718211543,0.2535823514937229,1
0.17468571428571522,40,1.2455074323164395,1.3711438487526797,0.4666493743723929,1
0.1670142857142827,52,1.1582679131238667,1.1410128162432884,0.43383368721709825,1
0.1291214285714314,76,1.1741564391680044,2.4051722518085534,0.3856475437726178,1
0.13305714285714337,91,1.7932402984988358,2.913261584253459,0.35478650691557656,1
0.13662142857142964,92,3.0550461120660697,1.410246636613652,0.35295548017530615,1
0.1350285714285724,93,3.5295702721317133,0.9402235237359909,0.3557767081272163,1
0.13431428571428633,94,3.3984070440030543,1.5757063967585963,0.3549716186121028,1
0.13211428571428538,95,3.3241283183884405,1.2801592431754683,0.34851366026181474,1
0.13222857142857183,96,3.039765968039408,1.1960450833991836,0.3500225398998136,1
0.1272285714285713,97,2.7998015017421447,1.6573188147664697,0.33731566584198497,1
0.12117142857142735,104,1.2435746574661932,0.9476542215266746,0.3284446192694962,1
0.13014285714285734,135,-1.6121402660255935,3.1971967492318316,0.305182594486,1
0.1277857142857144,138,-1.5345776869733232,1.2494498320887228,0.297298756823739,1
0.11730714285714328,148,1.0752343891630138,2.7410609054954467,0.28666518684755865,0
0.1358785714285712,149,1.8824837901838951,2.953244191065323,0.3855880114564021,0
0.15266428571428545,150,2.6741930625669434,1.2412935872976971,0.43900696451490306,1
0.16270714285714302,151,2.929544532478004,1.263172272876642,0.43592411253330493,1
0.12175000000000173,182,-1.0705458184607755,1.1853072468341177,0.2812071368712091,1
0.12344285714286027,190,-2.0587284729074917,1.7323079165609936,0.26262035310054255,1
0.128457142857147,200,-1.8776304562157868,2.851459384129867,0.28033039549548017,1
0.1413071428571462,202,-2.2338923272905853,1.9814348194546105,0.29006842288895673,1
0.20735714285714327,225,-2.320398561602434,1.0759749075503928,0.5038464134747253,1
0.22200714285714337,226,-2.7108462072601522,1.7932799453191608,0.5035507952985471,1
0.2250785714285724,236,-1.4496658584843607,3.3164581147300503,0.5111167658945389,1
0.40172857142857155,30,-1.30977991262891,3.0609350138950635,1.2718716930334955,1
0.19777857142856956,83,-2.185250178613565,0.9628510120041764,0.4118689917720078,1
0.19749285714285594,84,-1.9705921159609137,1.096095658670946,0.42253418810098986,1
0.21821428571428417,113,-1.3637010019998395,3.6651238802029105,0.458299004785594,1
0.295892857142856,117,-2.418291700311671,1.5444825903387684,0.48494866581798995,1
0.38357857142857404,123,-1.8743672546764558,0.9488092555306176,0.5420783545635547,1
0.1376285714285704,247,-1.7595263061672908,2.736594001361679,0.2639139749916135,1
0.13727142857142788,248,-1.8263587784351911,2.6942436765246605,0.2625032586795967,1
0.14263571428571303,249,-1.76490558851836,1.763159276774165,0.271587191160565,1
0.11895714285714323,268,2.2367564304668086,1.2291812735768535,0.33558401351360734,1
0.17120714285714303,269,2.0208595361903607,1.0353072348376309,0.3302784158295033,1
0.17734285714285494,51,-1.3864834201360663,0.9458918762335974,0.4203045042050734,1
0.18307857142856981,52,-1.1306784696617116,0.8894788142265992,0.4269237667321266,1
0.1675500000000016,70,-1.4845390030573928,3.0526986947891044,0.3327061412785124,1
0.19413571428571533,73,-1.2362148621620732,1.202988841841713,0.35220599036871714,1
0.21020000000000344,77,-1.4699759285855651,0.859529802349179,0.4001966946808972,1
0.1348642857142853,100,1.482444101955723,1.1936705494349444,0.3652152026679944,1
0.11922142857142859,121,-1.6619715551042418,2.183730641284684,0.267398124628379,1
0.1278714285714295,143,1.3401492642882684,1.3241677026433674,0.27307559537897036,1
0.12822857142857202,146,1.2213257166927511,2.355573800218708,0.2797939361885085,1
0.13042857142856995,153,-1.2210320758515585,0.8201367549189206,0.27318345844882996,1
0.11608571428571375,157,-1.5346722016819174,0.8177667869771528,0.2693287602381539,1
0.1040071428571423,165,1.3106041298862787,1.211638874219535,0.2632769728737535,0
0.09757142857142855,167,1.8779124940346588,0.9090342835209556,0.27467951025471676,0
0.1011428571428559,170,1.9346838349256918,1.4274062893471144,0.24703482052013648,0
0.09399999999999917,172,1.9602302878808033,0.9191901973747767,0.22131743465811518,0
0.10249285714285707,174,1.8164837828532632,2.7862657250673677,0.24222159143262212,0
0.1217571428571428,178,1.3351883248794367,4.7537586499416244,0.21329058844882334,1
0.14475000000000193,184,1.3356594966184954,1.2588871882303938,0.20103880996006018,1
0.11554999999999792,228,-2.236551251490649,0.9574466090915043,0.2641951110120336,1
0.09858571428571443,262,2.2844653056143893,1.7158561234141514,0.23975533393067766,1
0.09665000000000086,264,2.904829749868559,2.874494615844627,0.24299889768144006,1
0.0949214285714299,266,2.474344153968334,1.5873129363310077,0.24102930857184562,1
0.09063571428571546,268,2.306379126746871,0.8447474140373703,0.22163133085906514,1
0.25452142857142845,34,2.6087915807699344,1.3752082420276786,0.4817762020564083,1
0.22831428571428752,43,1.9697360691976686,1.2473702280406458,0.44618693575983037,1
0.18687142857142497,131,1.3200538347968138,1.1642197039803233,0.39392944962646886,1
0.10385000000000336,172,1.6374871573331553,3.67312366513806,0.2565777721040742,0
0.10014999999999828,182,1.3583401679035212,1.7210643663977478,0.2664458324511631,1
0.0976571428571406,183,1.4639630089274835,1.3563769630329843,0.26574083554521727,1
0.09300714285714154,186,1.568688182146736,2.5015920547045507,0.2496771619119889,1
0.10082857142856991,187,1.3509893310429,0.9882091832691253,0.2688865739632154,1
0.07379285714285443,213,-1.1617305137310405,1.7633442459768451,0.18714245477120006,1
0.10584285714285459,223,1.3157171870250186,1.0937834338905636,0.18676889650666584,1
0.10798571428571181,224,1.8735360462659814,2.8292794814317226,0.19693758611110962,1
0.11227142857142626,225,1.9627086147548365,1.5398859371581783,0.20919112548014956,1
0.11844285714285567,227,2.2132718676807177,2.330674725857892,0.19148975284237557,1
0.11594285714285592,228,2.2388123685008474,1.3151783652367324,0.19176060901963485,1
0.11917857142857002,230,2.0678904861976735,1.9503076479829151,0.19493809385169833,1
0.11693571428571355,231,1.9594850189549373,0.980836994765103,0.19500862019012657,1
0.11907857142856974,233,1.7096886730237884,0.8007321711043188,0.19536129994254733,1
0.11622142857142848,236,1.4882608495857979,4.554899093078153,0.19517947532187918,1
0.11157857142857049,237,1.4454089737955225,1.0420053595271879,0.1913155160972778,1
0.15709999999999877,248,-2.5130833471005576,2.9505322044813576,0.3335141969599602,1
0.1724571428571419,249,-3.053011407843919,1.1623650425053818,0.36800208051358635,1
0.33825714285714426,19,1.636331465339328,0.8767045162289748,0.7497669881129786,1
0.1767642857142846,51,-1.3719802229432643,0.9705164846932451,0.3642201711953708,1
0.17599999999999788,53,-1.9387724654581742,3.0840164001314188,0.34112259341159606,1
0.18957142857142628,54,-1.7200785445947078,1.5547524740825456,0.41134761185159263,1
0.15240714285714319,80,1.104686630470331,1.1274994929018873,0.408490514611686,1
0.14432857142857156,86,-1.261524013008235,1.3661899498822205,0.34367412033545613,1
0.18170000000000033,91,-1.644245834777077,1.4341904910995762,0.3674664043909297,1
0.17711428571428506,99,-1.2285753456367823,1.492815781089771,0.3363923779390051,1
0.17782142857142905,100,-1.2596098561560927,2.191885747830666,0.33764542495987515,1
0.1752928571428549,116,-1.4295119804319423,1.666807765218741,0.3445830098425122,1
0.17274285714285448,118,-2.093087518838991,1.2982658686887365,0.3379562511046802,1
0.17008571428571173,120,-1.7755919848878827,2.0919470201577224,0.3681366653992023,1
0.17294285714285604,121,-1.1491256072020417,0.8162180711855094,0.3680252289380696,1
0.15862857142857326,155,-1.009937618868748,1.628839521487693,0.30110882480107504,1
0.14379285714285775,160,-1.9778061214866545,2.014923394531249,0.2725151190883885,1
0.144364285714286,161,-1.8330129837096685,1.4476662087340917,0.2714960598549717,1
0.13992142857142856,162,-1.629420877408361,1.197415348606755,0.26635305912591767,1
0.14170000000000016,163,-1.489591576426101,1.6974356274294313,0.264058405006046,1
0.10904999999999834,171,1.2998658984908853,1.2959355183714003,0.2768520686860487,1
0.12317142857142775,186,1.5510341085669437,1.457509635695529,0.2902029666227444,1
0.12087142857142855,187,1.4135711396572481,1.4373750488170975,0.2864820349389686,1
0.12458278571428442,217,-1.0397020729540376,1.1503053381717945,0.26929436401676143,1
0.10000714285714249,257,2.07998689101653,4.352276469301637,0.20484728432988372,0
0.35703571428571274,15,1.3133871080641975,0.8813651794822069,0.6062140127870177,1
0.3327428571428562,16,1.7185850623427414,1.1059656121849328,0.5966308152678753,1
0.34632142857142867,17,2.230758355564526,1.496937131621222,0.6188935796683093,1
0.33113571428571476,18,2.4342656696192764,0.8340723023385183,0.6195761384104524,1
0.09615714285714258,110,-1.167616625154914,1.2293136370630255,0.26808611128678156,1
0.10522142857142873,112,-1.8445526532237766,0.8128244125079073,0.27914012711950087,1
0.1206642857142849,123,-1.3544383141784757,1.0286172519907872,0.24068681329288788,1
0.11389999999999999,127,-1.1747629496150607,1.3214985746304966,0.2561572043416855,1
0.11941428571428706,132,1.1576452881943506,1.101559306670911,0.26337121518731177,1
0.12140714285714438,133,1.727158767001123,1.505060067649571,0.25992329456691365,1
0.11231428571428788,137,2.07186872952425,0.8586915229661906,0.27197330079774806,0
0.11742857142857385,138,1.5691297691950379,1.790602886610013,0.27301947607804583,0
0.11647857142857276,139,1.413794968730618,1.1438391999194788,0.2787412233904667,0
0.11617857142857194,140,1.5332792478816084,2.7151866193096077,0.2794718104114949,1
0.11262857142857184,142,1.5829182266168969,1.4816476283424376,0.2714201088128681,0
0.12028571428571411,151,1.0155821806206138,0.8394172729455229,0.2809222350983647,1
0.12659999999999932,152,1.45174421360964,4.577175844770596,0.2940453578406711,1
0.12230000000000071,160,2.0548010349300787,1.1587284345141111,0.2810016674731234,1
0.1009071428571419,198,-1.8824167256836244,1.4031129687850792,0.21149128357734884,1
0.1037642857142842,199,-2.2536999881075284,4.479613098981737,0.20689801533662988,1
0.11303571428571299,200,-2.1863117108754,1.7831486066286029,0.2173578503028853,1
0.11715000000000028,205,-2.113360717576525,2.71645149036484,0.24493021980716162,1
0.12421428571428603,206,-2.3529804616488623,1.1213683666392305,0.2463690194492479,1
0.10539285714285589,227,2.5119601055488574,1.1678624503893573,0.29255110783005256,0
0.1081785714285713,240,1.2161345023805012,4.28238989633391,0.25364983545845277,0
0.09253571428571357,250,1.2277166584416137,1.449470477258359,0.23037268408887704,0
0.10617857142857089,257,2.079195978230165,2.8864680993721783,0.2581407669350814,1
0.11382142857142798,258,2.5365083577712677,1.0055173775381707,0.26024921879889873,1
0.11310714285714292,259,2.804782517115425,1.1167265961552366,0.26434830323446223,1
0.13441428571428662,265,1.8295084581456325,2.1617491443920014,0.28447198994718564,1
0.19568571428571704,52,1.3220339884984686,1.205981052383834,0.5681884651684992,0
0.1501785714285739,131,-1.2171803995734405,0.9735897670469591,0.3351524636643973,1
0.16587857142857235,134,2.5594515822850843,3.9583050628050978,0.3517707483073295,1
0.14553392857143063,167,-1.0339308564718754,1.3167838368530211,0.26172332856814245,1
0.1455553571428579,172,-2.680303872836392,2.242652205962696,0.2660330671281643,1
0.14628392857143016,173,-3.10152922698863,1.2313022552989448,0.2791974509304977,1
0.14812678571428656,176,-2.606432629205491,0.9502302759705865,0.31092099959523706,1
0.13449285714285558,181,-2.1002401755060562,2.21090387722628,0.29457303322146555,1
0.13659999999999936,186,-1.2663793257073754,2.2527541570347505,0.30373086503928926,1
0.13695714285713986,220,-2.6499160046362973,3.4134836390762326,0.27635434313381047,1
0.13319999999999915,223,-2.925956870125688,1.2858695309835155,0.2821554066358329,1
0.14238571428571486,225,-1.9088361973461616,1.1308082961011474,0.32099673803065515,1
0.14595714285714426,226,-1.610668054545254,1.257626752964442,0.3238627805655628,1
0.10492142857142792,239,1.792019818599103,2.4631662016692006,0.33693186274845915,1
0.10706428571428514,240,1.7179492853434464,2.1588384780467376,0.3422958399541726,1
0.09974285714285815,242,1.8339661088942467,1.9098944806733635,0.34722330694783865,1
0.10220714285714345,243,1.7138012380517371,0.835001952333929,0.34811214197494084,1
0.11220714285714349,244,1.8459699541400214,3.0054292256783692,0.37397528604326996,1
0.11177142857142996,247,1.792126931234887,1.1500889765627962,0.354073643024299,1
0.1823357142857144,66,1.7267395335691431,2.8445863612939952,0.4519958785831666,1
0.12938571428571574,95,2.380957183538823,2.5847027264931075,0.30668754840254026,1
0.16448571428571462,107,2.3830742740135498,2.5544451681849636,0.30150889727794483,1
0.16865000000000055,108,3.044679226505918,1.5264611292099328,0.29658987713324164,1
0.16501428571428636,109,3.284739482024096,4.2711541395474635,0.29851011937978306,1
0.16501428571428636,110,3.062847946800843,0.9978305623916096,0.30198538051571494,1
0.1699857142857145,111,2.8130133348364996,0.9409055124960188,0.3012389320387703,1
0.1342214285714261,143,-1.404708210443692,1.7497506065322945,0.27077224087814566,1
0.1402499999999977,145,-1.6170025238942414,2.1062365291026213,0.2752591781741148,1
0.15307142857142558,146,-1.6521289758064048,1.5831177027667402,0.2757765369929809,1
0.16889285714285762,154,-1.2759182004014014,1.603213486382066,0.3022360960378026,1
0.10663571428571166,191,1.4549277648653,1.1679978404231266,0.30407445917569204,1
0.10574999999999742,206,-1.320364181710824,1.6279306108548297,0.19211066246206263,1
0.10530714285714181,207,-1.632511434048453,1.1144297784935027,0.19828934082181077,1
0.10110000000000038,221,2.0504546731427333,1.3792402932417553,0.2110840705547549,1
0.08538571428571272,238,-1.0274430709865965,2.120103009432224,0.20588107976382827,1
0.10970000000000166,250,-1.1376132081256403,4.520030651999848,0.2211977669692942,1
0.1558999999999975,63,-2.3742343145098403,1.4117497845244147,0.2933745376666817,1
0.10045000000000012,96,1.8389925098784767,0.8429378415431134,0.1903574967320542,1
0.09973571428571404,98,1.6562629915439513,0.8021874397204334,0.19090873251103413,1
0.09682142857142903,121,-1.8044522422213771,0.9291780343727106,0.15519184490060758,1
0.10444285714285684,124,1.2986251511218652,2.0022374089384347,0.17974334868627778,1
0.1068714285714287,126,2.0270802370731342,1.5750698197759967,0.17793242087274502,1
0.10659285714285716,129,2.066200408891045,1.1484485278829053,0.1805224182209679,1
0.1120999999999991,130,2.422751410633451,1.5759012691613947,0.19079461872243125,1
0.11236428571428446,132,2.5635916258805325,1.4404605724297483,0.19105491928914886,1
0.10452142857142784,141,1.492645408391212,0.888424940356391,0.1865463603689627,1
0.0998785714285678,187,1.1074376381880893,1.8539712461035123,0.2521812081097209,1
0.11119999999999967,220,-2.193574940236324,1.0971616687041583,0.22623531690023474,0
0.12881428571428546,232,-1.1133265576829259,0.8650026558893246,0.2635225267038537,1
0.09777142857142909,244,-1.0780605451778122,2.961280512761179,0.21025187591893874,1
0.10205714285714253,245,-1.0923976795493577,1.112022208765817,0.21515621906604182,1
0.1170571428571431,256,1.556514590767684,1.1923277738407139,0.20393220469794993,1
0.2230142857142862,55,-1.441824142363625,3.3662883028571846,0.573476126006794,1
0.19434285714285796,59,-1.381183147955247,1.481511783895305,0.5028535089330984,1
0.1942142857142873,63,-1.8991362306767896,0.8481491880293887,0.3924033204876696,1
0.15307142857142964,125,-2.1413771943712945,1.2112573622026779,0.29298155977976875,1
0.1430714285714296,126,-2.3918056132802272,2.1349419355487314,0.29401194075360565,1
0.15090714285714416,127,-2.208414054682394,2.221887967256873,0.29264691620661804,1
0.15775714285714518,133,-1.427913188717121,1.103192011830037,0.2949499551701321,1
0.1484714285714302,134,-1.3513988148786193,1.0514904076829368,0.2932049348502793,1
0.14811428571428667,135,-1.0220693422969127,1.2107702516513088,0.30087641525322534,1
0.10402857142857361,163,1.3939218942340639,0.9726559622536937,0.21269219216018953,1
0.09046428571428525,167,1.2267453388667215,0.8236750748371262,0.17478462274297618,1
0.09645714285714035,190,-1.6676103777105962,2.1643109363932043,0.1842789394012698,1
0.08506428571428566,217,1.1537508626500446,0.8795300874669634,0.1811282944780826,1
0.09006428571428517,218,1.3797039874470298,1.0556365201863032,0.18082148430262054,1
0.09642142857142691,220,2.056283725233163,2.331491045871431,0.19095781983162766,1
0.10107857142857009,222,2.258317699613038,0.8328104096432579,0.19225157895615297,1
0.08042142857142665,244,1.7015279213615322,1.304044291400251,0.18019535271314435,1
0.08327857142856995,245,2.2534597327235244,1.2455124518339582,0.1792506188764347,1
0.09286428571428575,250,2.0757186170825106,1.7849464108004018,0.17903491398938787,1
0.10001428571428761,258,1.1203023150790214,2.3361284210541995,0.17708371108929294,1
0.1926642857142856,48,1.6406458388655067,1.6089896970154651,0.43356752027552925,1
0.19061428571428454,49,1.6477940634026143,1.5900586657435778,0.41680059504579575,1
0.13060000000000013,99,-2.093589789346703,2.1337870748921777,0.2834493420356587,1
0.1323357142857142,102,-2.187045370217458,1.5921829002765464,0.2447019153242707,1
0.13821428571428587,106,-1.9315881785542817,3.253636379083018,0.21451741482594308,1
0.13267857142857054,116,1.9116117075540437,1.8131713043677573,0.2745507742543178,1
0.12934999999999924,120,1.8584957728728158,1.1449008535067562,0.26948616866761,1
0.1365642857142849,122,1.640839509596932,0.8626470128399264,0.272990665558532,1
0.13270714285714189,123,1.6251505626256744,0.8968759754324068,0.27264956853841427,1
0.11367142857142605,146,-1.6719692742027328,0.8323554800638435,0.2190847043669828,1
0.15625714285714107,163,2.1415025479361023,3.609182835382008,0.3373323477619201,1
0.1651857142857125,164,3.1036397803855835,4.256785190661852,0.3465975718507725,1
0.2092357142857131,170,1.3993638649569662,0.9924441389234583,0.4367870533522635,1
0.13258571428571336,202,-2.5847917802804723,3.7476986308674096,0.2534776066794272,1
0.12508571428571308,206,-1.8867355410557047,2.0149523540809686,0.2480474904036423,1
0.12292142857142759,209,-1.5853192127926612,1.8053090928203661,0.23647839686128988,1
0.1224357142857124,211,-1.1320455606729942,1.4156442841057404,0.265257124491361,1
0.11652857142857138,230,1.0625039798743876,1.8415618487928263,0.3253747087528534,1
0.11285714285714375,244,1.9445470105871958,1.3099547237036657,0.3016054233424125,1
0.11428571428571489,245,2.4670817033578247,2.5935632394936845,0.27926422380758437,1
0.11288571428571512,247,2.5977144925821296,2.5449584550269617,0.24135228809897524,1
0.4535285714285706,33,-1.1327676561064268,1.2127018459704713,1.1199505989947427,1
0.34796428571428656,58,2.6747760267268594,1.907722747823549,0.9079037503085828,1
0.2452214285714303,123,-1.9107231512183904,0.8935960189589104,0.5645916728176654,1
0.25593571428571543,124,-2.476862625154784,2.2163213035964477,0.5864846910419204,1
0.25243571428571393,125,-2.6425008476915695,1.4118134431074074,0.5611451125630167,1
0.29324285714285636,126,-2.98097170295855,4.266483355892085,0.6312645086499057,1
0.2925214285714282,127,-2.859371427498289,0.8146619931291139,0.6355334203511994,1
0.30927857142857107,128,-2.5708116769653797,1.5555982693381027,0.6407847409826892,1
0.28923571428571243,131,-1.9536101832653812,1.7176348865314497,0.598886556099132,1
0.326357142857142,133,-1.5459722074273492,1.6333696538780909,0.6557549211686098,1
0.22542857142857084,171,-1.4385625261135164,1.5843218719760392,0.5042209770905746,1
0.15176428571428602,207,1.5034484130717851,0.8446416882715841,0.36271514320145415,1
0.1446071428571441,218,1.4467789221886955,0.9487167355336522,0.31572287682561423,1
0.14826428571428657,219,1.6216235597826159,1.5728406893939764,0.31566028111493677,1
0.15504285714285768,220,1.8642556414699456,1.9161662052114965,0.25856604076434053,1
0.14962142857142982,221,2.188623502954914,3.891894245277959,0.27115784555800665,1
0.16498571428571498,223,1.9606873656593418,2.420571111347151,0.28661358941556025,1
0.16617857142857215,225,1.3928695305212322,1.526253334565514,0.2899012638002655,1
0.152785714285714,237,-2.1638088878147377,4.683995681825126,0.2992263087996351,0
0.1637571428571444,243,-2.055516315310957,1.1076863486543425,0.3048120257889945,1
0.1822714285714306,245,-2.0759426813958313,1.470199284417412,0.3223191641438051,1
0.18939285714285908,246,-2.101336233382038,1.3976070840931838,0.3124112218815975,1
0.30416428571428816,49,-1.376559102146671,1.821301507777073,0.5555325083154986,1
0.30743571428571465,53,-1.7036732414328692,0.9357954571804918,0.5603352968413479,1
0.272514285714283,66,-1.3500312140843012,3.030782657736681,0.5889930581177424,1
0.22671428571428415,100,2.8236874644544807,1.392477350670046,0.4864356756279948,0
0.16918571428571635,110,1.5168820644802443,1.4330501443884534,0.4893808054671208,0
0.19647142857143,118,1.2273777758747126,2.184878037724085,0.34764484358434034,0
0.21932857142857237,119,1.178894214331832,3.3912122050212115,0.3918036846022378,0
0.24940000000000037,125,1.8099702463995961,2.126496260685509,0.42027008989360537,1
0.24797142857142923,126,2.1365002728362583,1.1201947248223516,0.41606386654645,1
0.24794999999999995,127,2.4285164688667376,1.2354414581775734,0.4181564725712269,1
0.2589428571428566,129,2.5129557600949997,1.9644036799413047,0.45467079324055526,1
0.2660857142857133,130,2.6324952347233714,1.4449380995800174,0.4535622875492225,1
0.273221428571428,131,2.6562688405947896,1.5804820808647053,0.4564921447389944,1
0.2553785714285703,132,2.6010046852217465,1.5551899055922078,0.4572802737029005,1
0.24180714285714192,133,2.5408345628732865,0.9430064797694693,0.4618526241721221,1
0.1397571428571435,178,-1.5501909516603236,1.1135890534745534,0.25820895161718693,1
0.1392000000000004,180,-1.6569396557572962,0.8727502259453597,0.2442281682114194,1
0.1267714285714285,191,-1.4233484714776605,0.8792961758186931,0.22310536053827767,1
0.14801428571428638,203,1.2372423196172722,1.293235623286256,0.23570170281024716,1
0.13107142857142812,209,2.422926968145738,1.2074488626610222,0.24957428761863995,1
0.15503571428571256,221,-1.3057395457172671,1.0010084481809773,0.315380263382774,1
0.14955714285714197,227,-2.0960587795542818,0.8166925345107551,0.28057366425172126,1
0.14584999999999987,231,-1.829994014666463,1.4136614263969018,0.2819740964801547,1
0.1337785714285705,253,-2.1005789402432966,1.6132598007788668,0.2169071667559099,1
0.2218357142857142,33,1.4447551442115418,0.8895908750735123,0.4854530472778941,1
0.20787142857142982,57,-1.988238032726074,1.8827765508470027,0.3810454715234969,1
0.20457857142857097,60,-1.6537628433281235,1.6267456051203835,0.3842478533608075,1
0.22100714285714268,61,-1.4129735818050742,1.02245963556622,0.4072942158471561,1
0.1530142857142869,95,1.6785045895683637,1.293476925019635,0.2863662386592052,1
0.142078571428574,98,1.6060342619138535,1.113782297396028,0.2670180159042825,1
0.14535000000000256,101,1.4537877039047078,4.572454111312084,0.27421226949933597,1
0.15668907142857233,131,-1.2657535149468992,0.8437178795692284,0.29244731504058463,1
0.15161428571428612,135,-1.1921925249723346,2.2579224851472994,0.2943492709035175,1
0.11565000000000124,161,-1.1828876337527805,1.49801868493957,0.26086596445045984,1
0.11882142857142952,162,-1.5782595233937855,2.6062017123133354,0.25926158749704564,1
0.11244285714285647,220,-1.3183719789461932,2.4575883183951697,0.2270387934112764,1
0.13076428571428828,233,-1.2397833341867586,2.0941861595860853,0.2518865000832771,1
0.07322142857142515,268,2.081793523529763,0.8839234812190392,0.12550338627559485,1
0.07316428571428243,269,2.5445233611026854,3.31219762998969,0.1262783311437523,1
0.3055214285714304,36,2.0200097673762785,0.8984349005036396,0.5912240972547562,1
0.24432142857142886,58,-1.5581414478961821,1.7098087177506935,0.42378970784055175,1
0.23930714285714316,61,-2.2814831732420884,1.1125506352412153,0.4114979461656704,1
0.23755000000000084,68,-1.624931320794941,0.9350075072079198,0.3122505354656437,1
0.17287142857142612,115,1.8827731933367857,1.6437912170935256,0.32251896087381426,1
0.16993571428571283,116,2.116284100475308,0.9050971714394654,0.3223690918209675,1
0.1685071428571417,117,2.3729935113500567,0.8515430774067757,0.32221180650403364,1
0.17029285714285539,118,2.4022950103141776,1.631050365654958,0.3128607353557159,1
0.1731499999999997,120,2.2989800416686257,0.9085319239104249,0.3089277022584148,1
0.15890714285714072,141,-1.81610819707226,1.4855222598758653,0.29332411629703026,1
0.13382857142857116,154,2.10577257776328,0.9782616541446677,0.2642858589053095,1
0.1256142857142848,155,2.232810638505835,0.8770600246523437,0.25444027887433057,1
0.12739999999999846,157,2.5091223259518185,1.1120572737332959,0.26755963040020014,1
0.14022142857142736,159,2.471619136294414,2.419101052670287,0.26011243472247975,1
0.13604999999999837,160,2.3923581746830958,2.228742026759756,0.25865200499640467,1
0.1374714285714274,161,2.247805246481202,2.4882229130823985,0.25736834319048507,1
0.13997142857142617,162,2.1282873871826467,2.495807289104017,0.2526996473535694,1
0.14461428571428314,164,1.749964959703997,1.4695049605840298,0.22541366839144816,1
0.11085714285714435,195,-1.3582342510649021,1.5318053145545838,0.20243858684776886,1
0.11942857142857223,196,-1.396462625591914,1.7616713808448166,0.2015007777803866,1
0.12514285714285783,197,-1.177590739720898,1.1795273775385122,0.22255158162531316,1
0.12710714285714175,205,1.0502473339015794,0.8818061297196971,0.2133309499539316,1
0.10883571428571466,211,-1.465938656252697,1.1494521669718043,0.21092235056538977,1
0.11144285714285676,213,-1.437134487659046,2.2538621522507363,0.21015438439177425,1
0.1118857142857144,218,1.0916680008905175,0.8388972453059076,0.20940662726222956,1
0.10731428571428633,219,1.6283128800697952,0.8319151370280433,0.20880361872099718,1
0.10723571428571534,220,1.8349885629880023,3.206556179140601,0.20937942349889152,1
0.1115071428571436,221,2.0394346846685067,0.8837513673819105,0.2098582566611927,1
0.42740714285714276,15,-1.088967016905809,1.399104419372046,0.5191908171800061,1
0.25322142857142793,33,2.3211866200471865,1.573620262383351,0.5211205575336725,1
0.2628642857142844,34,2.3154789240882154,1.1678833806818252,0.5078332503040139,1
0.2657214285714287,39,1.9166741062850792,0.9441895997220289,0.45739220530118696,1
0.19373571428571523,87,3.9245988181464764,5.056835295624354,0.448908589195817,1
0.19802857142857277,88,3.847812263370407,1.9357473349182137,0.44319499845598453,1
0.20267142857142875,90,3.3876475457049904,1.3768718560982338,0.45106810665374336,1
0.21163571428571362,91,3.1985141821266008,2.121490646205766,0.4586521964888746,1
0.21520714285714299,92,2.89136832855123,1.6142880274112428,0.46041425228013605,1
0.2382071428571432,93,2.74463714130512,2.5325874954905063,0.4610554543790715,1
0.24381428571428643,94,2.4718364824670824,0.8424001541119981,0.4709977741522208,1
0.14240000000000105,202,2.0874440320656267,1.70424486002459,0.3066959313222264,1
0.10903849999999896,240,-1.4482255013840992,1.2922504232405403,0.20129807099919367,1
0.11122142857142896,259,1.2995315940618262,0.9225271932840202,0.1782559611005626,1
0.11050714285714289,260,1.5973248925553805,1.0129599892106267,0.17012035735734093,1
0.11284285714285756,267,-1.3579602405679376,3.085320655869657,0.19576495296004998,1
0.2604071428571432,70,-1.5780925494473745,1.8212204409334825,0.6087511379471874,1
0.27255000000000046,72,-1.8678007092124072,0.8637543635739199,0.5594728040751275,1
0.2633714285714258,100,1.8712183447069382,1.7442447167444972,0.3524402076520475,1
0.2583714285714263,102,2.1327733622163194,2.461324087148129,0.35470783904152453,1
0.25603571428571364,105,1.5801279097386924,0.9032470814861207,0.33760988384739665,1
0.26495714285714406,110,-1.1585827321442794,0.9235288457616895,0.3671227282370785,1
0.24742857142857236,114,-1.2554343220861321,0.9035984067039582,0.37588160469179455,1
0.22936750000000217,124,1.744519093945326,1.3917507694274154,0.39391630876198314,1
0.23508178571428878,125,2.220883014567511,1.328954865543196,0.3982642498687955,1
0.15807142857142914,160,1.7234739385421807,1.0060738899926476,0.30751746735099034,1
0.16430000000000028,161,2.061415121635487,2.0094567829498877,0.30865131188415607,1
0.16385000000000055,164,2.25445107093085,2.588274997545042,0.31058974434781395,1
0.1602714285714291,165,2.1325825614439977,1.0408809750475554,0.312844749512,1
0.1584857142857144,175,1.0592948055221156,1.7307062403598599,0.2616203195947461,1
0.16062857142857162,176,1.1777190516356488,2.6719969699495767,0.26000252366755977,1
0.18857857142857273,183,1.1360546797013207,1.0491631955738345,0.2543649882495389,1
0.1995357142857139,190,-1.1589603368363357,1.7263801375213441,0.32444297454892446,0
0.19523571428571124,197,-2.4329831266477204,1.2232305840454705,0.3507120387191389,0
0.1543587142857104,221,-1.1396199251762713,2.3778236995817577,0.24388223138382803,0
0.1618658571428538,223,-1.6739101117102384,0.9400714236106819,0.25187286749320364,0
0.15419999999999792,225,-2.086918022562894,1.1951726240652123,0.25026516291108336,0
0.1577714285714263,226,-2.3785371967395506,2.787685766234087,0.2513905513207512,0
0.16705714285714127,227,-2.7060727036789345,1.1894659061510908,0.250004248213314,1
0.18902857142856938,230,-2.5582202522897353,0.8124867420425809,0.2788726232146853,1
0.18624285714285702,232,-2.5036476599840656,1.787754989692666,0.2805045566568481,1
0.19409285714285776,233,-2.4747691909027614,2.3383418625616863,0.2781299894352207,1
0.19016428571428687,235,-2.4185789925809535,3.8617220180068634,0.2856173071122239,1
0.19266428571428662,236,-2.272391472068741,1.6317254820342126,0.2897815190721446,1
0.20065714285714417,237,-1.9779224351795004,0.9256611167898886,0.3114102130061453,1
0.21561271428571263,45,1.1106954374218714,0.9850479065796542,0.45256081075447585,1
0.234848428571427,46,1.0379605694323155,3.7130857295817687,0.3830450268068956,1
0.26140557142856935,49,1.3491869577442368,2.31437149348095,0.3404903154397064,1
0.23547142857142742,62,-2.8476989288406376,2.450095662541151,0.37326835762439764,1
0.22404285714285624,63,-3.0094919044004893,3.445290399854527,0.3835476109188956,1
0.2214357142857131,67,-2.5800843919085437,1.3918751410857713,0.3722435671514253,1
0.16327857142857333,103,1.486176935187706,1.890931840976317,0.2671219592380744,1
0.16720714285714422,104,1.5401640283529543,2.5874102537521795,0.25258551106525745,1
0.16078571428571667,105,1.5563685537866643,1.94930872847007,0.25172846390211073,1
0.18280714285714442,111,1.6615622046840834,1.730259967516645,0.26062402391488326,1
0.20329285714285866,118,1.794772916655386,4.269157227749382,0.32168295538303004,1
0.14747857142857054,151,-1.5399888157294184,0.9127416298409735,0.27223972429988136,1
0.15427857142856993,152,-1.4218381558306818,0.8388120713839033,0.2923109475580849,1
0.12335000000000004,171,1.2849663599729546,0.9307734891293664,0.2316812607561894,1
0.16052857142857338,187,1.28197412304139,2.3926050823872984,0.27069258177709066,1
0.12912857142857145,201,1.2317576720918095,0.8880726090598833,0.29068390768039903,1
0.10967857142857136,233,-1.2779374077167007,2.504169749561775,0.16825307025048725,0
0.10144285714285774,237,-2.425183367142933,0.9955690244888987,0.16972582455931928,0
0.11297857142857026,244,-2.1200410174414706,2.4665692170975713,0.19591322597765268,0
0.11619285714285509,245,-2.2650357454469483,3.004158699561367,0.19776083312847348,0
0.12272857142857418,264,-2.386591374989416,1.3569393056772965,0.2437222862122115,1
0.122007142857145,265,-2.4029697410279747,1.1655572542236872,0.2426257039696568,1
0.12132142857142927,266,-2.290684093736571,1.9451010288521393,0.24240192616372694,1
0.25880714285714185,37,1.2079893620253581,1.3493310446252564,0.45424900410607083,1
0.25937142857142703,45,1.4595357266456639,1.4119641097032687,0.4593278162397285,1
0.26794285714285593,46,1.9482197248995923,3.5526771096042427,0.465773458699429,1
0.2622285714285703,47,2.319883369712297,1.8296288369481444,0.46400765253540743,1
0.2657999999999987,48,2.6378465438960745,2.8618126866667306,0.46799469263017424,1
0.26437142857142654,49,2.7415363993435116,2.1391220907780313,0.46747350788209846,1
0.2469214285714299,61,-1.4193217397376217,1.7494263854359786,0.5014143896629056,1
0.23564285714285965,71,-1.6711520399632191,1.240062478037875,0.4509141171357458,1
0.17367857142856735,102,1.4127015093726019,0.9051887918236818,0.27708191908729407,1
0.1349428571428563,150,-1.5133000967480854,1.6602766871647463,0.22392277167849342,1
0.1252928571428557,179,-2.90928593169577,0.927415268145207,0.22215268754957573,1
0.12712142857142691,182,-2.819890690080672,3.136781949268121,0.21393876185409197,1
0.12926428571428414,183,-2.651824771141462,2.8158819992005792,0.21373456911972516,1
0.1306928571428563,184,-2.627520570689268,3.2654354331501136,0.21900470599961547,1
0.13527857142857158,187,-1.7921284597956504,5.148598179991482,0.22170080232590064,1
0.09105714285714381,224,2.1681989721087827,0.9567926081098245,0.21874612017636727,1
0.101542857142857,226,1.9589743042743886,2.4355426932008415,0.20420928686226,1
0.11547142857142896,254,-1.4164422353397226,2.5629856288632746,0.19930213901338234,1
0.1169857142857152,260,-2.647310101397523,0.8340338858080123,0.185671639348331,1
0.151135714285713,78,-1.174214712588491,0.8667185837730618,0.2797170626728796,1
0.15078571428571358,80,-1.7689754575386638,2.1101073822000327,0.28272168714327794,1
0.1529214285714277,81,-1.8298535811383205,1.1346794273175855,0.2811786422029528,1
0.14687857142857194,89,-1.8102504236951655,1.5266940866369518,0.27720579461311834,1
0.14579285714285817,90,-1.9939633117227624,2.5485349427137316,0.258281838164742,1
0.14800714285714126,98,-1.1619958952093181,1.9687168744654073,0.23890412960140228,1
0.13934285714285619,112,2.162241057571825,0.9819503178179637,0.24217788494527281,1
0.12104285714285774,130,1.5424715862047118,0.8042592076134685,0.23446778975401972,1
0.11817857142857337,132,1.9716575659341973,1.0851195231179842,0.2278347654832334,1
0.11680714285714291,134,1.3154674613090285,0.9342098580114745,0.21160843527772596,1
0.08703571428571369,165,1.0155505011202213,1.486375516068005,0.173423550034743,1
0.09010714285713968,179,1.918485246559686,1.0632058384633913,0.16624219256053793,1
0.08842142857142424,183,1.1207282375253307,1.488535927771766,0.1772055752101505,1
0.08100714285714312,201,1.596383805189783,1.50467690091026,0.15007707184559432,0
0.08427857142857066,203,2.8257580073488437,1.7721175398751028,0.15202315689660192,0
0.08422142857142692,204,2.9969723223501057,1.70406847071001,0.15149477069262304,0
0.08557857142857017,205,2.994198294446893,1.1520902341884685,0.15257776745685436,1
0.09154999999999903,206,2.7343427120994055,1.456462698873092,0.154865504874187,0
0.0911928571428555,207,2.4667412428917306,0.9070326379799949,0.1537563741432166,0
0.09190714285714055,210,1.8346207061467594,2.1206217980024387,0.157324243451472,0
0.09446428571428303,212,1.363164680699627,1.0101644363450888,0.1561937474777867,1
0.09839285714285495,213,1.3795466866149535,3.8386905566409157,0.1510890650762317,1
0.1066071428571403,214,1.6053776529886696,4.1460671016631885,0.16928750752826313,1
0.10446428571428308,215,1.76052646039985,0.9619318579663809,0.1687908069305899,1
0.10619285714285505,216,1.830858345218324,0.8685279942510225,0.16444303654504644,1
0.10370714285714147,217,1.892081775052116,1.1235522272975984,0.15930100224960883,1
0.1055499999999989,218,1.9098634327956217,1.8071851207276484,0.158696966982796,1
0.10679285714285568,220,1.6043357515463281,0.9009791608045438,0.18445694515002506,1
0.09281428571428409,260,-1.8638544749162407,1.4940763901242011,0.17454689740336216,1
0.09214285714285861,267,-2.0060353784744085,1.1143595058468116,0.1686086209664989,1
0.09071428571428644,268,-2.179998578715195,1.8559885362490145,0.167407481233285,1
0.26102857142857416,17,-1.3950611013042815,0.9331610788902672,0.3780370952938007,1
0.20071428571428282,34,1.6929709038627334,0.8582493518894561,0.3996842759836707,0
0.1629642857142863,51,1.5352220347037557,1.0392029843059603,0.32437679476110914,1
0.15710000000000082,67,1.2034162296926858,1.7772708924862228,0.28636550355680357,1
0.1265928571428552,90,-1.3661073242064392,1.1051148881435013,0.20879057818172997,1
0.11239999999999892,101,-1.4917259819124056,2.7149400209287426,0.1915099966111099,1
0.10679999999999877,103,-1.1334345506907577,1.1224087225095896,0.19272051549896668,1
0.07812857142857155,167,1.2615926713746712,2.03978318341731,0.13267491220064054,1
0.08744285714285484,180,1.2232449064499415,1.251822754587179,0.144680997158315,1
0.09067142857142585,182,2.1838828493762596,2.1068211659797536,0.15467070975593072,1
0.08079999999999947,191,1.6583860084803863,4.821804696341164,0.15662221775214447,1
0.057871428571426166,218,-1.2086375097212605,1.9741064421507237,0.11204331925189868,0
0.06730000000000201,231,-1.9563173567348418,1.2329384015768272,0.10262417897793563,1
0.384999999999997,251,-1.1656627941791124,0.8420841979712484,0.11398200609365654,1
0.31720714285713775,260,-1.6337499599445566,2.5834369975818117,0.1262301895190007,1
0.2927428571428519,261,-2.2019347106913307,1.370122840852393,0.1161805475600404,1
0.28295000000000264,17,1.9074292604578253,1.0353389503047024,0.5763676877788353,1
0.19194285714285644,70,2.21165111608888,0.8620939368778203,0.3551046513060399,0
0.1392714285714273,80,1.8733808255535522,1.7991263279739258,0.32206826091280616,0
0.13891428571428374,81,2.2455731730314006,1.8692293025769073,0.3225911498528693,0
0.13392857142857043,85,2.2757222298049027,1.6085052135075002,0.31097274931919305,0
0.14499999999999907,86,2.5514357735155575,0.9817675915965378,0.3236892960858227,0
0.14178571428571324,87,2.534017050666444,1.6382277605497824,0.32453457246747835,0
0.14071428571428463,88,2.4535829703686276,1.6177118763030442,0.28087850470500253,0
0.14357142857142793,89,2.4217792936427247,1.948794014698586,0.2780008010230352,0
0.15265714285714133,91,1.9342724116376018,0.816573314599808,0.27605931315711413,0
0.1589428571428562,94,1.7013127122095,3.226150843592447,0.2808363764882562,0
0.18163571428571146,98,1.757889347916213,3.384059320164964,0.3085679428031809,1
0.18342142857142615,99,1.9581592525438507,2.070878399859762,0.31991239373688396,1
0.1752071428571408,100,2.018754105076276,1.9400782833285002,0.3141570772057378,1
0.19556428571428341,101,2.163360959967394,2.966137909189603,0.32480948702587614,1
0.19413571428571227,102,2.1427594251303366,0.818287628431002,0.32712469312173215,1
0.19883571428571298,103,1.9676719878608038,0.9597973189817044,0.33101694210230115,1
0.21582142857142778,105,1.6726155467419987,0.9685660053970722,0.3627517907693227,1
0.15327857142857226,120,-1.1028997770716205,1.1706617411878237,0.40150569395446006,1
0.09925000000000088,180,-1.112352555583268,1.3626783026567475,0.21434521610049348,1
0.10063571428571651,200,2.265630595654646,0.9086710661368173,0.14409946484033614,1
0.0977785714285732,201,2.4884336048470543,3.077666877869783,0.1429792276604597,1
0.10723571428571635,202,2.2956602389288414,2.1961125208315972,0.14146158640872247,1
0.11707857142857238,208,-1.0209762682092103,1.5965397247726,0.17922647326200025,0
0.1322785714285735,212,-2.6676443562855825,2.618333227904895,0.198947246343192,0
0.13656428571428794,213,-2.5979994197519662,1.7224900757332169,0.20581521273620995,0
0.14947142857143092,219,-1.5822755465346743,2.6307217286629396,0.25156431138235347,0
0.14118571428571666,220,-1.662665584217072,1.2000879921737608,0.25141003252851446,0
0.14547142857143008,221,-1.729314936424659,4.636431405494698,0.2510887291628599,0
0.15511428571428557,226,-1.6811263380994081,1.9043888450137105,0.26768429312711095,0
0.1756214285714281,228,-2.0927817865125373,2.351849617811201,0.29583858486886877,0
0.1901928571428562,229,-2.0415414126862363,0.997351117191854,0.31429102212427695,0
0.21375714285714156,230,-2.2344221942189684,1.2999276498126018,0.3629757328502889,0
0.22125714285714185,231,-2.2211945044361334,1.1380510620319635,0.36668760920199356,0
0.23576428571428515,232,-2.338567665834663,2.8006483845717334,0.3951361294892412,1
0.23647857142857123,233,-2.2294339024467673,0.9535012317249865,0.41404302984342006,1
0.27759285714285653,236,-2.162000062511635,0.9237664929048457,0.4543804231627113,1
0.3581785714285723,242,-1.3634789985838325,0.9163571686245043,0.5551608584920706,1
0.2586285714285716,27,2.1982627025464665,0.8722275260075398,0.611987741554658,1
0.18735714285713914,82,1.242781738944184,3.8109638902614544,0.35656941782616447,1
0.1833071428571397,84,2.182688519423913,1.1289445213774438,0.34000939145051345,1
0.18116428571428347,88,2.655007244678723,1.0354029721158227,0.37567409122786277,1
0.1802142857142834,89,3.113517999772077,1.874344328139567,0.37766348145377027,1
0.17177142857142716,91,3.0829088350213154,1.359279703681347,0.3737461626545644,1
0.18192142857142812,97,2.1178039282173047,1.5132902822093288,0.3846522168847544,1
0.18013571428571343,98,1.9610719309790738,1.0473170879635318,0.3688154139395812,1
0.16761428571428535,102,1.0343829093568842,0.8308414882226852,0.3756613331699944,1
0.16721428571428426,119,-1.9163353313967124,2.681979062176973,0.36666486073892995,1
0.17653571428571269,120,-1.869655022004644,1.9183402681510084,0.36465406535907124,1
0.11805714285714382,156,1.6510544733929766,1.3860595108250093,0.1932960461394453,1
0.11971428571428687,159,1.6770670590856736,2.6970434770599736,0.1763913546531006,1
0.11650000000000103,161,1.549880783285094,0.9487343926825563,0.178446782415362,1
0.12034285714285886,162,1.5051397386031624,3.5086905995923403,0.1782319092448865,1
0.12735714285714295,167,1.5274023886626824,0.8847689609639595,0.1700400314870171,1
0.1243142857142873,181,-2.038863538055888,1.0396555604323565,0.21223168504096426,1
0.10532857142857008,192,-1.3560498397255527,1.7424734281587984,0.20970036736192668,1
0.10797142857142562,198,-1.3415322431509527,1.3126966978174945,0.2075837535346388,1
0.10332857142856865,199,-1.4573274361544422,1.2399349730579237,0.1890408040843808,1
0.09867857142856755,206,-1.1339058653191818,3.3811076603039276,0.1829249097423276,1
0.08772857142857252,220,1.2921485992464294,1.6610495231350721,0.15154285380751617,0
0.08636071428571666,227,2.2571698637655353,0.9554885394682412,0.1659137297910412,1
0.10921071428571594,234,2.105298202325858,1.57200465470881,0.1915640713641649,1
0.11262857142857184,244,1.136693368408896,0.8191114190591292,0.19289604126312596,1
0.097921428571429,254,2.109732936360697,0.8787072648492834,0.19475764645317867,1
0.1026357142857149,255,1.841610762752358,1.0904822994652597,0.2094895392900995,1
0.10513571428571465,256,1.4595708949088642,0.9957517245967837,0.21091730825047914,1
0.1001499999999993,266,-1.573728950524874,2.2180558755330937,0.20484546680499527,1
0.2098142857142875,41,1.3856742895335303,2.229267786721024,0.5180501857215244,1
0.22550714285714385,42,1.9105051519195915,1.7285365190963562,0.47428787117503646,1
0.2377357142857142,44,1.8046146935911178,1.7944121188520272,0.501436694980998,1
0.1846285714285695,90,-2.4328814764630278,1.0298454176138767,0.30078365435227344,1
0.1523285714285722,98,-2.2944309625260786,1.9381291077956961,0.2919300548763963,1
0.15782857142857207,105,-1.0498319668207567,1.0141468995582488,0.2908957455323605,1
0.1445142857142849,117,1.218432147346884,3.5240582197601986,0.28367645218647053,1
0.1290642857142846,127,1.4252451815849638,2.6112091796297054,0.27203070698568727,1
0.13977857142857072,128,1.1289325898006444,1.127585147644063,0.29713429544180836,1
0.14092142857142825,154,-1.5124024749137157,3.3076245532184267,0.31828394581877995,1
0.15535714285714267,155,-1.3909118225585675,1.4873169631266772,0.32770416132581154,1
0.09517907142856988,195,1.5775993175526606,0.8394854218252292,0.18002789125823296,1
0.09316478571428531,200,1.4905998051172857,2.125737229770952,0.1726765708358684,1
0.09280764285714278,204,1.5487325321888505,3.0271093150826656,0.176280607606686,1
0.11280714285714412,216,1.3021926079907473,2.1225474551814063,0.17086578736682867,1
0.10628571428571222,222,1.9619839840530044,1.1782894775917683,0.17615105939094747,1
0.11307142857142745,223,1.6711546439824312,2.912248517806873,0.17903965912825473,1
0.10882142857142744,227,1.8161479154143514,1.5454685504379408,0.1869440346595022,1
0.11667857142857027,228,2.012915735861251,2.818242428584665,0.18242964826572686,1
0.27065000000000133,20,1.5548354309920085,1.4809429842934632,0.5346789393992413,1
0.22989285714285654,30,1.3274197816212794,1.1706386919887848,0.5432712357609321,1
0.22655714285714218,33,1.3739981388184563,1.5222880278883029,0.46439790186131075,1
0.1462142857142855,56,-1.1252050308182324,1.0838200316740874,0.3255796848118766,1
0.1454999999999984,61,-1.0386331595162377,1.4185211251460605,0.3297941546522943,1
0.10999285714285836,111,-1.2568587741106538,1.188837465601205,0.20163361118735354,1
0.11463571428571535,152,-1.6790776206389877,1.8415859632711986,0.1588799137219348,1
0.08621428571428831,173,1.7135602157602972,0.9697184883588428,0.1844242060259516,1
0.0867857142857125,204,-1.7430917027024515,1.4913906164293773,0.13500353477200194,1
0.08649999999999888,205,-2.4901722946910123,1.6582863633093723,0.13450790614378266,1
0.08754285714285512,208,-2.7712080212975123,1.3337817583673919,0.14099341291510442,1
0.08825714285714119,209,-2.7266310215584135,1.9334883590843177,0.14543477456289183,1
0.09754285714285617,210,-2.048373000611079,0.9649325242232666,0.17978202282558375,1
0.10232857142857098,216,1.6718576657446473,1.362906527166405,0.1861559356121912,1
0.07316428571428345,247,-1.9978670145560289,3.463079549347726,0.14293285668278022,1
0.07102857142856932,248,-2.047709623809353,3.0735478415238706,0.1416887089186629,1
0.07281428571428299,249,-2.0536511183259503,1.5273886418837002,0.14009451389789826,1
0.07974999999999913,252,-1.1704716098317594,2.7774470791535637,0.1510222755292898,1
0.07802857142857127,259,1.0075141877363891,2.3856803804409146,0.156230942529002,1
0.08300714285714252,260,1.4144242863663052,0.943988517205001,0.1535628133144844,1
0.10937142857143048,72,1.6705951022297387,2.807843047030759,0.22054241680077435,1
0.1132857142857152,74,1.4026473072484955,3.4272328803838223,0.22270808076526405,1
0.11179285714285823,90,-1.7945263775820721,1.4067451127757071,0.21408406353220755,1
0.0723976428571435,131,1.2994411721931296,1.2243057059450733,0.14303086825139888,1
0.07928571428571628,138,-1.314000109919162,1.7995136246170746,0.1486175201599926,1
0.06880714285714314,147,-1.1446058861337842,1.1509962172602706,0.15158049709508914,1
0.07045000000000101,148,-2.1786276855763496,1.7571399755768642,0.1572554711356604,1
0.07437857142857293,149,-3.1597516290873786,4.663401050465017,0.16829371344229546,1
0.07731428571428722,150,-2.9937373125816538,1.8915334169878055,0.17318016026989488,1
0.08160000000000167,151,-2.7661448665711292,1.3652380031953484,0.17324303017407264,1
0.08120714285714468,152,-2.424627685333874,0.8945585150552446,0.17518614402961466,1
0.08262857142857273,153,-2.0881580233023533,1.0320945562400725,0.17561436781405587,1
0.06092857142857306,180,1.9151892267396107,1.004320766091972,0.13713593925079323,1
0.0670000000000022,182,2.4112472098679603,2.899189958519022,0.1450831276364544,1
0.06955000000000158,183,2.472588809986845,0.8363215001718222,0.1463924212923457,1
0.07061428571428609,186,2.6860050511990936,3.942921395006773,0.1490438420602074,1
0.07874564285714111,204,-2.0035359525044876,1.323755929475168,0.1476414259108379,1
0.07197857142857446,227,1.4766024788762495,1.6059775626845556,0.11558378237357755,1
0.06245714285714245,252,-2.0900847372902502,1.6954529572626864,0.09747989756710906,1
0.06515714285714377,261,-1.1072375525715648,1.8485018743964083,0.1095568482653371,1
0.06647857142857257,263,-1.476009413032148,3.6467173718545425,0.11223059816366934,1
0.06887142857142996,265,-1.2140220501413939,0.9119369010352295,0.1176428525161749,1
0.2657285714285698,36,-1.8189794890739273,1.2758372825322009,0.4623518999949441,1
0.1964214285714263,57,1.1528178701813676,1.0515779497434812,0.4115915267690866,1
0.19790714285714017,58,1.457911345260617,1.5149682394730855,0.4153092698818485,1
0.14258571428571543,87,1.4533401564913875,2.9747036478066025,0.2722510036851864,1
0.13616428571428582,89,1.1321384673170058,0.9454201483054444,0.2684895378424414,1
0.14640714285714498,104,-2.1939347750275573,1.3791192452996965,0.2578370549725002,0
0.14212142857142954,105,-2.1088477939768,1.1088037076435635,0.26450192518813836,0
0.14371428571428474,111,-1.2465093814789434,1.6087813345036217,0.2643352026592249,0
0.13630714285714365,122,-1.3014326579660729,1.654819106826693,0.2588914870965746,0
0.13825000000000034,124,-2.237963122781204,1.4469946072432645,0.2559695288553848,1
0.1388071428571434,125,-2.228673164557334,1.9538067444477427,0.26563528509638956,1
0.14501428571428424,127,-2.352878303770916,2.434028690803462,0.27315088430691825,1
0.14917142857142807,130,-2.253732222309164,2.360512224473375,0.2700127768117171,1
0.16760714285714431,150,-1.3332747649886705,1.774088249417214,0.3438109223336115,1
0.16630714285714174,154,-1.6377443126620748,2.122418245017809,0.34221108891332436,1
0.0950428571428554,207,1.1483633032415717,2.3275051173258725,0.19081361349524145,1
0.09467142857142667,212,1.373708949744903,1.7764104865596206,0.18103835879190378,1
0.10812142857142655,215,-1.3455575423816315,3.614585972079188,0.18480825340374024,1
0.10669999999999849,216,-2.6823638719316407,1.3570830905603601,0.1849264944100874,1
0.09963571428571275,225,-1.7990926823186895,1.3737167861945108,0.18460447153476509,1
0.09963571428571275,226,-1.6799145450560884,1.4360120821200815,0.187039156584038,1
0.10713571428571303,227,-1.7992597797132581,1.9768491855825672,0.19463407921054648,1
0.10071428571428445,231,-1.6238906294924862,0.82408038287976,0.1964834730995098,1
0.105714285714286,233,-1.5413501662657458,1.5303502975175909,0.19114659333409056,1
0.10007142857142627,256,1.530281952519279,0.9414133995401823,0.19637772989368968,1
0.1085357142857118,258,1.0462555566659912,1.1594528662281527,0.20887338902403066,1
0.10317142857142768,269,-1.6165595048707693,1.5502599449577201,0.20079305870683645,1
0.12897857142857358,66,-2.1042949988522985,1.3113975549303802,0.2622844699009762,1
0.1325857142857164,67,-1.2910631505313206,2.672484571966101,0.27078725956442956,1
0.14429285714285708,76,-2.477102965119603,0.8031547833715992,0.24408041557929777,1
0.13748571428571563,80,-2.6241352933843887,2.315215485423226,0.2569518662856257,1
0.1374571428571453,82,-2.6138657120779274,0.8483354466572752,0.257083300140477,1
0.1440214285714337,85,-1.6234717514675725,2.2623889966594963,0.26981964907843514,1
0.12465714285714366,98,-1.0440965512807645,1.509100516987578,0.25283290440399475,1
0.10562857142857293,101,-1.6080732621352258,1.6967855776817615,0.2593812341311024,1
0.10635000000000007,112,-1.494220809230977,0.875251311016423,0.23018320654694702,1
0.1362928571428585,122,2.0143603994795503,1.6397606248455294,0.23213333175664277,1
0.11542142857143034,167,-1.0954027339914374,3.3807708804091483,0.22200280556883673,0
0.10970714285714576,168,-1.7309606639192574,1.310222898959568,0.20759448393093988,0
0.11487142857143137,171,-2.113749336025211,2.1175579443061974,0.188170318742884,0
0.11997142857143217,172,-2.3627987628909595,2.5065062167155623,0.19265742656476456,0
0.12247142857143192,173,-2.343976022308555,0.9102040298731504,0.18578792766708507,0
0.12287857142857408,174,-2.2508374183944313,2.374714192117311,0.17548112509191616,0
0.12545000000000275,175,-2.1951810162254106,1.776834021043459,0.17364543110846575,0
0.1258071428571463,177,-2.208680122888804,4.860428521444512,0.19099170581489275,0
0.15723571428571756,178,-2.5615997919135287,3.749544451905109,0.22648340444069373,0
0.16866428571428876,179,-2.766407639616127,1.6139437225007387,0.2311005900301965,1
0.17759285714285916,180,-2.82070239754691,2.47438189570074,0.23333308760547147,1
0.19226428571428653,182,-2.7513705791361427,1.271198512498404,0.24508793128583609,1
0.1982357142857154,183,-2.732951174527071,0.8188644298741967,0.2630965432951319,1
0.20895000000000152,184,-2.496853370648007,1.1062842422170212,0.28294254346373343,1
0.2289571428571437,186,-1.9014192650734185,2.724464076294133,0.30944290456298723,1
0.11770714285714234,227,1.2112606620626045,2.411838836884964,0.24320524022050266,1
0.09801428571428517,257,-1.5955030175186566,1.1689681311630005,0.21813178256818547,1
0.3116785714285716,30,-1.3175728677497853,1.8705891027998707,0.7557686236258825,1
0.10738571428571422,131,2.3144410631432915,1.1205893896949917,0.21660594024596178,0
0.10663571428571471,133,2.3178355058208853,2.0089861029642107,0.20158012829874583,1
0.10735714285714286,134,2.279650277795753,2.5454631809116415,0.18976203557984841,1
0.10812857142857167,135,2.201378381567253,2.030243344290184,0.18353447694986574,1
0.12305714285714332,137,1.950796184171208,2.9039007766736775,0.19118581281938543,1
0.09948571428571691,164,-1.1030737581033914,1.1260537171369136,0.1855328206588956,1
0.09687857142857174,178,-2.1484761975375815,2.2316343168385235,0.19141421264160807,1
0.0999857142857122,187,-1.6526731651536213,1.9581800467246622,0.1942477118906185,1
0.10492857142857,194,-1.4682318407932766,1.4650154960379294,0.18393558745719862,1
0.0885714285714282,210,1.8404029684193242,1.0363791831066733,0.1660616477475295,1
0.0933714285714292,211,2.2045292009417103,2.302662431981828,0.17336673929117982,1
0.07443571428571463,218,1.4715948683860123,1.4557894274936838,0.16902374141788953,1
0.07640000000000262,222,1.1204337279840249,1.0741915894692275,0.15333318665711654,1
0.07713571428571697,223,1.1350245913304284,1.261457338777231,0.15200478485546548,1
0.11031428571428645,239,-1.8759303316211564,2.809151133985057,0.1967764581325379,1
0.10960000000000036,240,-1.5450644923777883,2.1172923824773964,0.1972008894942783,1
0.1138928571428569,242,-1.2818245509669828,0.9794995525175415,0.19612428268073764,1
0.33788571428571246,24,1.4727433239997785,0.8699525588821179,0.6818732851163751,1
0.2845000000000003,33,1.1227053831575724,0.9868097483984964,0.5964155161508358,1
0.13302142857142688,96,1.0044768442884606,1.6931127559550436,0.2576267736863352,1
0.1317330714285713,102,1.5314272046682667,2.1773479308564774,0.2321216275818826,1
0.09627857142856909,128,-1.847842600853165,0.9536848442770414,0.18622598595387826,1
0.09892142857142565,129,-1.1680566367759928,2.000086140896023,0.19222646938812882,1
0.12503571428571444,134,1.0743835228861849,4.9197868306610255,0.23051084334815045,1
0.15075000000000013,135,2.327091321645875,2.9479363762015534,0.2464999002785957,1
0.1621857142857144,136,2.5996787524891083,1.4467531613879883,0.23870591180701745,1
0.09845714285713976,169,1.3645766957313143,1.3387587821712275,0.20463278515067576,1
0.09363571428571353,185,1.8088904044743392,1.7004124825533748,0.1672233603958212,1
0.09363571428571456,186,2.454225907206347,1.5544456400536046,0.16754009790246294,1
0.11024285714285753,190,1.1529756754978053,1.0147238234142837,0.18169382743731943,1
0.07925714285714491,224,-1.4007578784107737,2.801403968443912,0.13976797819597891,0
0.08887142857142497,238,-1.63122583142185,0.8970746030647484,0.12507712019561143,1
0.09422857142856904,239,-2.2802851276592864,4.403857866649046,0.13047893289465093,1
0.09922857142856957,240,-2.7968028723653404,2.259347070351523,0.13359602507547072,1
0.10540714285714106,241,-2.947591645172173,2.011624952651983,0.1293703584432458,1
0.11494285714285521,243,-2.5078960370694414,1.044703924682013,0.14930389952052892,1
0.11973571428571413,251,-1.1488236262226752,1.6245912770683308,0.1706857660295622,1
0.10720000000000189,259,1.2555630063317653,2.374299689321016,0.20582722427239716,1
0.10720000000000189,260,1.5594465420557455,0.8141235118318421,0.20816348441872923,1
0.24572857142856971,30,-1.490999502922886,2.4025633058194,0.5495616499252512,1
0.2589571428571418,34,-2.0628267662774276,1.7210856245164248,0.567224905200119,1
0.2230857142857161,50,2.11533078344423,0.9344203889041358,0.4576018094997015,1
0.12925714285714004,92,1.821928096201637,2.8576816114548556,0.25636359346523957,1
0.12454285714285517,93,2.1217974094051995,1.7200623287798462,0.2592511536256041,1
0.1209785714285699,94,2.197359617083742,2.2748666565821885,0.25776265573852264,1
0.11177857142857103,96,2.087376306990432,2.244876210424278,0.24580823970899782,1
0.11034285714285781,97,2.0781451942639855,2.6885829862604154,0.24380822068345848,1
0.11215000000000076,98,2.0663659538183836,4.139992672119329,0.2195006493186258,1
0.11634285714285804,100,1.6752065298577403,0.8977859369873932,0.22590729519081487,1
0.13067857142857214,120,-2.3197761979311,3.1667730611072065,0.2292729495976994,1
0.10328571428571312,152,2.3024754635969398,4.517382304446695,0.20400825256269178,1
0.10757142857142656,153,2.6414052146413574,0.9202911183045569,0.2045418687290458,1
0.10599285714285551,154,2.8557592799218243,1.1936694816392002,0.20510337517335822,1
0.10212857142857347,185,1.2130741572327108,3.035797600437889,0.17540025832734982,0
0.10391428571428715,186,1.7257465388838786,0.803570086820349,0.17550799965722882,0
0.10534285714285829,187,1.9136221209281568,1.4154015715926527,0.17461028138258905,0
0.10455000000000123,191,2.0292598937094786,0.8416526163044492,0.1796134332742486,0
0.10883571428571567,194,1.9814721212054702,2.0215958998550585,0.18340074185135777,0
0.1081214285714306,196,2.106290061397387,0.9789214138825071,0.1729337985582381,0
0.09835714285714557,200,1.8572219865304165,1.511567385350732,0.16709732903011673,0
0.09585714285714479,202,2.0129018958373655,1.6969189111100877,0.16037470577375956,1
0.09478571428571618,203,2.0828516637621903,2.696952630206211,0.160375105160849,1
0.09656428571428677,204,2.116887041689581,2.238108069033161,0.15932100981574696,1
0.10701428571428652,207,1.600287403342586,3.6145466070351584,0.1894277220526718,1
0.12141428571428646,212,1.0938465738930494,1.3881888727388323,0.21921976303633273,1
0.09067857142857097,242,-1.8807685530737288,1.3478808479025173,0.14484031279955611,1
0.09188571428571533,250,-1.6864268200729085,1.3943237908529151,0.1428393510440156,1
0.3536928571428583,15,-2.0726881307176117,1.1040996906164378,0.4796133568619569,1
0.34111428571428654,17,-2.1421229297510567,1.0902985789766542,0.51173028424227,1
0.33754285714285714,18,-2.098458481358015,1.8215212370210467,0.5096922708438203,1
0.15877142857142904,55,1.7765013371002951,1.9211709369428833,0.3013146877262526,1
0.1725999999999997,62,1.3521656794341919,1.8788031830804859,0.2954616559595727,1
0.28227857142857105,72,1.2351792895719511,0.9204357227697455,0.38357151660832883,1
0.28442142857142827,73,1.3925432000966986,1.040423162177999,0.3818385436630262,1
0.30247142857142756,76,1.5451664853578382,3.4996907376201767,0.3969610094987248,1
0.30967857142857114,79,1.1401632159043353,1.1235261218941226,0.44021242319611364,1
0.11779285714285541,108,1.9352649332842349,1.7680351809066268,0.2101317132562854,1
0.11274285714285526,111,2.432079934946765,1.0878708153917236,0.15437881136168383,1
0.11274285714285526,112,2.18173378464521,1.7916910863714952,0.15554381563847303,1
0.1022071428571404,120,1.0132173359430494,1.0478065053355405,0.14877108036007317,1
0.12115714285714319,146,-1.2092658683206956,1.5970782249313096,0.1828182273667659,0
0.11327857142857109,157,-2.783999293481516,1.6928424121647438,0.20551451662132617,0
0.11614285714285545,158,-2.8450749396084567,1.843432130570015,0.2030477691526872,1
0.12465714285714061,159,-2.873035652241768,2.017064612671115,0.20946268904342094,1
0.13853571428571293,167,-2.032630421245157,2.8615877648135624,0.2233211370452526,1
0.14093571428571344,168,-1.9432088184414413,2.5174360678221697,0.2257952805134534,1
0.12716428571428448,197,-1.0009528138749155,1.9143504564616944,0.21879666180242438,0
0.1350214285714273,198,-1.6743768802984167,3.364550444407719,0.24036143761250087,1
0.14139285714285624,199,-2.0448260220918786,1.1747918571214429,0.2320438958216383,1
0.19045714285714155,202,-2.4465855185548215,3.5045514153132284,0.30631090439879793,1
0.2201285714285705,210,-1.431796650417065,0.965149431658285,0.325419387265737,1
0.1486714285714277,221,1.9055644251370856,0.8046176092952747,0.3688398022981392,1
0.09949285714285695,256,-1.9778542706874689,1.604352194605805,0.12716404592679392,0
0.09913571428571442,257,-1.915103225632368,1.2107385983353154,0.12915115228338372,0
0.10518571428571429,265,-1.3177724522460652,1.7502918242351653,0.1438280653236089,0
0.10650714285714205,266,-1.513200203685112,1.4062760779317218,0.14314559885689646,0
0.10675000000000015,267,-1.7703147263351307,0.9207678028894639,0.14622576323636027,0
0.10817857142857232,268,-1.9060276756494186,1.4629487145467766,0.14538222470569656,0
0.18107142857143035,52,1.157744635666002,1.565468251113021,0.3591334906168543,1
0.18108571428571554,59,-1.4499506085774498,1.7703712849250672,0.3098832685031196,1
0.12157142857143047,90,-1.402782692021437,2.295153606552229,0.21524880688630424,0
0.12494285714285829,94,-1.8627903365295886,1.204497456420859,0.2208020663613853,0
0.132085714285714,96,-1.3854312009844594,4.188431264195072,0.2141534433485752,0
0.15287142857142907,107,-2.0077739946533164,1.6913489584317871,0.2007818473404424,1
0.16421428571428617,108,-2.473985143238736,1.8376408477764663,0.22469029699809903,1
0.1756214285714291,109,-2.619132644648365,1.443888825952368,0.2238175303649852,1
0.17133571428571465,110,-2.663528658447114,2.0786021062631224,0.2233441611262683,1
0.17601428571428407,112,-2.291948714142813,1.6736579522630362,0.23938496185184513,1
0.1829214285714258,113,-2.139554852871527,1.6624036855144035,0.24355876875588825,1
0.18542857142856967,116,-1.6296833530565409,1.443897341431986,0.24916896628421026,1
0.0867285714285708,147,1.1844561685964194,0.9892851622082,0.16624195366385539,0
0.09488571428571443,158,1.5463431329184116,2.812017604866455,0.15001810106574054,1
0.1059357142857138,160,1.91760821154644,1.9216383236976058,0.1552610749925902,1
0.10175000000000065,161,2.010739847414775,1.3713392235672717,0.15542039137621322,1
0.09617857142857186,162,2.06042618089468,1.636645601057077,0.1524512315705881,1
0.09923571428571368,202,-1.9236141463526104,2.497252627565817,0.15578214104202356,1
0.10030714285714229,203,-2.1645379795763877,1.8071427653705687,0.15935270621272254,1
0.10201428571428497,204,-2.4813215068251693,1.100941408114925,0.1669127934252697,1
0.1070142857142845,205,-2.6546202763058955,2.440131479909421,0.16977732739535,1
0.11058571428571286,206,-2.591000847974638,0.8065409244376941,0.1673235677967428,1
0.11314999999999742,210,-1.3321086256663257,0.8453447234088839,0.17136508423433552,1
0.10044285714285703,230,2.444954623123878,1.4971594520925735,0.17743340010083838,0
0.077692857142856,252,1.2863575173157433,1.548522922618134,0.13395033610214324,0
0.07732142857142829,260,2.230720527559047,2.8224478804316506,0.14491396291283884,0
0.07866428571428637,261,2.390490210653847,3.0353989573140523,0.1447304427732422,0
0.07509285714285799,267,1.8529828288200867,2.2043055532172557,0.1315781233149091,0
0.2292571428571435,55,-1.3465000002704752,2.2290341905072006,0.47029927600018623,1
0.253542857142857,56,-1.096508609636681,2.5364483146267993,0.4874396403403726,1
0.2787500000000013,64,1.4952430908026912,1.2230830962171315,0.42280192194514177,1
0.09681428571428796,195,1.1244194680215263,1.180369936985744,0.17184753475616346,0
0.09251428571428733,200,1.7072599882004356,2.741323338748283,0.17139468079182965,0
0.09894285714285798,201,2.2224364413872935,3.7253877134237308,0.1821934710890327,1
0.10278100000000023,202,2.451758535736289,1.2327178613223293,0.18004453579816176,1
0.11025242857142814,208,1.6444292008359205,2.2650800052546542,0.16788344539374905,1
0.11236671428571501,209,1.711674258825397,1.1830275099711753,0.16506555289036642,1
0.11565242857142977,210,1.696237555265971,2.0763456347298916,0.15966650352285572,1
0.09328571428571308,229,-1.0518561621773146,3.1702271590147806,0.16271102870041587,1
0.1304142857142858,246,-1.6363439216345148,4.743809216613847,0.1894089097373403,1
0.35770000000000124,19,1.9815224734341481,0.8919752265513535,0.7793175323013282,1
0.37127142857142864,20,2.104441045171455,2.016840965374793,0.7806521080932968,1
0.36777857142857123,23,1.7325996022821408,0.9860460680791897,0.8202888743018935,1
0.222057142857142,70,-2.7900178163844207,0.9511153369045675,0.3823118337954921,1
0.1819428571428574,91,-1.4079719134191155,1.1447698192838427,0.38791187589732856,0
0.16650714285714127,109,-1.0390959836503713,1.8924964673606384,0.2780623238914286,1
0.16543571428571266,111,-1.0309663440748054,0.8396974234603496,0.28078060785632397,1
0.1404071428571417,119,-1.1267662072066376,0.8630429154440555,0.2704388593741689,1
0.1739785714285702,122,-1.3464241833199544,2.9820807085923278,0.2608795037660852,1
0.19302142857142712,123,-2.1086119173153945,2.0875579658019334,0.27984946083408185,1
0.21229999999999802,124,-2.4763164901402916,2.0579651282901694,0.27947626985252216,1
0.13898521428571797,144,2.0277188068630427,1.0534031949403886,0.3274293595429616,0
0.14415000000000333,147,1.938733396417425,1.6634322962009596,0.33222697993871864,0
0.14539285714286013,150,1.787843318495539,1.0184574528322925,0.33314768233154124,0
0.14967857142857457,151,1.8212050998193587,1.0981190569157881,0.35022348456030117,1
0.1476357142857166,152,1.8125898884687042,1.7938911653852117,0.3135255881491447,1
0.15025000000000283,153,1.7835001582094825,4.206365707585115,0.2791041877711951,1
0.11097142857142879,223,1.9645650009834768,2.1095304981078566,0.18124535702227873,1
0.1376357142857135,228,-1.509474404926577,0.8173036264048131,0.21994020169277914,0
0.13584999999999883,229,-2.0017219671018815,1.049755262924385,0.22693914381783745,0
0.15122357142856963,238,-2.5195447821362627,1.239792378953009,0.220301961409326,0
0.1355164285714281,244,-2.1357710967680337,1.2014341251340492,0.24268293090485077,0
0.13701907142857245,249,-1.7903307088882692,1.1370295179839476,0.2390562672478012,1
0.33151428571428454,16,-1.7749424672924696,0.8420390920782261,0.44819900600604845,1
0.14389285714285702,67,-1.1117391735221958,1.0362817450402315,0.27744438872772975,1
0.1410857142857174,82,1.629313063665861,0.9943402279100824,0.25193409528621025,1
0.14552142857143174,83,2.0393877362819133,2.8345784256084197,0.24957653265165997,1
0.13979285714285897,86,2.148122980148649,1.1425410455273581,0.24261329708154217,1
0.1324857142857141,99,-1.3051757219000117,3.715780725953101,0.25049611881714806,0
0.1490714285714288,100,-1.654388262852366,1.3923220806043763,0.2666228643278233,0
0.12010000000000076,123,-1.3389416852308897,1.1702559164876238,0.2608657291908335,1
0.12224285714285799,124,-1.6085286306216218,0.8066981356337088,0.26317789264051744,0
0.1483071428571431,128,-2.4507309166845346,0.9024081831966605,0.2785239928677606,1
0.1415071428571427,130,-2.3602930350610647,1.4607956403337141,0.22375609001122798,1
0.14400714285714347,131,-2.340186467610923,3.244753447315871,0.22670273854144904,1
0.14757857142857184,132,-2.2230262829931915,2.0503191463594086,0.22376538264419135,1
0.1547214285714286,133,-2.1874169079393284,0.9655608731196293,0.2207101720673385,1
0.16900714285714308,134,-1.8274375707484565,1.7849302332800385,0.2412531605749966,1
0.18274285714285757,138,-1.2841690705620457,1.3071732876856632,0.2760993481502226,1
0.11323571428571252,157,1.4723035734837913,2.089162415712695,0.27619643109061165,1
0.15504285714285462,167,-1.783809349979876,1.2434614683240912,0.2925648049777416,1
0.1607571428571402,168,-2.2262344132766043,3.8311772680361518,0.2708420385701456,1
0.16844999999999796,169,-2.476202510063934,1.3607419625101658,0.2612705238374323,1
0.16773571428571188,170,-2.582742351051404,1.2443931228492255,0.26170227683697156,1
0.17381428571428412,171,-2.4459976013398617,1.9728192038306689,0.2554104664054641,1
0.18014285714285652,172,-2.117237221985977,1.3169587336894104,0.25455030390214095,1
0.08956428571428685,209,1.9283847907292835,2.1206789525920384,0.2199909189258795,1
0.08706428571428708,210,2.0291114321708412,3.8504955706010233,0.22005083731568864,1
0.08849285714285823,211,2.089854875317282,1.2211209934841984,0.2190593166220195,1
0.0784214285714313,242,-2.325533976083638,2.0355869166010025,0.13357277222994102,0
0.07463571428571518,245,-2.8370043255012645,0.9821742750095199,0.13182206178822442,0
0.08533571428571511,246,-3.023392420841963,2.852048850765722,0.14725026722762646,0
0.1168071428571419,253,-1.843578764694561,1.0122821579938144,0.22114841321983122,0
0.12144999999999888,254,-1.9254752457931943,1.4589706774516993,0.22539698236967157,0
0.12352142857142821,258,-2.03558651004111,0.9848740239765121,0.22181525054330406,0
0.1263571428571402,263,-1.8161703895214338,1.0113563189490433,0.22446163398878874,0
0.11651428571428113,267,-1.6141433772931195,1.4668691338786926,0.2262055212213519,0
0.11365714285713883,268,-1.5547829006416565,3.4049341544878113,0.22490919540872073,0
0.25153571428571453,24,2.2311053797880827,0.9222292321492234,0.5065243414862124,1
0.25643571428571477,33,-2.0955790130672542,0.8663190738948551,0.48395718797507814,1
0.13342857142857006,91,-2.1577022348104795,1.8040162725273392,0.20175067742622588,1
0.13520714285714167,93,-1.7412080590147205,2.2200410686781864,0.17941009334778885,1
0.13952857142857056,98,-1.5756404281514618,1.6041185853048483,0.16824702079400367,1
0.13667142857142725,99,-1.5571921606799335,1.8100976682038352,0.16831694947207332,1
0.14064285714285468,101,-1.518702728600964,1.3191186755784883,0.16203492482298837,1
0.14233571428571118,102,-1.4289168780444923,0.9408525815728646,0.1611725157251051,1
0.11147857142857223,145,1.421333902668086,0.9841298478747329,0.19905599929804693,1
0.11203571428571532,146,1.6239087412561963,1.488423873474532,0.19378640033670666,1
0.12320714285714526,150,1.7037955753533391,0.8338680206752309,0.21209467975976104,1
0.12320714285714526,151,1.8367102944414335,1.8466341037769545,0.20045980739954367,1
0.12390714285714617,153,1.6946142679291003,0.9659699286320568,0.20322728653574376,1
0.13577857142857397,156,1.3422927827109319,1.4449218160008563,0.22104471365781936,1
0.1409214285714313,157,1.4647359543075762,3.5323460894469467,0.22152848542922624,1
0.14235000000000245,158,1.6499908891149002,2.6077692252365834,0.22308681924685822,1
0.14449285714285867,159,1.7930933974065701,3.5259507261156444,0.2223616530115854,1
0.13691428571428638,161,1.9897236535944494,1.3173012016949948,0.21470214683567324,1
0.14290714285714148,163,1.6223247437407766,1.1946629002879228,0.21503140488241282,1
0.12047142857142948,177,-2.1239286202649903,1.250266795041641,0.21527694103087225,1
0.40890714285714175,199,-2.5438507829238928,1.9477161221596166,0.6384607994156544,1
0.15678571428571278,262,-1.8808448793329746,2.4621304749933812,0.32038206839710753,0
0.16107142857142723,263,-2.185813014664962,1.8139529437030095,0.2988823662562191,0
0.16444285714285606,264,-2.5548342253447016,0.8036202191604858,0.30055040598952076,1
0.1601571428571416,265,-2.7515375646446163,1.0828299822712937,0.29908041445604105,1
0.16569285714285492,266,-2.659318974898528,1.1990469246573487,0.2995638395135967,1
0.1692642857142843,267,-2.516266346936483,1.4211893688985995,0.29664706143361824,1
0.16854999999999823,268,-2.219989928444023,1.057724771521926,0.2534648587818267,1
0.17488571428571273,269,-2.1420233888499682,0.9611466928269509,0.2573285679911579,1
0.23193571428571147,42,-1.8400660391852108,1.251934070711749,0.4233769980473041,1
0.20693571428571392,58,-1.520485008099995,2.3688666861051657,0.43869109918982,1
0.21585714285714427,61,-2.0634284730874284,2.0664178777784388,0.41623387120940475,1
0.19483071428571566,74,2.3145369013165116,1.0371673248245326,0.3764800737885713,0
0.18983785714285822,75,2.350970833966647,1.3598066384291134,0.3715372084367562,0
0.17470000000000344,82,1.5265432172537488,2.3858668123611864,0.3454798486889674,0
0.181750000000003,85,1.7343138292683697,1.662694217325623,0.3579678481543345,1
0.208200000000001,92,1.2976411964139594,0.9500712870497383,0.29839066113593704,1
0.20392142857142861,93,1.2972927687136113,2.27570675914839,0.29383187293493723,1
0.1914285714285709,96,1.2981578828494316,0.8115541657912975,0.30443714639574804,1
0.1264642857142856,135,-1.1427610177018206,1.7058341570703082,0.25232801335121563,1
0.11937857142857158,176,-1.4206708551699399,1.231665187593708,0.2353973661417269,1
0.11202142857143116,180,-1.7911866248683663,1.060214648680897,0.21590806448792652,1
0.09912142857143026,187,-1.357589562043543,0.9833560661796451,0.2174509310257224,1
0.1014785714285722,189,-1.5218531340751758,1.172253324384889,0.2242657817844202,1
0.0805214285714259,201,-1.096962813110427,2.5085241894831456,0.1601315557024526,1
0.11864999999999627,213,1.9505707699541082,2.557382332100903,0.18759664101937584,1
0.12701428571428558,263,2.261224602830447,0.8447491730299064,0.2353429322892856,1
0.12665714285714305,265,2.277958564984541,0.8862375939910112,0.232953569749282,1
0.4319642857142857,15,2.2566406659724625,0.8094434931755982,0.5587503742376906,0
0.33332857142857264,55,1.525318220456256,0.919048712694015,0.6062794292332229,0
0.3390000000000017,59,1.7317651138852244,1.3408838764524496,0.5833297762154424,1
0.36908571428571385,65,-1.15001427370381,1.353841182819466,0.5454957392863709,1
0.3648142857142856,71,-1.6411542642882637,1.483785824412755,0.4647118017037053,1
0.33474285714285756,77,-1.2083253757271886,1.0775999081238319,0.4161908405050444,1
0.3722642857142842,94,-1.4750954485287462,1.0318910626219502,0.47375127436515674,1
0.2909285714285689,118,-1.9060223898765762,1.551998978517249,0.46247414432483874,1
0.1938285714285724,197,1.5631997814647873,3.1955856317181626,0.2923593630266014,1
0.2024000000000013,198,1.9185736364895443,3.265553911401486,0.2933905467216756,1
0.21678571428571505,200,2.311353855723084,1.7667897488495792,0.338785934016657,1
0.2223857142857152,201,2.6916497318450276,1.1122621541592883,0.33835851495092945,1
0.22262142857143022,202,2.801087950528704,1.9810249102053026,0.3211036895807704,1
0.2012500000000017,214,-2.2746978138888845,0.8299709331671936,0.3532569033089117,1
0.20875714285714406,215,-1.8032055164715592,2.5946975727999515,0.37888917334523586,1
0.1845428571428554,231,1.2089753601585094,1.2302624150512524,0.32728498575420484,1
0.15827857142856974,238,1.5494078660055137,3.2475018718680184,0.2851158994257832,1
0.15875714285714082,239,1.5630820740530535,1.544424616987205,0.2844105053829266,1
0.16633571428571312,240,1.4556283098273837,3.7264216347373593,0.2893716564690887,1
0.18690714285714144,242,1.0997317362171273,0.8615476469043979,0.30106378519463994,1
0.49930000000000313,33,1.001213253794146,1.1812607510268462,0.83672553291409,1
0.3976142857142812,46,2.221942927488201,4.2937470259416335,0.7068109095487043,1
0.3540428571428557,54,1.3792031230691177,0.9697503466063718,0.629706053990316,1
0.3037857142857092,85,-1.1595977130952593,2.9888992511922825,0.5585852271200697,1
0.3305142857142848,90,-1.1567809458054519,1.0383350978370531,0.5154527475045574,1
0.2047285714285658,126,-1.0862450353731863,0.9039933828989692,0.30015259304927305,1
0.20972857142856732,128,-1.8723335289376863,1.649768967951301,0.3024081023630253,1
0.24141428571428186,130,-1.7678175211817782,1.5130356136667482,0.3866985955285679,1
0.1925071428571426,159,1.2743644398783405,1.090917366554728,0.37016755972756843,1
0.1569285714285706,174,-1.6419534635409843,2.1557302531101206,0.2624942683577272,0
0.1424428571428566,190,-1.1376169392062234,2.187438393749584,0.19509564492155607,1
0.13422857142857023,191,-1.3936526556434627,1.937039774068499,0.1866193102247393,1
0.13673571428571307,194,-1.642719345056271,1.9990135253694414,0.18857278204948397,1
0.15892857142857,199,-1.5509703026732473,3.7282262141718188,0.19268998477860344,1
0.17142857142857082,200,-1.786561928929281,3.0921841901197262,0.196103479415124,1
0.1873928571428556,202,-1.6515028099798135,1.2017270195684857,0.21630496622031067,1
0.17749285714285584,209,-1.1072603693003442,0.9553103654045595,0.20250259951962185,1
0.19819999999999993,218,1.9525961611504077,0.9908131621695813,0.28963618725584933,0
0.19827142857142885,219,3.0354513250211186,0.9251047895341369,0.2988272557179642,0
0.21191428571428617,220,3.4450410266181626,3.682260352767389,0.2846304339411405,1
0.22905714285714293,221,3.4657519371088807,1.281267628484942,0.2914780044753102,1
0.24905714285714303,222,3.3525963280521935,2.2114402223195953,0.3005399128087309,1
0.23692857142857296,230,1.6849336034484215,0.9683507434400829,0.2768578956986894,1
0.24302857142857043,234,1.5232684763502438,2.09173514316772,0.3160245745499232,1
0.23588571428571267,235,1.540091799085547,1.75438808167587,0.3083879014464908,1
0.2444214285714261,236,1.4232201273225273,1.974682266231428,0.3358509657001766,1
0.3498142857142871,16,-1.0223567741889572,0.9559337811553584,0.435680433893012,1
0.3124714285714297,26,1.9858427334461841,0.8603746516931686,0.5388768079178836,1
0.30265714285714296,30,2.4392193417971453,1.5267531508421526,0.5304727749719451,1
0.3052214285714306,32,2.2475917268741537,1.2301002524234599,0.49226380020209715,1
0.20825000000000266,81,-2.3854477839359496,1.5417396726717234,0.3502249128825399,0
0.21183571428571618,82,-2.5423554438267306,1.507967610815338,0.3492078944401311,1
0.19703571428571617,84,-2.553629006072269,1.0950644328449954,0.3561002786900881,1
0.1829500000000002,88,-2.0036639077069864,2.2006173328101144,0.33391171162116057,1
0.18723571428571364,90,-1.5771283320992964,1.5332829559608236,0.34145346913761276,0
0.1793785714285708,91,-1.336897319293795,1.173646509579825,0.3422139828586377,0
0.13908571428571395,142,2.1063383538975233,1.9706731930281423,0.22174807601139104,1
0.14793571428571642,154,1.4606979251047874,2.4154919942578963,0.21742679036447712,1
0.14757857142857386,155,1.6024555965775746,1.3509744142099231,0.21705093576297402,1
0.14531428571428812,157,1.792896060823535,3.59885203611785,0.20118171190227177,1
0.15674285714285827,161,1.0324738444872468,1.6045816927011636,0.24649052510385433,1
0.11239285714285886,195,-1.412074845592842,1.5889137958094701,0.19506312840332485,1
0.10405385714286045,198,-1.4236387664499248,0.8458778659598685,0.19646688296560852,1
0.10285385714286122,199,-1.4180650391756944,1.3890819848714808,0.17893744628196526,1
0.11099671428571664,202,-1.3266335632656694,4.130859968787632,0.20147523654262445,1
0.11516100000000051,207,-1.3650617611720595,2.901506073818259,0.18310453424675166,1
0.1358785714285712,234,-1.6288579603748412,1.2164713272757397,0.22736556111803322,1
0.13380000000000183,241,-1.489536769768357,1.0778808030511,0.1830548474359664,1
0.13880000000000337,244,-1.53625182914332,0.8663828319240932,0.18130509355966395,1
0.14233571428571729,245,-1.7680885332923846,1.2886344105528333,0.18735055183953334,1
0.14444285714286004,246,-1.8889893838729284,2.8098087382360104,0.18496938401758792,1
0.4078499999999983,36,-1.4145385337837024,1.7517338163598593,0.6881574083409219,0
0.39668571428571753,47,-1.7742439852658243,1.030850151620695,0.5574454313770683,1
0.3344133571428541,76,-1.2845924441755543,1.5934160541918725,0.49558523018735573,1
0.3519347857142837,80,-1.946500966008791,1.9402176535693876,0.48762716228694886,1
0.24961428571428307,116,1.8527678309548026,1.3787496736825782,0.4473955885827718,1
0.24212142857142688,117,1.8603703641027305,1.301743060432059,0.44046002247520766,1
0.22572142857142655,127,1.549291654084183,2.318516301294966,0.36474442499167836,1
0.21787142857142985,129,1.5844610624165845,1.1896560128613427,0.33946437784784134,1
0.21787142857142783,130,1.5241213998791465,0.8322441539441657,0.3494225121013011,1
0.22998571428571374,132,1.3493385455960718,1.6415830959970028,0.3366563980733485,1
0.2312714285714301,133,1.351786211394572,0.82968366645686,0.33427766358761285,1
0.23510000000000275,134,1.391524245126389,1.438525817336773,0.3246667815168391,1
0.1497785714285657,198,-1.5243348938904882,4.481042555020091,0.2582790820984862,1
0.1720214285714243,233,-1.5275184682725336,1.3092880839602787,0.253178780719252,1
0.1689571428571404,238,-2.562334268224826,1.5427921429761957,0.24541079266659957,1
0.1660999999999981,240,-2.650612572281705,1.6630439967416073,0.23907083773820156,1
0.16360000000000038,241,-2.4539780070259765,1.8782968707731085,0.24233192088292202,1
0.1581642857142843,245,-1.9443922356235006,0.8848503348805135,0.23139356956300097,1
0.160107142857143,246,-1.8204890049053877,1.536094194046346,0.22771427560041296,1
0.15758571428571497,247,-1.6245031777440027,3.2118053502726904,0.23055797205452339,1
0.15606428571428463,248,-1.4273691594129259,1.5295787861689814,0.23130589866733697,1
0.13763571428571555,269,2.036166011687541,1.7633040155598139,0.2704915838049301,1
0.3063071428571403,37,1.231350056074032,1.5721325322816109,0.49735460616995425,1
0.3355714285714271,38,1.800750722445865,2.9290428690963446,0.5077806786074334,1
0.33342857142856985,39,2.1801075210696155,0.8711777702571093,0.5040564221732077,1
0.23012857142856952,98,1.2108670249256013,2.113524266007101,0.28739874285876665,1
0.23169285714286048,105,-1.959118456532164,1.0779302762529095,0.2996653365964411,1
0.20327142857143038,111,-1.34840266326531,2.182123034350346,0.2942843705553232,1
0.20327142857142835,112,-1.1572454425321566,2.8290290046185147,0.3131765865942976,1
0.17744999999999728,147,1.5394774016230943,1.0702135586402635,0.24855188678806664,1
0.16435000000000496,173,-1.4345894419243246,1.385440768375774,0.23854308568130972,0
0.16544285714286389,175,-2.5100134709754562,1.2979604162313114,0.24944501939041677,0
0.17008571428571884,177,-2.628629334421902,1.1433227110117137,0.2458625458063748,0
0.1893142857142891,179,-2.4790532632349382,2.722751413010771,0.2605483102034869,1
0.18820714285714704,180,-2.5386145456585596,1.88816095795396,0.2621577851930445,1
0.20964285714285932,183,-2.5557432007693155,1.8650813534091821,0.2717449456120736,1
0.21628571428571572,184,-2.481481482782752,1.816075927286554,0.2731026107885874,1
0.23042142857142928,185,-2.2945378283050752,1.9565960446302437,0.27634434916904527,1
0.24327857142857262,186,-2.322579372479013,0.9837695313709572,0.3096291457450576,1
0.26565000000000083,187,-2.092840883501785,2.096725922876193,0.3265497264208051,1
0.2885214285714284,188,-1.7861894596901369,0.880245537897848,0.33552004884909997,1
0.2618142857142861,222,2.0099506475319697,1.1838660014402727,0.36728735088830655,0
0.19222142857143304,230,1.5595798436335544,1.1748691309613182,0.33355895440570765,0
0.1918642857142905,232,1.4650306320385855,1.3137215500765167,0.3371535708627675,0
0.18223571428572022,236,1.3716602832049631,1.7298559039354928,0.33098400049648197,1
0.18118571428571784,237,1.4408258110676675,2.2425906766217523,0.3214995914512635,1
0.18548571428571645,238,1.6082268529234867,1.8833862314305923,0.32948303653281036,1
0.18711428571428712,239,1.6599837473552952,1.7155966292183358,0.3247331675183596,1
0.19648571428571618,241,1.7858857509350736,1.3725711221920194,0.31530335480044547,1
0.2057785714285712,242,1.690304474469777,0.9544069839869493,0.3124515513649535,1
0.41729285714286035,26,2.073313192680151,1.0612995009357553,0.7582284150430386,1
0.3740642857142851,35,1.7302401612981273,1.183467853585486,0.5224532058936344,1
0.39344999999999936,38,1.3238823167912779,1.0692614609473388,0.5462704435475235,1
0.19959285714285663,116,1.1975801244250222,2.639267321173994,0.32396752580356003,1
0.19602142857142926,117,1.7956157906328458,1.3517656578061545,0.3269331273190524,1
0.19137857142857229,118,2.120632718060328,1.1423600533812788,0.3200957363047156,1
0.1913785714285743,119,2.308475870659418,1.832056226397508,0.32051035099437875,1
0.2104071428571481,122,1.8730873167414281,2.00702063586498,0.33762359695740496,1
0.16309285714285693,168,1.4191619618920328,2.0709503734416317,0.2814517580195335,1
0.15087142857142663,174,1.9954454113879743,2.0395070903869703,0.21225452236160225,1
0.14729285714285215,175,1.9176927442108351,1.1781538827044498,0.21201072264080784,1
0.1440785714285673,176,1.827721050425193,1.4801159040998602,0.1938247453673899,1
0.13686428571428166,179,1.5070437941571426,2.066117926707462,0.18970822284029665,1
0.14421428571428205,180,1.5515840937074277,3.524859691297796,0.19746013142660795,1
0.14427857142856787,181,1.6184038082007512,1.3203053349886849,0.19414224239564942,1
0.13649999999999604,182,1.5582199997171606,0.8097360285323105,0.19844203969321825,1
0.14257857142856625,184,1.4223672484959222,0.9038388761073877,0.1984496149231897,1
0.13880714285713833,185,1.3835381885629314,1.1374842535461616,0.198629666821554,1
0.16449285714285874,202,-2.7554554269192755,1.3703289811910437,0.2413249557421803,1
0.1671571428571456,206,-2.3147562975753835,0.9152100171994698,0.24170689635347126,1
0.16944999999999968,208,-2.0130949122170545,1.1270776261417372,0.24185729211029544,1
0.1642857142857151,210,-1.4783447105002194,1.1702591205603923,0.24493540312922849,1
0.12067857142857008,226,1.4121658706821945,1.718372928495992,0.21905429849177965,1
0.11924999999999995,227,1.444574109289621,0.8393766704311414,0.21089567533783696,1
0.12230714285714685,261,1.4800008533738478,2.919548836987607,0.20133354781220447,0
0.12182142857143065,263,1.4737401786387372,1.1296333062134682,0.17970908448720063,1
0.12135000000000266,265,1.4132579934820784,1.0072248113825382,0.181608266408288,1
0.1213500000000047,266,1.3347075933560277,1.2099152695449364,0.17911976919819717,1
0.11107142857143312,269,1.099385031406903,1.7066218191668705,0.17638832669312945,1
0.3901642857142877,32,-1.273599463918787,0.8206779838846328,0.6382001835042793,1
0.31627857142856897,55,1.8794238394379268,1.6895851660513468,0.4804995938824881,0
0.33823571428571597,58,2.054729123825576,0.8759840199584412,0.4583849431053129,0
0.32749285714285953,61,2.0812084997251,3.559965276911843,0.40473776702695985,0
0.35678571428571665,62,2.269222195039216,2.9362334602070743,0.4238252921038023,1
0.37450000000000166,63,2.2263754890347074,2.7385693850661066,0.426161231405419,1
0.37447142857143134,64,2.221702390791397,1.2944467788220333,0.4279600808798145,1
0.40732857142857676,66,2.2180018977522087,2.0264999919946893,0.45223045535924333,1
0.43268571428572095,67,2.317445603641799,2.323705190285565,0.47751789357859487,1
0.41340000000000793,68,2.317601548690557,1.5518316025769012,0.47372410148259675,1
0.42625714285715127,69,2.1056643377604214,1.6540008045929273,0.5352118725346603,1
0.4591142857142927,70,2.063036013719341,1.1772182136030254,0.5804304401742478,1
0.2657142857142856,124,1.6637951054836233,2.374557695792303,0.4439232342685804,1
0.2718928571428571,125,1.6361170865859191,1.167401926408583,0.38861129786520193,1
0.2538285714285706,132,1.1328303637558206,0.8474845795552586,0.39134096286390774,1
0.2231857142857113,142,1.016133230860223,4.379011501038883,0.35847433309557575,1
0.16852142857143196,180,-1.408875009442488,1.6943254062431043,0.24104056107255545,1
0.15707857142857254,203,4.152881891671992,0.8662567926677368,0.18480916407504322,1
0.1633500000000002,206,3.0399385195331394,1.3593694774958405,0.19837930885472502,1
0.1625000000000004,209,2.493760144373086,2.643870734209274,0.213413713543032,1
0.16696428571428612,210,2.4927955944201794,4.025578527430395,0.21256459709734962,1
0.16547142857143018,211,2.3782646080488554,1.5750485275480615,0.21102838659240827,1
0.15375714285714334,214,1.8653829944106326,1.380184732135161,0.20609077603380332,1
0.15065000000000087,215,1.6534222716041835,2.099186356023955,0.2079834369189743,1
0.14698571428571125,237,1.635479946750624,2.077272918295266,0.1804046787255589,1
0.15484999999999818,238,2.6604087236458374,2.708249091453076,0.19376541946528947,1
0.15844285714285686,239,2.6351471773014157,1.619055495523122,0.18204950610643178,1
0.18405714285714833,250,-2.2559933173719977,1.6449193647280105,0.22090342579079217,1
0.22846428571428337,100,1.030061170139161,1.993626581174082,0.37249420819024465,1
0.22453571428571348,101,1.3710839517131517,0.8255186788375027,0.3718443564031121,1
0.21657142857142933,115,-2.527949897865363,1.14415579113725,0.30827902432114124,1
0.22613571428571586,118,-2.6087857186061303,1.0546748432945792,0.311758432107995,1
0.22184999999999938,119,-2.6112687119554145,0.9887919307873909,0.3117681671682568,1
0.21899285714285707,120,-2.4893489999652747,1.5709714118478795,0.2978109421468727,1
0.224100000000001,124,-1.5673459535350505,1.2178449030859226,0.29247285475868756,1
0.14659999999999837,136,1.065943869966444,1.6992951248300114,0.2441892498643843,1
0.14850000000000257,151,1.0921395530800169,2.3460692304441806,0.2006838290160887,1
0.1624499999999967,163,1.1659306867520187,1.5212350819744829,0.18055336704717873,1
0.1356642857142865,185,-3.3146595975346504,1.7729577262330072,0.17904129829449159,1
0.14495000000000044,186,-3.5347936153897024,1.3212298121973405,0.1806788430638958,1
0.1174999999999987,217,2.3349141519015504,2.003522600004482,0.14905248281707717,1
0.12035714285714098,218,2.0308571675687195,1.0844996226892973,0.13357696705997296,1
0.11130714285713696,226,1.422962319307876,4.089581531918151,0.15201503861696317,1
0.11307857142856546,227,1.4178833804604434,1.0445480484192782,0.15708139168714522,1
0.09674999999999809,241,-1.9843965817854834,1.4875386342895836,0.130391438253661,1
0.09754999999999825,242,-2.655954141234934,1.2394474750727147,0.13520156370474834,1
0.09826428571428535,243,-3.1699444438833035,1.5286506138214078,0.1419802114894591,1
0.12604285714285726,258,1.4907058446464603,2.4706949494603534,0.18208773329505842,1
0.1281928571428535,261,2.2350131071316772,2.745232758117015,0.19775514802058264,1
0.13926428571428012,262,2.0277094568485357,1.7867844115052367,0.21226839380076118,1
0.15715714285713642,263,1.8814243181554537,2.888352716422136,0.21236077942281617,1
0.2651785714285739,63,-2.380833096220351,0.8478180730859785,0.3734852212450895,0
0.24124999999999983,77,-1.3226512117694922,3.7608159893510806,0.3516493953374582,1
0.23558571428571287,82,-1.3932428340978966,1.5842201363703359,0.31969873086245165,1
0.22711428571428524,85,-1.1559859646820756,0.8179918819158108,0.3289450957135057,1
0.20322142857142872,91,-1.4151749428728069,0.8899401292701189,0.33307254538621545,1
0.20558571428571376,93,-1.1418016540267002,0.9022672129900782,0.3309027589269121,1
0.1997214285714303,125,1.356768448818328,1.3821199284378518,0.33503227353034903,1
0.20882857142857705,145,-1.5465290301162737,0.8683073643911049,0.31256279891394456,1
0.205992857142862,146,-1.8358463293874039,0.9687867488550406,0.28822577887203976,1
0.2078500000000036,147,-2.294368071876581,1.3216783154055434,0.2934225224987395,1
0.216778571428575,148,-2.305851388109634,2.0788185314022734,0.2959412841095079,1
0.19499285714285822,150,-1.9026729422464093,1.922383272704885,0.29124309834056594,1
0.17253571428571693,166,-1.4733522200628477,2.14364160651986,0.2768916378836868,1
0.17362857142857382,189,-1.0760818106313668,2.4843582387993552,0.28293860200551624,1
0.12163571428572238,233,1.4495983155738708,1.0854587780167877,0.18039092691876937,1
0.1252714285714315,239,2.124058460287096,1.6962889959896024,0.17704342791590247,1
0.12810714285714248,241,2.112358661804628,1.9118502972980718,0.1865144498693055,1
0.12204285714285643,242,2.3579446164344193,2.0244472322386384,0.17681337431763877,1
0.12239285714285586,243,2.377314865667298,3.1561591532431437,0.17313089548098018,1
0.12364285714285675,245,2.0393378937874864,0.8142138438785128,0.16915460576643693,1
0.14344285714285832,254,1.0264623006079034,4.103999172127485,0.19617166502017605,1
0.1652428571428613,256,-1.4260884638495264,2.0933051703023033,0.24926928213315702,1
0.1895714285714344,259,-3.1137374029322125,0.947157400626011,0.26764855049577535,1
0.19886428571429146,260,-3.156692839413601,2.094945681870625,0.26925024609843196,1
0.26302857142857555,44,1.2988481659592501,1.957935882059703,0.4699037994040008,1
0.176564285714282,79,-1.111870401042567,1.1629884226557905,0.22687483493442515,1
0.1887071428571403,80,-1.9136041186884627,2.097660592815655,0.2472752205899758,1
0.19120714285714208,83,-3.032790878378162,1.0753555103429353,0.2524186570693133,1
0.15337142857142844,108,-1.686472039489956,1.5381521040363821,0.22847033488493465,1
0.16122857142857225,109,-1.6070596317144585,1.4388323329476236,0.2536144326024936,1
0.16935000000000042,110,-1.237455602848556,1.9688073635785923,0.2465473480197549,1
0.13732857142857466,132,2.138800190134294,2.0055813487867082,0.20937421427901656,0
0.12660000000000643,138,1.788204472515381,0.8901453267680982,0.19458303881557468,1
0.12445714285714919,139,1.802494894301819,2.898183345851146,0.1750029353445126,1
0.13017142857143377,141,1.918957630271325,2.815146713331153,0.16538408712586164,1
0.13697142857143213,142,2.0460866152578414,3.2691948316688655,0.17578384014476564,1
0.1437571428571443,143,2.127605847630505,1.2338533264027718,0.17295324806700663,1
0.15450714285714387,144,1.9620936437915792,1.5426778137255812,0.20856198813451657,1
0.15522142857142893,146,1.6842954993713473,0.9367827226267705,0.2041205958877574,1
0.1624214285714284,147,1.5099041421734618,1.3423742051396923,0.2073081106725247,1
0.12996428571428403,164,-1.8142971137966906,0.9560514884687694,0.23255114263648943,1
0.12779999999999753,166,-2.118752538721859,1.365700068521166,0.26263375691181146,1
0.11787857142857051,199,1.2856111180574752,2.2661076453796425,0.1877284329623249,1
0.11278571428571281,200,1.7318666988579299,3.632837153396511,0.1946676150047411,1
0.10958571428571011,208,1.7369880515345932,1.3848954311267399,0.18893863815104547,1
0.11047857142856644,209,1.4383009438354113,2.6708796335010447,0.1845975977049815,1
0.11707857142857035,217,-1.0147060980154532,0.959439771193126,0.17561118241219376,1
0.12387857142857074,227,-1.450829730414949,1.3749270946391863,0.18467373959918926,1
0.0957642857142856,255,1.2910758731165257,1.028355390768406,0.1659611392019264,1
0.10394285714285648,265,1.9834227342866377,3.6114324460391267,0.14005634782580476,1
0.12429999999999909,267,1.4271855075258972,2.7297495472034248,0.14439465874808696,1
0.27132857142856687,58,-1.9122201469612836,1.4703254712676377,0.38485047187243077,1
0.2940142857142852,63,-2.0655214266785564,3.283470540146175,0.42145443711615344,1
0.29972857142857173,64,-2.132545697374193,1.073854971195525,0.4227308727570037,1
0.3319214285714257,67,-1.8496552961511634,1.6052498755681082,0.42869225580259035,1
0.31863571428571497,69,-1.8078132260535769,0.8588907017946338,0.4199835338357883,1
0.310842857142859,70,-1.7330674247488091,1.8453511890401562,0.42163725117197703,1
0.3217928571428591,73,-1.1371860069971393,1.1646197174203081,0.4334613100923991,1
0.2990285714285749,105,-1.980601980874116,1.321530714173755,0.42577469064560325,1
0.16897857142856967,161,1.8333747589713982,1.091315159869902,0.225797562940568,1
0.16324285714285378,164,3.110474510489165,1.7066176619016298,0.22031300778591761,1
0.1626714285714225,166,2.959508587615461,2.832225402042835,0.21188881012981345,1
0.16689999999999422,167,2.5354011734147073,0.9059421730759577,0.23491309487350917,1
0.17503571428570858,173,1.7584287628884867,1.7526600415567888,0.24627705378549825,1
0.16911428571428036,174,1.7909047472593451,1.9700648123596058,0.24346122237657905,1
0.15667142857142632,203,-1.3617362665390442,1.146791255945887,0.25023668290252227,1
0.15845714285714102,204,-1.0488184807297924,0.8929387865883051,0.2560157777783625,1
0.17309285714285189,208,-1.2429196261405113,0.9451361810198265,0.28570072966724375,1
0.14517142857143028,225,1.493097938635357,0.8409455837428516,0.282192520344321,1
0.15560714285713978,237,-1.4614286365461058,1.1555826826384181,0.2384501607560046,1
0.1142857142857159,263,2.2871808045999193,0.8667170737830908,0.17240625695585798,1
0.23411207142856938,30,-2.5036273621640697,1.2329225067898206,0.5792827496915347,1
0.25054064285714006,31,-2.2318187620959793,1.2679281204412565,0.5714256301867799,1
0.21931428571428618,55,1.0909123322978136,1.6793626310031962,0.2944041682419256,0
0.1991571428571421,69,2.7220828715315957,4.228952895504642,0.27052854755845346,0
0.19780714285714396,73,2.0704646392408863,0.9166069960574079,0.2708477477148174,0
0.21923571428571417,74,1.3775189940415669,1.3357332234362536,0.32780765616008867,0
0.24357142857142833,77,1.1390761561862208,1.1453523696240118,0.33586138617647565,1
0.26540714285714273,78,1.1405092943749189,1.552757903991768,0.3479714762351288,1
0.18234285714285445,97,2.0737374996753317,1.06889434453224,0.36989278106381507,1
0.18823571428571434,98,2.5832611493674738,0.9314295813665029,0.3660792763767331,1
0.19782142857143015,100,1.097603943890309,1.3357411462884627,0.3573796453846069,1
0.15745000000000126,146,1.2775304287791047,0.8598986013965219,0.2542842050455325,0
0.12744285714285297,158,2.153043336699322,3.325901572326303,0.26432856222739654,1
0.12815714285714006,159,2.5218899155784724,1.4281989026494817,0.2543605799623296,1
0.12958571428571222,160,2.5117619037173293,1.665942946264909,0.2473598454623801,1
0.13630714285713857,162,2.3397040465945587,2.3825979685834833,0.24467135778581128,1
0.13435714285714084,164,2.0870453436690144,1.9635907678315847,0.22838543275806406,1
0.13435714285714287,165,2.02173260007442,1.000075633952204,0.2158838530411099,1
0.13392142857142833,167,2.060503348119543,2.414115814774978,0.2143384193970287,1
0.13129285714285693,168,2.0869578951498813,2.1211826813649375,0.211700777180528,1
0.1390642857142877,170,1.8325421689997938,1.4129852340312765,0.21240765214315283,1
0.1260142857142869,176,1.1891926383839135,1.691611524224095,0.16998978574432502,1
0.13387142857143072,177,1.0435756841294934,0.9256655478937044,0.16999176408769412,1
0.09815714285714298,221,1.145376185939537,1.4737728776837533,0.12512749179241403,1
0.11249285714285609,228,-2.0539192413019287,1.7754584966333482,0.13920624512489488,1
0.11284999999999863,229,-2.2645379059779924,0.9518152696006579,0.1376712848995753,1
0.11924285714285279,233,-1.447088256594165,3.179160832218477,0.13972463046343483,1
0.12951428571428128,235,-1.0467616393079913,2.3706502889555265,0.1588414957577177,1
0.11276428571428758,252,-1.6699068527476388,1.4742351021236886,0.16222714385579176,1
0.11090714285714601,254,-1.95513468989924,0.8706626487872122,0.16434638644044797,1
0.11660000000000537,256,-1.565688709085206,2.1338063582365536,0.17073891108780773,1
0.26182857142857024,40,1.5461518092164297,2.5938940370798966,0.33648275293685037,1
0.2693428571428557,42,1.6575463415335798,1.2950754590336668,0.3690488909439235,1
0.25791428571428454,43,1.7571270655648672,4.105813016571392,0.3548490882100896,1
0.25649999999999856,44,1.7671121324203478,2.435317951302562,0.3570296181980814,1
0.2679285714285718,45,1.8445342573070123,2.3213844906931422,0.3745312917863121,1
0.26582142857143004,46,1.8537852108529618,1.37289897131606,0.36676462719599806,1
0.1504785714285727,104,1.5221725378986442,1.5483250392659302,0.2564540210873716,1
0.13977142857142763,115,2.063922802913208,1.1552251641696167,0.2018993336145758,1
0.1547785714285713,117,1.4130684389631225,0.8824525657758533,0.21995792640853057,1
0.13207857142856888,130,1.9165405538520488,0.9084622675302853,0.2268254368289342,1
0.12459285714285581,131,2.00124886984004,1.0986146345729288,0.22569882386672815,1
0.11795714285714252,133,1.759908418012251,1.0818508085521545,0.23124453942528386,1
0.12214999999999877,141,-1.6962907648897674,3.838689536354439,0.22310707228548077,1
0.12952857142856747,198,1.2902974616420197,3.701953691286111,0.18370177723832462,1
0.45662142857143195,16,-1.9023574148651048,0.9453538442450231,0.6968461233819657,1
0.23271428571428437,45,-1.5905896650583207,4.511148679975012,0.3109886740557883,1
0.26309285714285935,57,-1.5792571504881978,0.9927127167278675,0.36791866274154494,1
0.21342857142856936,66,-1.490758812463626,0.9216305886626529,0.3839393648954886,1
0.202142857142854,93,-1.6350667406937343,1.2407810146359226,0.32741222476049164,1
0.20249999999999652,94,-1.76329812113837,0.9574022200272488,0.3281393937293183,1
0.2203571428571414,95,-1.399647151006185,1.2321476724270215,0.35935561069433086,1
0.1579499999999996,133,1.7459905686671717,1.3499184057481692,0.21171429727937524,0
0.14589285714286046,136,2.4606259019848715,2.0737761206460728,0.21228851761033293,0
0.15972857142857524,137,2.623393600792985,2.655412006142844,0.21227776647791768,0
0.16572857142857345,138,2.744941475014936,0.9386917305290555,0.21549999701700762,0
0.14245714285714378,147,1.8895475807707316,0.8491967696686664,0.21795664607558357,1
0.1278500000000012,151,1.4632987837569038,0.9028540263817797,0.22430195340549974,0
0.1246357142857164,153,1.2659515767087912,1.3778407587376569,0.2243856226351361,1
0.1261285714285744,161,1.1558074353610939,1.2206558674178005,0.15965805445971273,1
0.12989285714285717,166,1.1522728717756041,1.604702073720929,0.15505510714311388,1
0.12775000000000197,167,1.1745036791196377,2.9285395780933445,0.15604791300055015,1
0.19239285714286122,170,-1.1293405994902197,2.952556781984514,0.2853661162781544,1
0.2038214285714324,171,-2.8000954094892694,0.9666188505731438,0.301677417162985,1
0.2295357142857191,172,-3.1097691530416496,1.155401974379242,0.3193289219020826,1
0.27096428571429143,173,-2.6379030531553407,1.2329460779384245,0.3490488148894542,1
0.15253571428571888,204,-2.0287042568485667,0.8397457937617786,0.30869597953673367,1
0.15168571428571706,205,-1.985934595270163,0.9340383599321916,0.28418277327039104,1
0.09027857142857394,236,1.082247800444989,0.8753606965986235,0.16526721527567712,1
0.12803571428571558,243,1.6014535929708742,1.239380924620312,0.1814722692217475,1
0.24612142857143177,32,1.1975106387885415,1.5797946074285822,0.4020996424127438,0
0.24486428571428778,44,1.655705813616039,2.01610798552028,0.32203601374152424,0
0.23550000000000385,46,2.7650979406304703,3.229717139239357,0.32782955972680156,0
0.21163571428571362,49,2.443280302222509,1.25702428072028,0.3364060730250663,0
0.26410000000000117,58,1.232478284340959,3.6834233394987614,0.4045687981303436,1
0.2598785714285725,59,1.519929202905816,1.0337399525206685,0.3945316703994662,1
0.262750000000001,60,1.9281074518098726,2.4735480076077283,0.41110673842391476,1
0.27206428571428937,61,2.228577180630675,2.837314941415293,0.41339436098946947,1
0.2843714285714327,63,2.5808308849639436,1.549818582521556,0.4189261641971349,1
0.29365000000000563,64,2.4346941216526363,1.82532082632586,0.41994669111626654,1
0.2943428571428614,65,2.192262290711507,0.9590286310889167,0.40762178486187317,1
0.26216192857143233,89,-1.1633428104013788,1.4490982763467535,0.4823172385903217,1
0.13319999999999613,163,-1.6718818251996106,1.306915597455757,0.17046600541194418,1
0.14131428571428323,167,-2.39939883745471,2.272521757558773,0.18732074657287767,1
0.16424285714285855,172,1.4983284632516114,2.2642530484103855,0.24635166071092118,1
0.16307142857142967,173,2.6534881379157764,1.5507901449106811,0.24962839951356683,1
0.15814285714285908,174,3.0865904332719536,1.5575352671229312,0.24349617673857565,1
0.14952857142857365,176,3.0018042699158394,0.9731945333639579,0.24540474075308463,1
0.15537857142857295,177,2.7841569886001847,1.2164840765447433,0.24468778186184467,1
0.15585000000000093,180,2.1052820096780427,2.6336015298986366,0.24321204408911656,1
0.17464285714285868,182,1.7280511748711898,0.8953751248520756,0.24524795210560313,1
0.12067857142857415,224,1.3310545348614218,0.9115901466895436,0.16048348397711093,1
0.12642142857142907,228,-2.4227063732857266,1.326488413776391,0.16896885365498174,1
0.12791428571428703,229,-2.67289450262223,1.3278368693710494,0.17592816787960613,1
0.1342142857142871,232,-3.2140287943955936,2.9293699687856356,0.18074385688365951,1
0.09283571428571438,262,2.5479288331138235,2.380503381309023,0.16406083005531216,1
0.09462857142857217,263,2.631784338416416,2.227439395379001,0.14503498628482347,1
0.10374285714285796,265,2.6180443540148373,3.4808521961832164,0.14250057260266855,1
0.10320714285714214,266,2.5801837636034715,2.613297995436044,0.1413089745401476,1
0.09662857142857158,269,2.1434169738714117,2.2005624060852917,0.12921232518839743,1
0.24282857142856887,60,-1.8089205203770518,1.25369403706161,0.3853409301421227,0
0.27757857142856934,66,-2.1747766128154,1.0645340142127218,0.3581088039821886,1
0.2436285714285751,74,-1.4544189360915802,2.3544090446993806,0.3948715201448714,1
0.16014285714285847,114,2.1873471012035677,1.6202659357559996,0.2192438834846044,1
0.13425714285714566,121,1.7120366867168928,0.9352765490386958,0.1862485719906173,1
0.11497142857142657,144,-1.3854978303649976,0.8333453774100374,0.16785358555159724,1
0.1363857142857126,154,-1.8871403599116918,3.2214232572014065,0.18925722837420486,1
0.13459999999999792,155,-2.0646671391727,0.9961604723707165,0.1912476494396649,1
0.13673571428571205,156,-2.30939297195909,1.2801251328793073,0.1866719809706681,1
0.1347785714285692,159,-2.0379808386278735,0.8918656512592931,0.16948322436597496,1
0.1290642857142846,160,-1.652601701896143,2.0295845905371066,0.1730297071576639,1
0.10934285714285506,172,1.6539455025227625,1.3418608826127831,0.18362103042210884,1
0.11411428571428774,181,2.1961744232883986,2.149214814011975,0.18500266406633906,1
0.10911428571428619,183,2.067746347140371,1.1029936435940304,0.16714413710330295,1
0.11075714285714103,213,1.0669577425863739,1.6819846328558312,0.14043337619448423,1
0.13217857142856612,218,1.2895987033746072,2.9157756964897934,0.17718277722863354,1
0.09337857142856722,251,1.7343367373459948,4.669137117125815,0.18086123896145373,0
0.09542142857142519,260,2.117915048014581,1.2464625212475253,0.14448663169007547,1
0.10488571428571447,263,1.9568625849217984,1.6452702137077122,0.14943305715707314,1
0.1237714285714284,267,1.7032081100641625,0.9480704895171056,0.16873210787362208,1
0.332814285714282,62,1.190460264114088,1.381770749929844,0.5225538890663646,1
0.3052214285714224,65,1.2911667991460825,4.131341663429469,0.5083968889655157,1
0.3116642857142783,66,1.3890746346041303,2.8538089461315788,0.4925991176408703,1
0.305264285714279,68,1.7021541497961792,1.652517231795976,0.49453594051637956,1
0.30351428571427974,69,1.8578542877092337,1.1671559606176083,0.49435720380212794,1
0.311328571428565,70,1.7448741926856686,0.9256791022171338,0.530113296428201,1
0.3245285714285667,72,1.5820910440898488,0.8879419827272298,0.47157133793873474,1
0.24609999999999843,110,-1.439106109891763,0.8517208025070765,0.4383418501136745,1
0.2606500000000003,112,-1.2279039989683793,2.9817224671121236,0.441396333004992,1
0.179628571428572,152,-1.278742736195584,1.1246435579685754,0.24533618461080298,1
0.1849928571428531,157,-2.637825334374822,1.1975011399950903,0.24603895065932593,1
0.18607857142856485,161,-2.615081407969434,1.0239185055703872,0.26135440012300737,1
0.19544285714284879,162,-2.6284808532478077,1.7000529726679152,0.26168292929810266,1
0.19077857142856253,164,-2.3507600769644066,1.815918267756377,0.23763993185795138,1
0.17261428571427676,167,-2.098048218874785,1.6575668123840221,0.2370068821542969,1
0.19052857142856436,169,-1.6772384385373156,1.385408929983153,0.2386412387772865,1
0.19589285714285154,170,-1.3122319867671701,2.0071910805647364,0.25749114692115527,1
0.11818571428570936,186,1.1628475436900687,0.9811629982396582,0.21353501053082213,1
0.12676428571428136,187,1.2688475160344925,1.182584408233331,0.21172800075113682,1
0.12712142857142592,189,1.5352179527978578,1.0398852051822298,0.21324074797825285,1
0.13284285714285357,190,1.528609249772603,1.9429013459152293,0.21154893884934745,1
0.13927857142857242,192,1.5879773083867639,0.9912840211058561,0.19467017744391324,1
0.14574285714285956,193,1.5686670510491059,1.7336466497510856,0.19545136110070324,1
0.11226428571428926,219,-2.2015127876779585,1.208043841033139,0.17309930476514468,1
0.10281428571428819,227,-1.7623236374598759,1.0146229893438496,0.16606222221766598,1
0.11375000000000009,232,-1.3414569057341268,1.4570149048716545,0.14589208117813854,1
0.11624285714285472,233,-1.2341879231158335,1.0103480217633423,0.14964674456718438,1
0.19080714285713896,56,1.3530768129659456,1.0698453251380853,0.36259251557618666,0
0.18509285714285234,57,2.0238623821606683,1.7904810659505208,0.3563252429417497,0
0.1858285714285667,58,2.4141947057307016,2.0737127213639646,0.35500940141844334,0
0.18299285714285368,59,2.496320278730591,2.4112469394596894,0.3510404275246898,0
0.20154285714285436,60,2.628531171423178,2.9559510206841906,0.3392027460947665,1
0.22810714285714287,65,1.881548179505649,1.5753351553876684,0.3609330397020207,1
0.22388571428571627,66,2.1652770554444944,3.0304198207138833,0.36462483390729145,1
0.23725714285714414,67,2.089742050853776,1.9572021999999067,0.35542770987864664,1
0.2475357142857137,69,2.0043295382828847,0.8111611460629378,0.3366072262516535,1
0.2687071428571447,71,1.2247042359764826,1.2431906113332845,0.35977998798062855,1
0.22674285714285652,113,1.4325993128057861,2.3884970193009143,0.3600413017190661,1
0.23780000000000306,118,2.338016840767914,2.708480328689595,0.3379787258115638,1
0.2242000000000043,119,2.389967442909192,1.8049353257688678,0.3367700863787402,1
0.22249285714286163,126,1.8802661690285385,2.3152885278620268,0.36283473420245943,1
0.2253714285714332,127,1.9256870373158272,1.2629800290216195,0.3626243088502957,1
0.2289142857142902,128,1.9467069112336337,2.9148336531667214,0.3521285773884859,1
0.22299285714285993,153,-1.0492106086403867,4.988957809565701,0.3600017933059784,1
0.1427785714285729,191,1.6514978263856843,1.813263473174848,0.21679862006467088,0
0.15391428571428736,193,1.1747849622599225,2.0383072175355856,0.23721607624569505,0
0.15302142857143103,201,1.2360164995807077,1.0726580090945699,0.2073731959165362,0
0.1615928571428579,202,2.01549692399333,4.230189779087338,0.21826881982376592,0
0.1662214285714307,203,2.3734777056316716,1.290597591781685,0.21721514419386553,0
0.16085714285714353,204,2.808778088712679,1.0407390135037267,0.22225648552065766,0
0.15524285714286026,208,2.233849272126051,0.9322261179315625,0.21547183825606542,0
0.1534357142857183,211,1.909122913751218,1.1172394014237301,0.22035058677428496,0
0.14486428571428941,212,1.893256894658481,0.932430775763374,0.21688862572181716,0
0.1484357142857188,213,1.9803274445719856,2.150988090373387,0.2206358849537086,1
0.16218571428571846,216,2.0722432719290023,1.5730699238315167,0.21776397564058836,1
0.16434285714285984,217,2.1306095414415323,1.4562437312496253,0.21754186577186693,1
0.1639928571428604,218,2.1800215874629347,3.582416392868349,0.2182848933483555,1
0.17689285714285624,261,-1.0578296526745372,2.6115805774789917,0.25652180433799526,1
0.5513571428571465,15,-2.2447288878913034,1.061794558540153,0.6831084592586406,1
0.253228571428571,51,1.265921340781523,3.4036420169463684,0.3772403414133441,1
0.18992857142857492,81,-1.4440124077749366,3.628657655973237,0.3271746660174299,1
0.21003571428571124,92,2.305542931974985,1.4428845446606189,0.31588687463386844,1
0.21646428571428292,93,2.6063397899822536,2.0542001707226194,0.3099490010166052,1
0.1698071428571463,111,-1.6803913295681003,2.1455283008936554,0.28698904177399426,1
0.1396500000000072,158,-1.1848108011214247,0.8479384124280396,0.24232974247283642,1
0.15859285714285573,209,1.0758232701003252,1.1841910974510397,0.2683977365920725,1
0.16099285714285827,213,2.510970538709099,3.5002386784444623,0.2558761458255918,1
0.13434999999999978,224,1.1130665221144052,1.4603099571615197,0.2496496508875977,1
0.13436428571428596,225,1.135340227429889,1.4399830720806581,0.24996320436102787,1
0.16240714285714425,256,-1.4431054083325858,1.2240862126185073,0.2413102438135525,1
0.1659571428571423,258,-1.891743154915648,0.8682435481028424,0.2482946392667658,1
0.1687857142857163,262,-1.6452793418267497,1.4776820283951586,0.2650481292856969,1
0.3114428571428545,104,-1.043762853864667,1.0275875009881554,0.47235893394555867,1
0.2765928571428609,119,3.213321262185745,1.0421832873237247,0.3921672902976588,1
0.23841428571428683,132,1.447760756282868,0.9704343920010632,0.33334750235212285,1
0.2350285714285718,134,1.6262121880690616,1.6358267381018707,0.3118990757099685,1
0.2326714285714299,135,1.7034430285414648,1.4173118325975615,0.30921192833913524,1
0.2246214285714306,136,1.690809245149349,0.8870955955090222,0.3103537769571378,1
0.24637857142857097,148,1.2378293546154318,1.822773297980649,0.2837745958372933,1
0.22230000000000213,161,2.234822317272789,0.8277621475202651,0.26939243829242243,1
0.21861428571428934,162,2.492782567455248,1.2288867950827287,0.2536671048973667,1
0.2192500000000044,164,2.798963852843385,0.8864442466996758,0.26001961772580273,1
0.20677142857143085,178,-1.2008860904354643,5.167507207938213,0.21627703618430646,0
0.19450714285713794,236,1.8033130563537718,1.4496497375339956,0.2737897009332694,1
0.1706357142857168,243,1.756159698010647,2.379869661884038,0.2408146199650748,1
0.1762357142857159,245,2.0063221894409735,0.9401481772598507,0.2496018711781033,1
0.14039285714285452,263,1.2231123320938022,2.2650083403965,0.21050113316857305,1
0.14182142857142668,264,1.7567156863929343,2.1915262174088133,0.21034848856123253,1
0.16074999999999914,266,2.522121174238034,1.8738712078129407,0.214646803075524,1
0.16290000000000152,267,2.49269806961999,0.8693280070383789,0.21960688753852836,1
0.336578571428577,48,2.214874506339883,1.9341335752069164,0.4801377675954063,1
0.33896428571429127,49,2.0196403127714273,1.2312618171706522,0.4661607202229484,1
0.34807857142857507,51,1.4776962813573196,0.8985397402050395,0.47603670345631466,1
0.25783571428571656,106,1.2947618380686587,2.5800701378648547,0.4926187181409408,1
0.3326428571428579,126,-2.3095872681611236,3.0353339254054723,0.49790286039685966,1
0.3308142857142887,127,-2.548726427168985,3.0949618514943,0.49814552795180933,1
0.3094928571428507,145,1.7693206666637638,2.36049314842704,0.4710697713000365,1
0.1712357142857164,175,-2.2631770675535727,0.9982599575441662,0.26408818939431355,1
0.16873571428571463,176,-2.160684260853317,1.2501640482341003,0.2641679017322653,1
0.1636999999999976,198,1.7542733016524672,2.2938165670781823,0.2072807063043573,0
0.16798571428571205,199,2.0810749081153266,2.7959665346203226,0.2085441031599707,0
0.16404999999999706,200,2.2628804282173514,1.6207317752349186,0.1881075152202504,1
0.16400714285714052,201,2.2989786674467356,0.8361251658634463,0.18714881418214807,1
0.16397142857142707,202,2.263505909180093,1.1491911869025726,0.18726885371514682,1
0.15684285714285856,208,1.6382657323894678,2.509366169551397,0.17393355777044653,1
0.183092857142857,231,-1.7455361540956575,1.9157518412375099,0.19212854646908922,1
0.1526142857142848,242,-1.7472881009257484,1.1693204720756865,0.19866378097042064,1
0.1497642857142856,245,-1.1427422818452992,1.8230847770487268,0.20971948191848702,1
0.1607500000000012,250,-1.742813280585644,1.1496056348819617,0.2110709194936616,1
0.3892142857142907,31,1.9962737195266866,1.6393475521073582,0.6863899586403364,1
0.20433571428571287,86,-1.3640601132487145,1.8098251932286902,0.3537565968129453,1
0.1993357142857113,87,-1.6558967175257369,0.8811930257654476,0.3627728224643064,1
0.2041000000000009,105,-1.0766294168786774,1.190213985564969,0.24853411844868495,1
0.22332857142857115,107,-2.055823590740007,2.9721975095726973,0.24467788765345128,1
0.23206428571428717,108,-2.4161158815692083,4.648126242426078,0.2439841138890161,1
0.23635714285714673,109,-2.3581454637240515,0.8286558081871392,0.25217971676567663,1
0.21975714285714382,129,2.2930639015253593,1.2887202365788177,0.296288972073833,1
0.21975000000000477,138,2.027580025454943,1.4210661365575776,0.2924923203836862,1
0.217250000000003,140,1.7138509821087797,1.0111384584382421,0.309502540054592,1
0.19425714285713777,157,-1.568018743135724,3.9189275468900986,0.2554910731292462,1
0.18527142857142362,164,-1.3247873021202534,0.887363843128873,0.2430046488637573,1
0.12155714285714428,228,-1.678835603285914,1.2563023890221041,0.16461552744454713,1
0.11927857142857233,229,-1.6869988361893724,2.028796980494199,0.1638590676074451,1
0.11781428571428469,230,-1.6899441848073418,1.0290670383167917,0.16004928950399064,1
0.13150714285714368,236,-1.3402052005024947,2.830801936034745,0.17137790401678166,1
0.13507142857142793,237,-1.46219137049522,1.0079386860528488,0.1708031130785698,1
0.14160714285714196,238,-1.5263876441127746,2.4303533653567,0.17081316871633898,1
0.13332857142857385,245,-1.2937870184230897,1.9606278583961076,0.15406300916231944,1
0.12172857142857245,253,1.693664658099247,1.6933443834080342,0.17515271268089405,1
0.12867142857143068,255,1.646997619521096,3.7709634283970517,0.1681889769421897,1
0.4748714285714267,15,1.1998210258543363,0.9545873991407817,0.5455378670728142,1
0.29742142857142745,34,-2.054998846645544,2.5143233372691474,0.49273915592026235,0
0.3017642857142846,51,-1.421838655140565,1.4641769289008826,0.39821015623192785,1
0.32203571428571415,52,-1.9039765258218118,3.808317699815255,0.3887243345978834,1
0.3313214285714281,53,-2.2250882340805718,1.0424284254845306,0.3858081814665411,1
0.3545285714285699,55,-2.6427057351669143,1.5480516814736924,0.40452302238245763,1
0.37238571428571277,56,-2.9116770018574276,3.1819156913491975,0.4276779340890627,1
0.24802857142857704,94,-1.481081612111862,1.072390032395522,0.34504131331409604,1
0.26518571428571897,95,-1.640322329563356,1.3104940494995863,0.32869181343877923,1
0.27148571428571905,97,-1.639514983682681,0.9031829299254914,0.3376791191934393,1
0.27077142857143394,98,-1.5119476390210103,0.8697534910278687,0.3176881065358812,1
0.25485000000000063,103,-1.1895473671058354,1.5464923761259652,0.2490495119468201,1
0.18916428571428615,133,1.0267778363088302,1.2960695361735386,0.2550227651956418,1
0.18256428571428834,140,1.005488569149236,2.688465368119538,0.23154315741876091,1
0.1940571428571413,162,-3.058461226886325,1.0303828954181893,0.24419284754835915,0
0.19215714285714317,169,-2.0709293484035873,1.075644900812258,0.2506511873819181,0
0.20725714285714503,176,-1.7548559522627851,1.0275111731603872,0.2534015623250766,1
0.13397857142857714,206,1.6491715032817944,0.9469652025618828,0.14227712583484003,1
0.14219285714286148,207,1.0404731083335064,1.5276050186888488,0.15514241534772438,1
0.17185714285714532,212,-2.177248572044355,1.913701951033895,0.1985576328909875,1
0.14389285714286107,238,1.9862041835108764,1.4084043712372525,0.22279720090484775,1
0.16288571428571735,242,1.8618231075972815,4.407661068278665,0.19056855579627843,1
0.1849928571428531,253,1.0286130601400558,1.6963677247003157,0.19632644918554207,1
0.30948571428571164,44,1.527260028442864,1.4363899553807487,0.4019978379693343,1
0.3107499999999967,45,2.0545574630399637,1.6585426935371588,0.4005793812253242,1
0.2855642857142868,51,2.1104770734065923,1.9870552090239406,0.39588456564036756,1
0.2731928571428576,54,2.094165433708122,1.0727328249663837,0.39496188077835304,1
0.24009285714285916,61,1.2065693360311902,3.3373792967303313,0.3829418779753365,1
0.26394285714285715,65,1.167848948038995,1.5027418838121218,0.4014126251225846,1
0.2582285714285685,66,1.2614916189203231,3.273986814838466,0.3965573935472566,1
0.2742857142857125,67,1.4470779285063533,1.7039248716712796,0.40308624801372256,1
0.2820142857142847,68,1.427504923453432,1.0717586224572977,0.40973075504408674,1
0.19724285714285372,111,-1.1891991368294155,1.818327600135084,0.2603574194514356,0
0.16887142857142937,122,-1.3078800288675863,1.4764438999332625,0.2179178544249908,0
0.16870000000000118,123,-1.5072535315747984,1.7235013943818878,0.2168378397754286,0
0.1650000000000022,124,-2.0453822332467224,3.714876910738882,0.2263210594941483,0
0.1490142857142871,125,-2.435013031927833,2.1039370594750118,0.22599180307596015,0
0.1535571428571448,126,-2.5170058132912323,2.109324056246945,0.22482533578000125,0
0.15490714285714496,129,-1.7718770588377073,1.4716118749341638,0.22148322206574617,0
0.1649285714285753,131,-1.5937180973462663,0.8216321999224043,0.22872790465553353,0
0.16635714285714748,132,-1.6466416667710901,1.0898408240826505,0.22588200569086578,0
0.17260714285714787,135,-1.6811288333585894,0.8468417016483689,0.22561405071639606,1
0.1826000000000018,136,-1.9698096545942891,1.2671568937061966,0.23282562782914062,1
0.18817857142857367,137,-1.8566245461340698,1.1069484116185224,0.2355638835388326,1
0.17262142857142798,148,-1.0830496081944259,0.8938204823047835,0.17941999335134198,1
0.11331428571428148,246,1.024254561209673,0.92327185249761,0.11375512585150498,1
0.11578571428570886,247,1.4078851954310418,1.0306486339983199,0.1130542756501875,1
0.11789999999999574,248,1.605407952628434,1.2543501671346762,0.11099632540134623,1
0.12111428571428055,249,1.8454449388916812,1.6733248206747133,0.11182100113810846,1
0.12432857142857147,253,1.8929190788489112,1.6928961053142624,0.11844558839491785,1
0.128228571428571,255,2.013345648218237,2.4748738883833137,0.11638801487342199,1
0.12672142857142685,256,2.2541398764060103,1.4815701357366478,0.1283260557782442,1
0.12524285714285707,257,2.2426895815061467,1.7065031516612952,0.12691444082011052,1
0.12452857142857202,258,2.124266468514534,1.5199773296210706,0.12712382583805656,1
0.12202142857142917,259,1.9783495047656774,0.9681039662746179,0.1272860319883561,1
0.48771050000000166,16,-1.772717211956591,1.0852813274680406,0.5414897094117092,0
0.4605676428571428,17,-1.7394135889167182,1.2644381106547504,0.5365788341467853,0
0.4669962142857145,18,-1.7446034107790187,1.0266777261115392,0.546641138363517,1
0.4680676428571441,19,-1.7321702137018316,1.1901323558458285,0.5358082571881084,1
0.512689071428572,21,-1.6538858122065656,1.0189152597934492,0.6374809021282866,1
0.5158176428571437,22,-1.6795866404783542,1.1539799809221842,0.6364467821548397,1
0.5241319285714293,23,-1.7266079897040008,0.923098308454847,0.6330471867872854,1
0.5762676428571426,24,-1.8196141959497012,4.16241734956581,0.656055298979021,1
0.5637605000000008,25,-1.744723685980238,1.0685933873898719,0.6946614583600002,1
0.35857142857143337,67,1.2477774954763627,2.5144637086213435,0.5066424653773929,1
0.3764285714285762,68,1.2807471506631678,2.064744036600141,0.5294343756387037,0
0.24798571428571442,88,1.1496781294573006,0.9175016743125143,0.4078039565291304,1
0.21823571428571548,122,-1.2197973113759413,2.430343697849369,0.3265170003410359,1
0.19650714285714344,130,1.3522653245439398,0.8817824285426062,0.3444440385063942,1
0.20936428571428475,131,1.7786552770350097,2.3798121862225847,0.33735113683023876,1
0.1522214285714288,173,1.7175286283720612,0.9191564823491137,0.24401589432271298,1
0.162235714285712,175,1.0537543928571047,1.4590892628539371,0.26916496109506594,1
0.1534071428571439,202,1.2351018615522498,2.6262366920919975,0.23382650132390548,0
0.14904285714285948,205,2.83522537284009,1.4837380703791696,0.200253078803706,1
0.14829285714285895,210,1.9707698668418738,1.5154322499295072,0.1943670085722269,1
0.15067857142857324,212,1.9402384061445186,0.8463032521384888,0.1936864889991885,1
0.33227857142857836,42,-1.5634912979027165,1.0719310760902503,0.5330330858596547,1
0.31120000000000964,47,1.525666629249093,0.9846232336881062,0.517997904089829,1
0.33456428571429137,51,2.2117204361080165,3.2886632531980466,0.5486729214583699,1
0.31781428571427944,64,-1.5224299114826922,1.1858758326745578,0.446334922073989,1
0.16376428571428545,90,1.704160847534284,1.263408826486372,0.25157564168930574,1
0.17723571428571663,124,1.4862433732681624,2.4011991093262344,0.19452591561617927,1
0.1868357142857105,128,1.3645651625236883,3.1405507382907127,0.23935674301609022,1
0.18827142857142576,129,1.782180812996507,2.071975005712141,0.239174688068788,1
0.19612142857142448,130,1.9824067340709464,2.2374311348659868,0.23922073332968546,1
0.19112142857142292,131,2.1804320239912305,0.9381074015571433,0.2312898267470257,1
0.18610714285713723,132,2.1698528169089504,3.2406302858306626,0.22922479464463905,1
0.1646857142857101,137,1.0600643121415327,1.5535386574056576,0.23872178636495617,1
0.198678571428571,144,1.5240919358321705,4.188636127002603,0.2847240037661184,1
0.20867142857142898,145,2.094898995802812,1.3869371967623176,0.28721491092237134,1
0.21717142857142896,146,2.672332712383712,0.9996446270972027,0.2906134494905965,1
0.23145714285714444,147,2.5749855830466073,0.833616916768178,0.2950268305183811,1
0.18318571428570912,178,-1.1863161000499851,2.1359306273639684,0.2568656008387166,1
0.12132857142857136,200,2.6360422795119063,1.0602724213529429,0.17642746269821452,1
0.11842857142856644,204,2.141462938542097,1.1337309544870424,0.17441227941210194,1
0.13033571428571072,206,2.023281458675577,2.394188052637778,0.1663277754727097,1
0.13326428571428192,207,1.9900871867425132,1.2676153779744288,0.15370577815888437,1
0.11136428571428171,254,2.237360901974812,1.6326599904601806,0.1435361806853485,1
0.11568571428571163,255,2.016717813536735,1.212372285970845,0.1479053415551007,1
0.12408571428571236,257,1.8003242284877434,1.608886845927823,0.1549691151900023,1
0.14366428571428816,260,1.181902762689145,3.737503823878267,0.16850376631499492,1
0.5572285714285711,18,2.161919635050799,1.3489119901162636,0.6215448585072569,1
0.5565071428571409,19,1.9361680705086495,0.8601259880150156,0.6452571650509502,1
0.20276428571428692,75,1.4530203089400169,0.8485659217905274,0.30846274998097756,0
0.19819285714285886,79,1.2595557128571933,1.2397400697878012,0.25725768527349546,0
0.19329285714285863,81,1.2857373152138798,0.8363498354335367,0.2322237434867309,0
0.2053142857142904,83,1.4412683318263393,3.026723479370583,0.2360851067570648,0
0.20671428571428813,84,1.5043553518502646,2.2702291895697098,0.23267953831604393,0
0.21622142857143192,85,1.5703153417527798,2.5978903019754793,0.22556633149008273,1
0.21401428571428685,88,1.5825314643261703,2.494596813505238,0.21465363841405286,1
0.21301428571428613,90,1.6294874445903191,3.1432507508483063,0.2173308523788382,1
0.2137285714285712,91,1.6264431086272173,1.7949304917487243,0.21806578492201728,1
0.24186428571428564,96,1.2510316798577348,2.9700109355743303,0.23627304692206186,1
0.22250714285713968,130,-1.0400964449068095,1.6581327123872964,0.34502156822935376,1
0.1594500000000027,196,-1.559726237780195,2.361107140062057,0.19188371923429173,1
0.16151428571428791,198,-2.088667637033062,2.143297079764479,0.18715744641954146,1
0.1608214285714301,199,-1.9412858576849663,0.81809316036482,0.19459856617012647,1
0.1636714285714293,202,-2.049688063724651,2.3408419210756155,0.19022393904661328,1
0.1799642857142873,204,-1.5433830312961805,1.43083951528101,0.23717958282227253,1
0.16443571428572007,225,1.4049448526149644,2.8094642131879612,0.2441311011455022,1
0.18592142857143706,226,1.2458513377693303,0.8698507306279653,0.2623754178741361,1
0.1585928571428537,240,-2.3684527529772947,5.00852744826907,0.22412602603026005,1
0.45697857142857246,22,2.280381331781811,1.3463690216409088,0.6736737028738036,1
0.4298428571428608,26,2.3915892167281467,1.9356754992682068,0.6971854492402983,1
0.4709857142857154,30,1.9092307471062928,0.8264029606663512,0.6865465207142935,1
0.4742642857142861,31,1.89675368921816,1.2885080496337613,0.6882501650801663,1
0.4692642857142845,32,1.9381950778202421,1.6307990112655009,0.6921345069581136,1
0.4949499999999968,35,1.8356307946071804,3.1676034523629486,0.6681478523094289,1
0.49567142857142493,37,1.7889967616390627,0.8752444106037488,0.6166102881141965,1
0.48424285714285376,38,1.7884028430623444,1.2173811485551693,0.602135167815214,1
0.4807714285714257,39,1.7676307319779399,1.5034133450355809,0.5286513759736471,1
0.46791428571428234,40,1.697136830338828,1.1103957583149315,0.4910235563443823,1
0.4757714285714262,41,1.4938986662669855,0.8704796053409425,0.5310668006814884,1
0.30685714285714233,75,-1.8227592685223108,0.8963275303908567,0.4285078848830061,1
0.322107142857139,77,-2.2988902536815483,4.255353088682184,0.449707173381281,1
0.3078285714285686,81,-2.175674788705169,1.6179185007389512,0.44096600083451054,1
0.2355857142857149,112,2.6219088875431495,1.2314997272127546,0.30734150809566174,1
0.19480000000000278,138,1.9397342939314346,0.8262334820787676,0.267621492361703,1
0.15827857142857177,167,1.5947029899515661,2.7233499180007144,0.18120590828148855,1
0.1759428571428592,172,1.6181879891227458,1.3080507693148946,0.19732291760347206,1
0.18097142857142906,173,1.7893529106221966,0.9707627486163416,0.20010874731121447,1
0.13007142857142032,194,-2.124067566248973,1.375127218833086,0.18502760938745094,1
0.1378714285714275,204,-1.147518193505132,1.1354762794578792,0.19872091912458723,1
0.14291457142857666,217,1.2072593863225267,1.4657537380819368,0.20655090542512966,1
0.13925742857143422,219,1.949856590951381,1.4406373404755943,0.2057797909646481,1
0.14425742857143373,220,1.9344904706624615,1.4997329618314519,0.20249582462578808,1
0.13148599999999938,225,1.5703323181679611,1.6273893640899812,0.16341980308266385,1
0.12652171428571535,227,1.2991541412208567,0.9879889346762857,0.1643708431661503,1
0.11874114285714045,252,-1.4622989788884377,1.7394985633043023,0.1305129059553861,1
0.43181428571428376,51,-1.8776986525498662,0.8324461160128318,0.4589268911634706,1
0.3533857142857134,76,2.031331559762745,0.8949694420924332,0.4359951546868052,1
0.3297714285714254,79,1.8628480804206677,0.9200055458394387,0.43207755861488567,1
0.3183428571428562,80,1.867533562779478,2.1835206095794764,0.4321190413131618,1
0.32087142857142836,82,1.700975456833309,1.5947859030632614,0.38165500501727256,1
0.30109999999999915,110,-2.0042544929862967,2.7930732412475088,0.35875743669710103,1
0.30324285714285637,111,-1.986642974602502,0.8231602436908525,0.3606953526291417,1
0.30487142857142907,116,-1.3744680029527094,2.679768209787007,0.36737384975851994,1
0.24335714285713955,145,2.0847901652773926,1.0087493134856418,0.2726128690988579,1
0.23794999999999789,148,1.9920019951244938,1.3220123824459258,0.2661227298338055,1
0.1674500000000003,163,1.256408455269158,1.3074244550115448,0.19640888457241848,1
0.15959285714285645,164,1.4310725032692637,2.3513699380231547,0.19471954924079535,1
0.17772857142857187,178,-2.1736885674541555,1.0244788505326996,0.21499897722218392,1
0.1446213571428611,214,-1.3595024760674566,1.2537072520037977,0.16922847386699624,1
0.14819278571428843,215,-1.6532865139153554,1.0259559777102074,0.15925451660706677,1
0.1477714285714293,238,1.6289361616600488,1.1896521421668058,0.14850473960988778,1
0.14891428571428783,239,1.6167371835036577,1.8058160336972948,0.14853773276605867,1
0.16532857142857438,240,2.1368536904283135,2.3201916332830606,0.18729491677790425,1
0.16613571428571966,241,2.337048858918813,1.1555061635126052,0.1855589056822292,1
0.15935000000000546,242,2.4921641424624754,0.9861534060500895,0.182024194657828,1
0.1579214285714333,243,2.4452275960097527,2.022483765639743,0.17281277048895832,1
0.16253571428571995,244,2.3698331100704557,1.889868805076561,0.1726737320124588,1
0.15639285714286189,245,2.149222720346592,1.2462160629836259,0.17902306055985867,1
0.16491428571428912,246,2.1103879634292633,1.4901762061401023,0.18508877921625555,1
0.16991428571428863,247,1.9384911163310368,1.6900981069948486,0.18855950615323333,1
0.18596428571428955,248,2.0228962335234333,2.5220135171636575,0.20631224235987466,1
0.46232628571428336,41,-1.6351939672655749,1.4106302464434166,0.5871937663784763,1
0.36317857142857485,68,1.3847802313595636,1.2069660830790985,0.41223325150528906,1
0.3597357142857171,69,1.8763515250586187,1.5009271707756366,0.4108955978432242,1
0.3696714285714303,70,2.3620691972140158,1.7839235188148541,0.41615893637782236,1
0.35902857142857314,71,2.7268878849254454,2.8659031995618616,0.40934673176146874,1
0.3654571428571448,72,2.5066606977223613,2.0856196664500106,0.4288377329236581,1
0.3933071428571436,74,1.7723535997255366,1.4452009568776045,0.42799916816622074,1
0.4318928571428578,85,-2.3980466850867823,2.111396468381334,0.41535782751441896,0
0.3670642857142842,110,-1.121607520190879,0.9270753786146002,0.39782459516559127,1
0.3827571428571344,115,-1.8690423773154474,2.1291816041162575,0.3719565264121738,1
0.3736785714285621,118,-2.3529693752856953,2.14700868352999,0.37672600303703213,1
0.3836785714285611,119,-2.2485477185080485,2.976208177550441,0.3823689487112007,1
0.4001071428571318,120,-1.88345695292603,1.072350795949503,0.40940794875479214,1
0.41759285714285405,139,1.9477566639198935,1.5555526921352107,0.4970580450075984,1
0.43297142857142845,143,2.4371766847327065,1.1134253539693155,0.5203014857191994,1
0.3302421428571409,189,-2.9408873871689005,1.7274221844322362,0.3621300080958674,1
0.3196778571428557,190,-2.9249927908672966,1.2764417905503311,0.3651644310675653,1
0.2989992857142819,191,-2.5722552829842886,1.620008802848118,0.3687157351587689,1
0.3090064285714241,192,-2.0036834256023073,1.7115706338105965,0.375280227628668,1
0.20000000000000082,221,1.135160825324345,1.3007106411421474,0.20622992663891862,1
0.201435714285712,223,1.1623932643570842,1.3951111025107112,0.17612975642254305,1
0.19250714285713855,224,1.2201994307039907,0.9348101034249464,0.16795612300439752,1
0.185378571428568,225,1.319528631556821,1.8632055505117566,0.15556689752983813,1
0.185378571428568,226,1.4572372012459234,0.8081440093793617,0.1545077318495502,1
0.1957428571428547,227,1.2638438383995751,1.5387637531188263,0.1783066886181883,1
0.19914999999999697,229,1.2316788322421135,1.1457928700787516,0.18624555902835485,1
0.20557857142856864,230,1.1521406939768182,1.2965781864841586,0.1895405853508613,1
0.2677214285714261,238,-1.1977287174991091,1.2259784284921413,0.21825422116292373,1
0.24369999999999795,248,-2.0970343887218297,1.0809991416848876,0.24133098378195533,1
0.2238428571428577,259,-1.555431198268976,2.1592655617926124,0.2171768036793083,1
0.22530000000000225,260,-1.642123345907522,1.1934256335221451,0.21664288946202637,1
0.20754285714286272,264,-1.0705044281386933,1.4604566184580252,0.21810512239203614,1
0.22815714285714453,268,1.129177129808159,0.8412926455049772,0.25268779981863626,1
0.34155714285714317,59,-2.6793536360860326,1.6278247024825219,0.4024773282767719,1
0.3439500000000026,64,-2.606082676699378,0.9853598394569589,0.40182808305413814,1
0.2911785714285803,84,1.252782361298655,1.9121057552345413,0.29021558175183226,1
0.21455714285714172,120,-2.596703536354195,1.282313151069928,0.17623601488488913,1
0.20986428571428714,150,-1.3612327484366904,2.6507402303973717,0.24988444463373582,1
0.20986428571428511,151,-1.8242749298570224,1.4563003671846944,0.24374028302536527,1
0.2055785714285727,152,-2.0074578781519534,1.355007444139422,0.23858640316707677,1
0.2041499999999985,155,-2.05415701414386,1.1507906674190127,0.23013864448311674,1
0.21307142857142683,156,-2.09689967612152,2.5448648386007355,0.22438145691660077,1
0.22038571428571377,158,-1.7544937093337796,1.0641418653627404,0.24187235565046772,1
0.20375714285714455,170,1.3154229260353503,2.4055859551962935,0.2626158394169113,1
0.17374285714285925,190,-1.0783427143762183,1.0445131415537305,0.191734843592974,1
0.17088571428571697,191,-1.3456526729659763,1.6443112450400277,0.1889841000336292,1
0.14755000000000354,198,-1.622496940420892,0.9648031444909452,0.16672934319696797,1
0.15432857142857465,200,-1.1026423331248099,1.7578645452655484,0.15087583364052345,1
0.20433571428571287,211,1.8226073334505135,2.2128546932811033,0.21554686914485688,1
0.2236499999999982,212,2.0894161411944987,4.496395785364074,0.22643184889575327,1
0.13972857142857517,255,-1.103062664359241,2.3407716600081034,0.18391962467918296,1
0.13653571428571556,261,-2.1582757024825456,0.8083428494216848,0.17837477497472345,1
0.45126428571428384,43,1.3071076223976699,1.028562130306333,0.44837472208499785,1
0.41117857142856656,65,-1.6906683021701832,2.4398079216675517,0.39995528509999,1
0.4155785714285746,80,-1.1156834188054356,1.112706493905806,0.48959101820216855,1
0.24027857142857556,142,1.7099877772380936,1.0724550031309867,0.31763922675468587,1
0.2338428571428608,149,2.075052352616722,2.078533367718694,0.219511374712863,1
0.23656428571428836,151,1.8890314958050107,1.071011713315684,0.2358609365451021,1
0.25162142857143366,152,1.9811405706669862,1.994160770667514,0.26782779521624017,1
0.20142142857143192,182,-2.254319748982478,3.7474275487164923,0.20889643662466612,0
0.23214285714285918,196,-1.5868717434839332,3.7276085078758547,0.2526825907650683,0
0.22343507142857227,200,-1.6621613493558978,0.8582117334041955,0.2487127568078802,1
0.2155779285714305,201,-1.722115337324709,0.9904829264872707,0.25135353779427533,1
0.17615714285714187,229,-1.4021141341458794,1.2721006398262085,0.19021915095388756,0
0.17730714285714555,232,-2.7068005059966227,2.891404968510149,0.18032320988408,0
0.18659285714286153,233,-2.9850464129090266,1.936342135006375,0.17868411821087798,0
0.18642857142857647,234,-2.9279777564100806,1.3307869076728145,0.15512848480064506,0
0.21107142857143352,235,-3.1001182619504664,5.166924766706167,0.1988671165354746,1
0.21505714285714816,236,-2.9724330235302117,1.0418961151151296,0.19744463751171892,1
0.2741357142857197,242,-2.124323404634068,1.0397404986733858,0.2606005430005176,1
0.36975714285714745,246,-1.1433785874984355,1.0879272333750363,0.38865459060356594,1
0.34753571428571,269,-1.0858705026279007,0.8982435488265217,0.4602305462156206,1
0.321000000000002,98,-1.0261653692127966,1.2668293209722532,0.5328141666800736,1
0.30590714285714526,100,-1.0428882384116895,1.4485273546408035,0.4946675898448496,1
0.29223571428571155,131,2.7463379565132615,1.6468027042270696,0.39655460269582554,0
0.2965142857142829,132,2.690085819965625,1.3088153220750727,0.40120049201585234,0
0.29722857142856796,133,2.516293582106131,3.8915620621111553,0.401339443797596,0
0.316992857142854,135,2.403158611860621,3.9554424422252006,0.374377590467027,1
0.3276071428571389,136,2.235253225852789,1.0787995662203274,0.3423815714962075,1
0.3278999999999956,137,1.9830433793801034,1.0905248045650693,0.3523580366194576,1
0.34902857142857,142,1.2581425315299528,1.6880532491350133,0.3600877562545967,1
0.3009642857142844,162,-1.6779893395017436,1.3135025056974454,0.39647682121169303,0
0.29102857142857125,165,-1.2761635298756016,0.8190953285851773,0.3896318996043032,0
0.2659714285714289,173,-1.2124573126703102,0.8921523177729204,0.3423564797828869,0
0.2771714285714272,179,-1.6202080690207983,1.0167033836161548,0.3201823887796096,0
0.27943571428571495,197,-1.6436636083119038,1.8370721973291841,0.30501065007051326,1
0.24193571428571456,203,-1.3008230975486037,1.2049114889649242,0.2871334986515311,1
0.23572857142857068,209,-1.3282337260323607,1.4994514455118486,0.2810066615746237,1
0.23715714285714284,210,-1.277023917812031,0.9956256690849188,0.27734514119792625,1
0.22869285714285428,212,-1.3195317216312277,2.105737137082654,0.2811267858593943,1
0.6439214285714294,15,2.942109822869509,1.324628791317656,0.7724446036513847,1
0.2951714285714258,63,-1.024116976022826,1.6883358069417729,0.41134066514295703,0
0.32710714285714054,71,-2.3067524987498738,1.173998788019902,0.3818217282978748,1
0.3667000000000026,73,-2.9466197293457035,0.8428719386879996,0.3899964313260168,1
0.2534357142857126,100,-1.675165898526627,3.1807479828418086,0.4042468878359471,1
0.2666499999999985,101,-1.872410955861431,0.9097419346057212,0.39039396577330476,1
0.2612714285714353,109,-1.0415011704240207,0.9297135941136453,0.373623858875694,1
0.24510000000000584,115,2.9683107541051514,2.3543537798636773,0.3449371527981558,0
0.23772857142857617,116,3.2730299659303523,1.057243761969786,0.340172331789558,1
0.23136428571428627,121,2.407770237728488,1.051869209689279,0.3159153667295279,1
0.24873571428571495,133,1.1110594085306,1.3295108520189423,0.29240600976587955,1
0.2670571428571427,134,1.1143378209715098,2.351372945428398,0.288011740581399,1
0.24343571428571562,146,1.6924965057883365,2.0597951833128927,0.25219200656348256,1
0.2036214285714298,184,-2.762166963404212,1.2253654007651564,0.2212737609815795,1
0.19865714285714578,194,-1.9334598117186583,0.8193941863064902,0.21097398881348156,1
0.21187142857143165,195,-1.631743649492507,1.4164470586577256,0.22165552187912,1
0.16641428571428613,234,1.4313404918412276,2.257516919784051,0.19691319914231062,1
0.16469285714285928,236,2.631368663458506,1.4589685819890115,0.19420698009530474,1
0.18270714285714615,237,2.23896420468756,0.8694152193340058,0.21977577641710644,1
0.2041071428571501,239,2.652144497992934,2.4606478478514426,0.2430057403590669,1
0.20864285714286065,245,1.4143409054056852,1.2148882797116987,0.2524702055436363,1
0.17717142857142676,254,-1.7127881844048611,1.1205029204890533,0.26874645003186415,1
0.18288571428571135,255,-1.6552431551058109,2.6859661438542917,0.27073563260555794,1
0.20038571428571167,257,-1.6650263496673345,1.539950591353412,0.2826143491093391,1
0.3199571428571427,56,-1.7412646822969142,1.3700178515915769,0.4675439457662042,0
0.332964285714287,57,-1.7842155221863953,3.7944209727924574,0.467191886395651,0
0.3168142857142868,59,-1.5487633891334116,0.9493247870376432,0.4826636461748407,0
0.3135357142857162,61,-1.2633802563257008,0.831119287037207,0.48899632484049255,0
0.3262857142857151,66,-1.102110168452769,0.99184794601199,0.393631800013534,0
0.3030285714285676,71,-1.155957117266898,1.1188571598215158,0.3427711264601505,1
0.31027142857142564,72,-1.2227625027784768,1.360628018167152,0.3322718496553796,1
0.333128571428568,73,-1.558529161931234,0.8156420042711505,0.37013738623349474,1
0.3433285714285696,74,-1.895068076539468,2.3117677889433854,0.36846649506910073,1
0.3607024285714248,78,-2.2116384786028123,0.9210687584753161,0.4013455533542379,1
0.23967142857142676,150,2.631299835235097,1.884972700200244,0.2985060828716771,0
0.2293071428571421,151,2.9005916510813257,2.4895072317305256,0.2887967100285035,0
0.2235928571428555,152,2.868064116536898,1.5733682114630514,0.2887691935100898,0
0.21789999999999818,154,2.773136261695613,2.4025287598382965,0.2867044266900183,1
0.21897142857142576,155,2.7757106436433374,1.162568566774456,0.24562065440819603,1
0.21325714285713918,156,2.6818511833116836,2.2823887404853322,0.22266158587059856,1
0.21074999999999836,157,2.590861902623442,2.294521393510751,0.21766765961363435,1
0.21934285714285043,161,1.853848807784143,1.3385650703094714,0.25350957316501926,1
0.23917857142857354,190,-2.0894370440560155,1.7819605542289734,0.3032913274139985,1
0.253778571428573,191,-2.3666006007530545,1.2579031671876217,0.30881885849438906,1
0.24435714285714635,197,-2.1496919109205885,1.9482123413068257,0.31407131785630366,1
0.2561500000000052,199,-1.8583802955797002,1.0850622614082546,0.3248550312129035,1
0.2634714285714312,202,-1.0928636193452106,1.4219793839240567,0.3175086446044798,1
0.2042499999999998,227,1.0335129445828948,1.0483716542916013,0.2888834776362886,1
0.19093571428571263,231,1.0316386613148743,1.217936080104391,0.2672955301892129,1
0.1678785714285697,235,1.436055255011246,1.306511466348398,0.24187609799087792,1
0.1602571428571419,237,1.9407252771336012,2.1734358292298706,0.23391325822688572,1
0.1634714285714267,238,2.207222616025402,1.1126475118121502,0.23327511753610622,1
0.15065714285714396,241,1.6625145831461983,1.2030117594532488,0.23481475740277113,1
0.16748571428571374,257,1.2965978201346327,1.9302156574216633,0.16456729098807593,1
0.17100714285714144,260,1.753478983735148,1.2204706480044487,0.1616068540853998,1
0.15957142857142717,261,1.9711543927612036,1.4255245328690371,0.15858238230245314,1
0.15349285714285696,262,2.3300813764104804,1.3453412888991625,0.16037017736436804,1
0.1577785714285714,263,2.651812922335381,0.9746494199073399,0.1626943267384294,1
0.15920714285714357,264,2.6082827034041767,2.811825005448086,0.1623025348176552,1
0.15655714285714697,266,2.3428553517453814,1.0408213363904348,0.16379826584513546,1
0.1569500000000009,268,2.181288527032916,4.936028740228895,0.16221072686223192,1
0.4804000000000051,50,-2.13248920767133,1.760748341386151,0.6520866607966588,0
0.4818714285714317,51,-2.223554171085953,3.704018359912734,0.6546498388173027,0
0.46737142857143354,53,-2.19579963921659,1.6305885837003724,0.6626488898539896,0
0.45522857142857526,54,-2.0921027483211634,1.0704724130735335,0.6342376198927281,0
0.47130000000000344,55,-2.050608759883486,1.500787633570636,0.6105327558433823,0
0.5023857142857143,57,-1.9880332025745473,1.3882581922066075,0.6016740331871798,1
0.5159571428571427,58,-1.9049540054733392,2.625204856876438,0.5614159547054833,1
0.5221642857142845,60,-1.4484307059653316,1.3800895643050732,0.6359319976034812,0
0.47980378571428367,81,-1.0045712122753006,0.8608537177944865,0.6950964928596582,1
0.38139285714285415,116,1.5726243427591906,1.4979534047825205,0.5023801980965306,0
0.36424999999999635,117,1.6287176619597588,2.0328675208171294,0.4810669635134311,0
0.31647857142857355,142,1.4131649383578189,1.7222308385836602,0.41451787079269364,1
0.2871928571428616,145,2.190473713196592,1.0108697400735327,0.37475390888960086,1
0.28259285714286314,148,1.9199662186112794,1.595802888200579,0.3521314434598322,1
0.29330000000000417,151,1.0218254234107154,0.8549952677800103,0.33363673083569767,1
0.2918785714285751,153,1.0966642634452972,1.0305152301074818,0.3164256986880113,1
0.34386428571428745,162,-1.5658193364817594,0.9538922399128879,0.45011019058692997,0
0.3545785714285716,163,-2.71005794424408,1.0979795938966488,0.4696896232569598,1
0.36539285714285696,169,-2.3328215979008613,1.0652998259999051,0.46217535593933146,1
0.3489071428571415,178,-1.575246249907582,1.0847063718386085,0.4822380904371043,1
0.3897857142857118,194,-1.5343667515302601,2.894774057031124,0.4006364733440609,1
0.2623857142857154,216,1.557610775168594,3.9971542501703583,0.42845955580457834,1
0.2450357142857119,240,1.6463533024656578,1.5668064731173341,0.2878220567899177,1
0.3109142857142818,246,-2.1657683227961604,1.0177595481750457,0.36731107858942236,1
0.5862285714285714,20,1.2118157306293726,1.0012750132992085,0.7441366189151997,0
0.5697000000000015,23,1.5501571047706548,0.8412792422903664,0.7471867664031715,1
0.5612714285714263,30,1.8933695566701374,1.9522169431710126,0.7203921749446227,1
0.5971642857142793,50,-1.4866660508668588,1.094455940897397,0.643739350996246,1
0.3847714285714322,98,1.3193410029890047,2.0209091197566993,0.4122302330238883,0
0.39405714285714616,99,1.812243889462189,4.456002022458287,0.4312322400842267,0
0.37976428571428755,100,2.05976136066515,1.2493611917130376,0.43312422176234755,0
0.37432142857142836,104,2.559918471994701,1.0080896868269833,0.42738122551891305,1
0.3664642857142845,105,2.3750786276778544,2.1002195516386726,0.4275642923802337,1
0.40967857142857156,106,2.5571370171673187,3.03981366336676,0.5015466211323791,1
0.42324999999999996,107,2.6274844200600733,2.5134166411435,0.5060562435005493,1
0.442771428571429,108,2.4281591413167956,2.759565801116519,0.5176380877353202,1
0.47469999999999857,111,2.1753253543278976,1.2671336496017849,0.5384758575377023,1
0.49112857142856925,112,1.9701521291394204,1.0141948943602503,0.5717386185147072,1
0.32108571428571303,162,1.5746311859589779,0.9487765801690313,0.30794380484260214,1
0.299592857142855,164,2.536633793742605,1.6427588449615464,0.3086562242902696,1
0.3054714285714247,166,2.7256599720174393,0.9647868159787829,0.3220869805780025,1
0.24089285714285527,183,-1.3034632654182454,1.4245058828985444,0.27569123372753523,0
0.2380142857142837,184,-2.038570752398058,1.8684780280287472,0.26987424167072444,0
0.24741428571428312,186,-2.647086821723123,1.3342290728042356,0.2728146587412552,0
0.25558571428570886,190,-2.3811267245887944,2.765357839550919,0.28125349472754463,1
0.26772857142856715,191,-2.423517200556752,2.850058125021914,0.2951126064012822,1
0.27914999999999524,192,-2.338791063406844,2.28450365574902,0.2901776879672446,1
0.2934142857142835,193,-2.241488385140859,2.316111677227278,0.27702417454838973,1
0.3003857142857141,194,-2.1679390889197636,1.5612711474291106,0.28098321094047535,1
0.31866428571428734,196,-1.943871352697029,1.8382415965574317,0.30905675487273054,1
0.3179714285714295,198,-1.721316458338377,0.8872940830818679,0.30981952104807575,1
0.3354142857142871,199,-1.4739769557573494,0.9326667371861602,0.34940612615065103,1
0.293371428571431,233,1.5551058361568966,1.1546928860980576,0.38351959172128813,1
0.30854285714285773,239,1.0989352661249834,1.9364321554900414,0.4117007757161194,1
0.2498071428571466,260,-1.312119388963986,2.069933879307789,0.3219974711820838,1
0.2546142857142887,261,-1.4344670089020346,0.8046827744806125,0.3067909164102727,1
0.6186857142857158,15,2.5960457106608,1.207541268857864,0.6225099226704357,1
0.21640000000000523,120,-1.5923285367050932,1.4037816589683674,0.30989356927760187,1
0.23210714285714776,122,-2.602163597825603,0.8565858292670806,0.29246296645796915,1
0.2480857142857157,125,-2.638209567538303,3.1096158272360124,0.332523744091905,1
0.2543571428571454,126,-2.7954911253052246,4.1061980069377295,0.32515628561765175,1
0.2646285714285739,127,-2.7526913694736064,1.3725795527643458,0.3215092893502308,1
0.2760285714285727,128,-2.677201336265232,1.4234067791195435,0.29290985630251126,1
0.27387857142857236,129,-2.4918184721376675,1.5823398188427507,0.29680780500579357,1
0.29435714285714354,132,-1.848145795129095,2.3800398281614727,0.28715568748050346,1
0.20370714285714492,153,1.9146938989086262,1.0383443247885067,0.2727065799118859,1
0.21514285714285922,154,1.7966801573888505,1.8455591054877665,0.2756158191579941,1
0.25693571428571105,180,-2.4703545918852687,1.6618522815800643,0.2910495519919857,0
0.19202142857142843,195,-1.1174560866415333,1.594530115677217,0.27036070110961335,1
0.26582142857143004,235,-1.7783101510059631,2.7166747310122523,0.36629668429981066,1
0.2643928571428579,236,-2.032176689445348,0.8963784928473825,0.36548071279619737,1
0.6109357142857103,16,2.6763150462825993,1.5353286507106423,1.0445262514799796,0
0.5973642857142819,17,2.5800699381206433,0.8737646035990064,1.0452566934227936,0
0.5123928571428584,49,1.0666964995572974,3.4034543234435755,0.6783523292355633,1
0.5052785714285741,50,1.5815483197490505,2.596000002153008,0.6768908506234926,1
0.49256428571429467,57,1.7635562673333736,1.7932317149374848,0.5900271161315711,1
0.5119357142857207,58,1.9465275126752053,1.7896287661821035,0.5788572617625765,1
0.5472571428571484,59,2.0939918296173294,1.1806823510094784,0.580181620991982,1
0.5754428571428625,60,2.283020579335993,2.5129535594230155,0.5849684647221691,1
0.5431785714285756,61,2.4932156432139934,1.6870249880151003,0.5944076320907601,1
0.6010357142857187,62,2.1400816464648225,2.020814625257479,0.6585743673167861,1
0.3529857142857184,123,2.174987492394127,2.763228911604575,0.4521105179771043,1
0.338707142857146,124,2.4313313560525494,0.8948765203572476,0.44863222810767767,1
0.3342285714285741,126,2.2978903335936205,1.2031828487552225,0.44455827520906555,1
0.2431071428571414,157,-1.6657551547664586,1.0999427387632696,0.22506217203984813,0
0.2495928571428558,158,-1.720049437787867,1.52116090937446,0.22627366608359686,0
0.23839285714285552,168,-1.2426561178297035,2.7128029368357676,0.2269345369834379,0
0.2291071428571436,169,-1.3533459519670785,0.8109879784767952,0.22546495411200146,1
0.2412714285714291,170,-1.7013847413601635,3.6820913176005554,0.24134239900121793,1
0.23791428571428647,171,-2.078902176470315,1.6174117826956007,0.2359169661015874,1
0.2479214285714286,172,-2.009680581259566,2.790436936073254,0.2570871201611036,1
0.25945714285714416,175,-2.225806000333292,1.7416335418054385,0.26429059453164155,1
0.24932142857143041,180,-1.6254529166262448,1.7297955835493368,0.2548308326334448,1
0.26999285714285903,181,-1.1284875237469403,2.30108533592271,0.2755148377027476,1
0.20537857142856605,212,1.0293477888166027,1.1186843069109473,0.24560048876048543,1
0.18788571428571288,215,1.0885386406051785,1.0570534692048057,0.2351937813951423,1
0.1543500000000019,239,-1.1043899883044341,1.0007799640127268,0.16682866183592565,1
0.2021357142857068,253,-1.184075463502369,1.5614190800867063,0.15540212729250263,1
0.6242714285714247,30,-1.9821702218178616,3.6713758631823854,0.89265976163856,1
0.6349857142857108,31,-2.1687660941465845,1.0361676958425072,0.7922770666683457,1
0.34007857142856934,81,-1.0024890252878889,1.9219471189873338,0.3482340881220642,1
0.2544214285714292,107,1.1608769639365482,1.309067944093398,0.32104920536614256,1
0.26013571428571375,108,1.9423736962498965,1.3016177861188198,0.32061687907720643,1
0.2593857142857132,109,2.4793900063631065,0.9992560497310781,0.3179898073386716,1
0.27437857142856864,110,2.9776080364541078,2.7372720617910944,0.3217847566090638,1
0.2879714285714264,111,3.122363808767611,2.436546399322628,0.3215422421910366,1
0.29368571428571094,112,2.9972078695341917,2.364421672071115,0.31610853297717617,1
0.3051214285714252,114,2.1663539607939373,0.8282787343450663,0.3187340483632767,1
0.23136428571428627,157,-1.4969828311534799,0.8842286165881114,0.3211459358811287,1
0.24565000000000176,158,-1.4251424349699184,1.3091353411837539,0.3261077387878892,1
0.23674285714285354,167,1.200559700991484,0.8843780301428107,0.26468655786542233,1
0.21617857142857133,175,1.8870232634980757,1.6979058828260754,0.27680170847160346,1
0.17207857142857108,196,-1.9094058379539307,1.819051922916065,0.21335809523354887,1
0.16779285714285663,197,-1.7206911268641003,1.0254692606434652,0.2143159839613961,1
0.17904999999999557,201,-1.0658946763429915,2.3543189581702997,0.2204498447552445,1
0.1767642857142846,215,1.4212744973456124,1.3579124637779232,0.19717835590343374,1
0.17770000000000152,259,2.090951620205956,1.2385780526403434,0.213084069022434,1
0.6296785714285745,36,-1.079049350659665,1.8634874225388407,0.861086718846417,1
0.4729642857142896,71,-1.9366244851811902,1.1180649568658299,0.47759578730198105,0
0.5149214285714326,78,-1.5496978787956484,0.9254563320465858,0.49590468495536477,0
0.4754357142857109,102,-1.8865543642899651,0.8506460467062632,0.4666834015481985,1
0.5061571428571402,103,-1.4259834376554814,1.4901220818410887,0.511971582082804,1
0.5198071428571386,106,-1.5209377912857842,2.1209530684594977,0.4815138623239052,1
0.535421428571433,112,1.0478271189996387,1.2957564211129675,0.48935810466803825,0
0.5577285714285755,113,1.891684170756014,1.6769089884151,0.5037332377441177,0
0.3108357142857138,154,2.017336247614345,1.8331287222695778,0.2522122895464013,1
0.3108357142857138,155,1.9892127098627423,1.420603451071278,0.2764078127021572,1
0.2951214285714282,156,1.6941356414959645,1.088409519875819,0.2780831328522205,1
0.2819857142857164,198,-1.9179627140063567,1.2117371408328885,0.36628160200032395,1
0.28517142857142475,204,-1.5329450385120913,1.1078624709707117,0.26542687280539773,1
0.27949999999999875,207,-1.7800328579161526,0.8150698937133289,0.28258332472758874,1
0.29280714285714077,210,-1.3063500466336238,1.7558857715103005,0.32166949876031153,1
0.2640928571428581,223,1.2293813911576705,0.8755532518973959,0.29069387469448027,1
0.2541071428571452,225,2.0221440372751904,0.943588675850627,0.30047039089621735,1
0.23602857142857253,228,2.234602286254034,1.1313749750312176,0.2810945430120103,1
0.23745714285714062,230,2.048259784796783,1.4883016752418825,0.27038434637618947,1
0.24174285714285304,231,2.0256564425705426,2.5492909027543234,0.2714365347829832,1
0.23827142857142494,232,1.9923526249524408,3.096385363073731,0.27010595816544364,1
0.6718357142857181,15,1.6048057019102768,0.8309549983344241,0.8826948446582051,1
0.3368000000000007,76,2.305877561183724,0.8552987033580614,0.4608250906505084,1
0.29412142857143564,101,-1.2748100708018608,1.019570816814524,0.38981034685379523,1
0.2967714285714302,116,-1.643061481404048,1.6731204719550514,0.2785641536070052,1
0.2641499999999967,137,2.955781990156885,1.0463073604990145,0.3299288128049558,1
0.21961428571428193,190,2.333612711662732,1.490991439916173,0.25951069834638146,1
0.23394285714284788,196,1.5634326292843888,1.713927292959087,0.2528502246480761,1
0.22872857142856567,198,1.7908655141848846,2.125332216989906,0.2514570656278912,1
0.2201571428571388,199,1.8864159578551905,1.6110653248032347,0.24673789935490426,1
0.21066428571428122,200,2.0380308006914634,1.475858017711117,0.23547211899839465,1
0.20402142857142483,201,2.134840635446479,2.6367722082815366,0.21683607954315814,1
0.20822142857142417,202,2.228956940649556,2.9853827403370143,0.2180374238259038,1
0.20494285714285151,203,2.228828397646303,1.2231231626362356,0.215741935702745,1
0.2074785714285647,204,2.03770932761328,0.9538890782309511,0.2105181885493152,1
0.19021428571428242,208,1.5817849050435777,1.677775468072044,0.20461043819922597,1
0.17907857142856795,210,1.603556142481222,1.4855253414438538,0.1936502378963112,1
0.19602142857142318,211,1.3226313434378068,1.1274376141511229,0.22814426111564443,1
0.20318692857143056,228,-1.6824611600637909,4.480480133935869,0.23334096276344832,1
0.20081550000000245,233,-2.3306187552486475,2.12378023684439,0.23230244086116045,1
0.2119499999999996,240,-1.5088657592731378,1.2016455167165772,0.2500612893135501,1
0.18509285714285642,260,1.9650061232535232,1.4152981944526826,0.2354725204490517,1
0.3233214285714285,64,-1.6849038267240937,1.9898045823865835,0.3728756738273165,1
0.33546428571428677,65,-1.4123863741011018,1.0157859914765595,0.41342352744065947,1
0.2849714285714303,108,1.4979461972899906,0.9067575249344427,0.34703038475203685,1
0.2525857142857128,118,1.0596039396840395,1.1827134874327583,0.2679632267904696,1
0.23232142857142435,124,1.7179869685658624,1.8326983594613313,0.25348661512333837,1
0.1883428571428567,173,-1.6442630594185206,1.194525149304697,0.200829414914778,1
0.17510714285714155,176,-1.4599652181050429,0.9115324629150907,0.20315963946015794,1
0.1883357142857136,177,-1.5560851661192514,2.2958323186397416,0.2133727748661889,1
0.17904999999999763,179,-1.8664632056864607,0.8234452949395284,0.21506201425939192,1
0.17752142857142822,181,-2.152902849896522,2.545066433292134,0.18578836300526796,1
0.18989285714285536,183,-1.6160938811706667,2.180722233838389,0.208966779956242,1
0.13980714285713702,227,-1.2041874795947465,2.9632633472145193,0.1704482380617657,1
0.12969999999999363,232,-1.8025605713813373,1.211402636635482,0.16080772784361025,1
0.13771428571428349,239,1.4935437314831141,0.8620455598568465,0.17228302972148804,1
0.1371142857142859,240,2.0710838096129387,0.9717368538153008,0.1688535051349329,1
0.12542142857142835,241,2.4151308267003047,1.3888756924160157,0.16598687930853442,1
0.1225642857142881,243,2.315023143216395,1.1582491663819308,0.160284493185641,1
0.13392142857143036,245,1.8953257185597272,2.447464306767357,0.14362716392033079,1
0.1447428571428568,268,1.8425296624001026,2.1814676865356613,0.1673465350227651,1
0.14617142857142898,269,2.4586017792295394,2.5357531094080983,0.16789319056557578,1
0.3297785714285685,38,-1.2810376532453682,1.9468535940437872,0.40252638889849063,1
0.2670928571428541,55,2.5877373218569106,0.9377198170113158,0.32665484543701856,1
0.28072142857142524,58,2.2812767669328604,1.8325629915285049,0.361250241417833,1
0.2889357142857096,60,1.3002798974903755,1.7048356755172338,0.3648256427643488,1
0.2847714285714237,70,-1.3747543823259094,1.3247925464323353,0.33865142286594196,1
0.3127499999999941,71,-1.2603812942554056,0.9745306246570064,0.3822875235928004,1
0.29618571428570867,74,-1.6542274814829392,3.045561156490717,0.3959178399678291,1
0.3011857142857082,75,-1.863460695456345,1.3823262118695796,0.39635423186247787,1
0.32312857142856494,77,-2.279469208531525,2.440313352205523,0.4097734145219645,1
0.3489785714285643,78,-1.9662506397270614,1.0888474788191753,0.45816067746214933,1
0.1703500000000052,128,2.0527862009921187,0.9260940807854409,0.19795095884350225,1
0.14098571428572118,170,1.1095187937444984,1.861236580825587,0.2065054054332946,1
0.13955000000000797,172,1.2495508723368014,2.5727831585832717,0.1840015064811129,1
0.16022142857142438,184,-2.5816778411172985,0.954342057911518,0.1617375091749748,1
0.16284999999999578,186,-2.9405635551513587,1.1136845763541576,0.16715930677479937,1
0.17392142857142442,187,-3.120991778843713,1.5646717032442992,0.18488231183276257,1
0.17948571428571217,188,-3.0090860647937543,1.3461307323066558,0.17988226035829474,1
0.18837857142857015,192,-1.9708003749104013,1.0513844182702092,0.2085037854026123,1
0.1373642857142881,241,1.9833435917218696,2.9893972374328204,0.1887975072296726,1
0.12807857142857415,242,2.5721397851695844,0.872486399725221,0.18180625547767992,1
0.12320000000000318,245,2.0529386476716707,4.443265579478666,0.1822501264620141,1
0.37007142857142333,54,-1.3663166300439005,0.9639536893346681,0.4706242306663324,0
0.38899999999999374,56,-2.5774962426545307,1.906376403399282,0.4832294066602081,1
0.40614285714285153,57,-2.8763866885743368,2.6333359022782665,0.4840216266485072,1
0.40114285714285003,58,-2.8428120496634435,1.3286084628190482,0.4839595944106653,1
0.42458571428571595,65,-1.515678535073402,0.8688640071054693,0.42418977116381834,1
0.442928571428573,66,-1.6093660346132201,2.765205904662427,0.45350900650546105,1
0.2246714285714262,126,-1.665864731817005,1.1108441764731039,0.28515826317437715,1
0.21926428571428655,133,-1.0010372985641307,0.9437966152393629,0.2444650222242647,0
0.23084999999999972,141,-2.329086123929316,3.039690777007035,0.2522978556196013,1
0.24299999999999905,142,-2.65178605459689,1.1730551138400098,0.25075601446383844,1
0.22329999999999675,149,-2.1892848584703057,2.0648697772543994,0.226187017473322,1
0.22908571428571228,150,-1.9064755107064542,1.438947442077809,0.23137341551851898,1
0.21482142857143213,157,-1.87586087032218,1.1474037323930577,0.2379521768349294,1
0.23709999999999606,173,1.971452679820918,4.297715578717362,0.22228495222078215,1
0.24641428571429053,192,-2.359699059232381,1.4931563575121907,0.28941367074359936,1
0.24988571428571862,193,-2.5962987447546655,1.9851256739981624,0.29255866867306524,1
0.24742142857143432,194,-2.563987482282569,1.137551943594661,0.29259676986223987,1
0.26600000000000534,195,-2.6847817934791944,3.1797463159484387,0.3090636395278107,1
0.2739285714285761,196,-2.48207386054743,1.281211120866818,0.3150182058790324,1
0.2782142857142905,197,-2.218083961153803,1.3778112318997446,0.3191139552481483,1
0.20178571428571956,232,1.5981117521215347,0.8733230944236301,0.3229113313719946,1
0.1590714285714268,267,-1.3806914104968557,1.8702243547516932,0.1669809112430111,1
0.7053499999999998,17,-2.3506985642330323,0.897334399793864,0.8315449891500051,1
0.6499214285714296,20,-2.216069112832476,0.8644669314935073,0.8635191957164093,1
0.4172142857142863,76,-1.049550232209114,4.157379517944057,0.6457474770184436,1
0.44364285714285806,77,-1.1747110521213873,2.123127622354664,0.6593756437177936,1
0.29469285714285476,111,1.3172561909138678,1.7428050387400635,0.3319882446022191,1
0.3119357142857118,112,1.3766047250681848,2.2922176236238823,0.3428442870124417,1
0.3245071428571415,114,1.3527468773953761,1.6847106623411463,0.30711461429266956,1
0.32657857142856983,116,1.095665530152066,0.8950158440610129,0.3279400655951363,1
0.33185000000000286,125,1.1265046593349282,2.009557898102216,0.36896385670732595,1
0.33855000000000196,138,-2.089395227205894,3.303420699917576,0.44372683071634905,1
0.2270642857142897,176,1.1991724707254492,1.9401724523871353,0.3013934171265798,1
0.24188571428571493,200,-1.157214060710359,0.9024039066364206,0.29622106756041866,1
0.24360000000000678,213,1.2029739064763072,1.095325568808149,0.3132611102926846,1
0.24909285714286358,218,2.5639811311285805,0.8537982239823113,0.32440352618963425,1
0.191521428571422,243,1.2488377604968008,1.9864707282291911,0.27327309211297546,1
0.18652142857142248,244,1.6372987966236456,3.6868535660893524,0.27064025769184846,1
0.18580714285713537,245,1.9938757785149244,0.9840602697301095,0.26514486129449866,1
0.18080714285713587,246,2.280552680559093,1.9111332075856766,0.2633458975886298,1
0.1710285714285687,250,1.8566280471272125,1.4164600600119743,0.24194370182025568,1
0.17409999999999773,255,1.2350052140415808,1.3209896842185775,0.2247420043919984,1
0.20686428571428297,265,-1.887256329075843,1.2014551602318722,0.2507185029526515,1
0.5668857142857158,30,-2.4974049117255595,1.9548289004107666,0.728767152124007,1
0.5390285714285719,31,-2.1473398779621795,1.0658745350677823,0.7226382416020616,1
0.3544285714285666,59,1.5678238812656262,0.8468275160307186,0.467078524039641,1
0.24018571428571533,100,-1.5577941278858074,0.8268078268682599,0.3885169710431093,1
0.24062857142857297,101,-2.1020983276121434,1.2101758936313023,0.39709371035362334,1
0.2526357142857165,102,-2.4545833706956963,1.090485416908748,0.37352279975290764,1
0.2601285714285727,104,-2.504749592594207,1.8808443471802636,0.33791011052104797,1
0.24875000000000316,107,-1.8963711198672977,2.4425294798780306,0.2891899106792569,1
0.2780642857142815,124,1.5465007605747945,5.201361201000605,0.3611964432805955,1
0.19287142857143028,176,1.2104440276361155,2.2966153275294254,0.26923121584971976,1
0.1791499999999989,209,-1.261670137921223,1.820181552035032,0.252064959032357,1
0.18841428571428562,210,-1.4157076020786927,1.2207218567113527,0.2441056582089109,1
0.19172857142857172,226,-1.2547811678756302,1.403462286144638,0.2661775396621595,1
0.1664142857142902,238,1.0831956673490337,0.9340510590127009,0.23299213786720294,1
0.165850000000002,241,2.2054930228485454,2.143489697899757,0.24365493480752726,1
0.15762142857142944,248,2.2553385259013154,1.163099914429386,0.22124631913704074,1
0.15432142857142545,250,2.0910154762478084,0.8477494381407311,0.18644528725734097,1
0.14539285714285402,251,1.9919086455121877,1.1602680877083968,0.18554618996974048,1
0.14493571428571222,252,1.779207143081598,0.8204671580435449,0.18993292696172512,1
0.13670714285713967,255,1.3827846246068667,4.263675688381168,0.18824296381031325,1
0.4976071428571426,16,1.5007621644667364,1.0777204196256687,0.4603318783649205,1
0.4363714285714297,18,1.5634668723328973,0.8836950686562506,0.46312902019008595,1
0.4325785714285725,20,1.444059148168701,0.8579193856924456,0.4904829298778997,1
0.8064499999999961,32,1.0185423084700327,1.6034243303795963,0.9034209571159328,1
0.82076428571428,34,2.122330380820166,2.0415950729407353,0.9228945090320777,1
0.8461285714285671,35,2.4307766111744695,1.0652793350418297,0.9316150943118284,1
0.8554142857142811,36,2.573456726097351,1.421320107653121,0.933238226378449,1
0.9179499999999925,38,2.4961347509790586,1.940787840205501,0.9194779120524401,1
0.25826271428571246,111,-1.4881494047172543,1.9922395170750007,0.37747338771379735,1
0.21959285714285467,149,-1.6102636444029885,1.8713033169757622,0.2389230417261155,1
0.22739999999999888,150,-1.6061890999866586,1.463331723432866,0.235487877382277,1
0.18919285714286257,165,-2.1748151871663115,5.251896733132794,0.2188110116310546,1
0.16819285714285165,216,1.9225201153503721,4.97372309579965,0.14969684355129803,1
0.16940714285714112,221,2.6369634200999554,1.65775301333288,0.15235205308858585,1
0.139407142857142,257,1.0452449357746159,0.9059761695670594,0.18473331724724135,1
0.14262857142856994,258,1.7597021267253923,2.358841135056181,0.1917771321962586,1
0.1451285714285697,259,1.8797164073991703,0.9358127962310963,0.19766982080967485,1
0.6239857142857232,15,-1.277764996364731,0.846831403196641,0.8005268959846745,1
0.3626999999999977,45,1.1561274991510113,1.4969472214539665,0.43546481621019983,1
0.27220000000000205,76,-1.175667084520361,1.1641404129677095,0.28753775815589205,1
0.21588571428571462,91,1.8839275982322414,1.2221370679517625,0.26250400291702364,1
0.1954071428571455,126,-2.6833636667328924,1.151869883323517,0.21228755704320265,1
0.20123571428571754,127,-3.5283964109953483,1.1700357730373199,0.21354008322370416,1
0.2030642857142908,132,-2.5621148347216294,0.928791552001098,0.20553779411235637,1
0.13411428571427766,187,-1.9881306554190346,1.3689396386612371,0.18594360029324525,1
0.12367142857142303,188,-2.1878194961430326,0.9037516864775943,0.1859525564891715,1
0.12917142857142697,210,-2.2014658527543896,3.713792958817758,0.1766712218504812,1
0.13666428571428316,211,-2.7778339271648966,3.3531963288418516,0.17578686609379324,1
0.13441428571428357,213,-2.760279657805485,1.0322784812866155,0.17733774455026452,1
0.13717142857142658,214,-2.694195890170247,2.5226604401003434,0.17713222679868765,1
0.13036428571428718,237,1.9890901191150054,1.973409515975641,0.18522798406300717,1
0.14327142857143219,250,-1.3323045765070447,2.675238510361769,0.16482613361795614,1
0.7219642857142888,15,-1.802300489097396,0.9078038174583978,0.495020693306286,1
0.6676714285714321,16,-1.9743341409912152,0.8894122045547036,0.5442202159401784,1
0.33919999999999917,52,2.2012681195430774,0.9110511141040795,0.3707058143872174,1
0.30030714285713805,55,2.307812296265924,0.8577147077102079,0.31985533837921226,1
0.2803071428571379,56,2.292534146605597,1.7239637629515638,0.3130202858751353,1
0.2924642857142804,58,1.9700125213180488,2.6637870148671388,0.332186085326182,1
0.2188428571428582,102,-2.047737241782417,2.9365947586468577,0.33100797708972457,1
0.19632857142857013,106,-2.0002383112613877,1.6612817879218795,0.3300598624924059,1
0.15772857142856975,110,-1.721463026710239,0.8162796692506862,0.32496004553793245,1
0.1591571428571399,111,-1.6187767748862905,0.9050393283149292,0.32533933219794153,1
0.1630857142857118,113,-1.372311555017727,0.8038450819377546,0.31097352684664137,1
0.16952142857142657,114,-1.381460788605875,2.381998208040691,0.30858917787952067,1
0.1630928571428549,115,-1.3886614690986236,2.247477144500772,0.29011813477564025,1
0.16846428571428312,116,-1.5005550501653837,1.3125826684643114,0.2371665236446704,1
0.17631428571428184,117,-1.40032179057939,0.9929012971538996,0.23904250193652055,1
0.18065714285714105,120,-1.0538509947546641,1.0903775658142536,0.23728858940059738,1
0.14911428571428229,165,2.153060224978803,1.077533799985596,0.2144006918888223,1
0.1519571428571384,166,2.5511179162439146,1.4194840296602227,0.2150476841138842,1
0.15817857142856845,169,2.3513478384872912,1.211314768227886,0.212904446531342,1
0.1610285714285697,170,2.1385574890545724,1.359070356553893,0.212613853997265,1
0.16531428571428616,172,2.020158672624666,0.9838075991270541,0.1972594422834798,1
0.15223571428571706,176,1.5201823522136602,0.9440436303367798,0.19464522529201772,1
0.15640000000000295,178,1.5643725901771972,0.8741422575190085,0.194157511485609,1
0.11856428571428523,197,-1.0119588352320936,1.0849227472934369,0.15111379956395432,1
0.13161428571428196,200,-3.0363616389015435,1.6605133881394982,0.16157619187446817,1
0.1425214285714215,207,-1.9797153910772833,0.8252036377240871,0.16793674576485265,1
0.15109285714284834,208,-1.4777797038048126,1.063446864605538,0.1835217190815403,1
0.1372571428571417,233,1.0627084589100415,1.1351874768921708,0.1616924242875224,1
0.1305571428571426,235,1.28620034657374,1.2928872418760753,0.1619430842867438,1
0.12474285714285875,238,2.1962428501243463,1.931251914207867,0.14590043341598913,1
0.11760714285714512,239,2.3261995156044413,1.8535114231224983,0.14605969900482085,1
0.12260714285714666,240,2.2283881883699226,2.592028800719734,0.1468461482130134,1
0.1276500000000027,242,1.792090312616397,1.6342400972651343,0.15285226461284004,1
0.12401428571429156,263,-1.5284535709085523,1.1470388990016696,0.16755247199400666,1
0.1390928571428621,264,-1.6364907018503516,2.2163696042026166,0.1745813062279368,1
0.14837857142857405,265,-1.559133090620568,1.1525926254002536,0.18211281797890294,1
0.49805000000000227,15,-1.7500659852272489,1.5352484920398841,0.6771321222687309,1
0.2096928571428549,61,-2.9904720174483685,1.0010279502350428,0.24732612591401282,1
0.21204999999999682,62,-3.059871368252832,1.5507454590323304,0.24839077668869253,1
0.20458571428570696,65,-2.3081898524536344,1.152507689594981,0.26285492217437784,1
0.14631428571428678,106,-1.15951162309599,0.8211996284532077,0.17684594349343022,1
0.15092142857143237,111,-1.3384148735106867,2.682273617548258,0.14202651082070997,1
0.12679285714286184,119,-1.0881436929353918,2.71840947162556,0.1436432189372558,1
0.1567714285714256,133,1.8860376012781066,2.6531227929415504,0.1641644069445583,1
0.14765714285714182,135,3.3138130884388293,0.8161624825946611,0.1619995351702987,1
0.1497642857142856,137,3.1856781850382196,1.210344115141651,0.16223919777738535,1
0.13886428571428514,141,2.284572943844603,1.9812633065492977,0.15169548287141355,1
0.1055642857142861,170,-1.3207959658666577,0.9712026288811594,0.1373506896600634,0
0.10616428571428774,173,-1.6269621995646035,1.5357752487084455,0.13758882786710117,1
0.12027142857143198,175,-2.0506677029755798,1.5380097837204376,0.15496572271863704,1
0.13099285714286119,177,-2.3172136579555653,1.1267955270947683,0.15003419412831256,1
0.13891428571428882,178,-2.221407397957478,1.4595805004977596,0.15764305150418387,1
0.145621428571431,180,-1.8318211420834134,1.0444866291488426,0.16245070217682264,1
0.15812142857143183,181,-1.464695938380471,2.5012566092044564,0.17150036741131786,1
0.16435714285714603,182,-1.056053093268899,0.8084409367548995,0.17797687910266166,1
0.17489999999999992,191,1.5658738782584325,0.8524948712459597,0.20772874832802302,1
0.17561428571428703,192,1.877867908882545,2.2363252441943984,0.21049016068530652,1
0.1810500000000031,194,2.037372065085912,3.7664138840987373,0.21462036428117942,1
0.17077857142857664,198,1.9920781938093801,1.3180610842009772,0.22216522932390886,1
0.16292142857143282,200,1.821406157257091,3.1801838878517135,0.21006979862974448,1
0.09435000000000368,260,-1.799780184682006,2.330594443473018,0.10760544959124657,1
0.09720714285714596,261,-1.8344480453900287,1.2643125594563212,0.11157076593458794,0
0.09539285714286093,265,-2.034129528147297,1.2793670133655264,0.10333245373705109,1
0.0997500000000043,266,-2.169354661445865,0.8667571014317,0.1026875129161891,1
0.09390000000000498,268,-2.151233673644356,1.414041440165441,0.10360390277340716,1
0.7551571428571415,15,1.180800167816601,1.1263437829913185,0.9006970802445344,1
0.3249500000000012,64,1.316080553445603,2.0337900938081392,0.5302195429952404,1
0.30227142857143213,69,2.0709005099590976,1.1064632290075929,0.3616300185332718,1
0.29699285714286006,70,2.4719585379771334,0.88539862628223,0.3572041921991175,1
0.29126428571428725,81,1.4935060997362413,3.0458992234922206,0.3095690248942391,1
0.3044000000000011,82,1.1192683063257722,2.6491091985854363,0.3166005267730587,1
0.27748571428571317,116,-1.3029085220646666,4.198591639612943,0.3201511759050923,1
0.29595000000000077,119,-1.591231596479222,2.3669766808306325,0.3244061469038854,1
0.1416642857142847,165,1.8151065253221395,0.808926175386757,0.22287654083095368,1
0.14594999999999914,166,1.8133592253539057,1.2156620891831662,0.22717930634327518,1
0.1566928571428556,185,-1.4748773666631174,0.8671206654937259,0.17993823312154697,1
0.12110000000000046,209,-1.700275796344017,1.3068303581177503,0.15956550883007875,1
0.12182142857142862,210,-2.2831612118623963,2.054060274336499,0.15217335138053448,1
0.11325000000000175,215,-1.8540971812866898,0.8395854839949768,0.13897126561747983,1
0.12110000000000452,217,-1.1475286461079195,2.0829795038391947,0.132960998034949,1
0.12582142857142944,223,1.0745333527152368,0.8482078156150646,0.15628104227357295,1
0.12794999999999845,234,1.5711916290416368,1.0121311353802993,0.16474873950671318,1
0.13277142857142468,237,1.9070597345996287,1.8866918039058211,0.158643356569898,1
0.12609999999999186,253,1.0457415287560377,3.793134205609711,0.15931942952462116,1
0.11964285714284781,254,1.4398406814203553,1.3772574873415693,0.15838574769401384,1
0.11819999999999757,264,1.9642296159845867,1.072545947586817,0.1464408617577923,1
0.12391428571428216,265,1.6406846140021303,1.8043200291127268,0.14556705816949564,1
0.6316785714285739,15,-2.4871534341620816,1.1188137727483325,0.6850336084590297,1
0.5010357142857101,39,-1.377579524154053,2.0597993922303592,0.6099383170605193,1
0.543857142857137,42,-1.7198840790976608,1.0679958022236897,0.6037240759085151,1
0.48970714285714223,50,2.2917767465075167,1.0989054543784889,0.5956774026857492,1
0.1949142857142801,110,1.2079079677257496,1.2851723328631262,0.24165027018651689,1
0.1946571428571409,113,1.5711448367511314,2.441571748903715,0.24380535954018664,1
0.19071428571429092,119,1.4990348043712725,2.3421405007721243,0.22856564861149672,1
0.18936428571428263,148,-1.0615077434840705,1.7954920412377968,0.27643015154868145,1
0.18472142857142565,149,-1.1743224141376338,1.685719960507676,0.27807864111778896,1
0.18434999999999693,160,2.0682296216895653,1.1420917951125797,0.270482496744386,1
0.14574285714285345,177,-1.0725705781592492,2.60961346538266,0.25026781609962917,1
0.1535999999999973,178,-1.3170836647813762,4.555077315737329,0.21037452990961944,1
0.1423285714285701,186,-1.1074587144269057,1.3690899977779716,0.19165869335660088,1
0.14733707142857252,211,-1.4422950192196866,3.427155111690358,0.1572065540879373,1
0.16380764285714072,214,-3.065446759272518,3.2158969396831547,0.19621927367261222,1
0.185550500000001,216,-2.6036212029720613,1.5390444403397605,0.21702362283077037,1
0.1907219285714287,221,-1.6582505047406708,1.874328116641793,0.22356098310186767,1
0.19628621428571438,223,-1.8145052161918886,1.0673736766665762,0.22524676743038705,1
0.20485764285714328,225,-2.0823405087376146,1.6157413299228474,0.24086116501323204,1
0.2048433571428571,226,-2.004007630308004,1.7775739125755203,0.24791803435109586,1
0.12349285714285989,261,1.7297742187860994,2.356341812323171,0.19936290522367284,1
0.12265714285714628,262,1.9399225654471057,3.1460140555848213,0.1892553800292589,1
0.12087142857143363,263,2.0714064278528665,1.5566563047629431,0.18911455212594813,1
0.32118571428571435,73,-3.085444252626889,1.6806845211055506,0.48680963316183584,1
0.2997999999999986,74,-3.046837419303606,1.0357761592341062,0.4868762856501713,1
0.29385714285714115,76,-2.8157892606230437,0.8885156223524219,0.4512474124039506,1
0.3010071428571389,77,-2.7141134666841795,1.7113682131890657,0.440789579889081,1
0.29327142857142363,82,-1.7487237506955708,1.266427116708961,0.4270705524223972,1
0.21217142857142537,117,2.9632706211080095,1.524287124482486,0.2765390049146183,1
0.21921428571428084,118,2.765524688295115,1.1291512547330886,0.2684848785083918,1
0.19111428571428185,139,-1.4479592906999799,2.3377171268622163,0.2614253768417463,1
0.20398571428571138,140,-1.895635924948709,2.0507500203377385,0.2876914535529393,1
0.2021714285714284,141,-2.0848095981887083,1.9731023875224079,0.286264353876131,1
0.21574285714285882,142,-2.256952736421567,1.4549268391730241,0.2921521472168089,1
0.23945714285714612,145,-1.8773894673854545,1.2153076607860798,0.29941918894060365,1
0.19332142857142895,168,2.37613156084839,2.2954015822308182,0.3278644407592428,1
0.16713571428571022,202,1.17625877518875,0.8322081398030219,0.23050195664776893,1
0.12414285714284899,238,1.0630609569758735,0.8177674466439396,0.1451304866145373,1
0.14709285714284956,242,1.6864463045392806,0.9405784919738822,0.1814292095076828,1
0.159878571428566,244,1.7091118021694442,4.062314707823655,0.18430606238225,1
0.1260428571428593,265,-2.792386566236874,1.606132715685236,0.20355811339174687,1
0.12292142857143062,266,-2.6860979221216352,1.6960714477843077,0.20017949782237393,1
0.44365714285714425,17,1.213196397324037,1.211990139106025,0.4864631244156424,1
0.2269999999999978,98,-1.4487788350102213,2.4102564702176146,0.30094928839312834,0
0.2221285714285699,101,-1.2176135389482605,1.2555466707804277,0.31461889856463066,0
0.22966428571428463,104,-1.4578540218965037,2.444138723826867,0.3017594314641375,0
0.23322142857142783,105,-1.5393610645682205,1.4440659061119223,0.3037042781031564,0
0.23752142857142847,107,-1.9383579912184086,2.0906796503461544,0.3042207802273724,0
0.22726428571428617,111,-2.117801048503067,2.5585658510899276,0.3081527949274127,1
0.23121428571428737,112,-2.4489252259132526,3.829910824726352,0.32209887462505626,1
0.23371428571428712,113,-2.406669692528286,1.8485204004112212,0.3092955674009978,1
0.2401428571428588,114,-2.413140496567527,1.1890720005687312,0.3008660337605535,1
0.2530357142857156,115,-2.3899131979920702,1.9907734667075268,0.2938980371784296,1
0.25946428571428726,116,-2.4028422205494424,1.447639625357556,0.2988234160912949,1
0.26946428571428627,117,-2.313204504609198,2.0510112187443568,0.28665257555909696,1
0.2605428571428559,119,-2.1096379482779954,0.9184653318751692,0.2812826395668885,1
0.25874999999999815,121,-1.9300246299154658,1.3558502667744061,0.28378855758222515,1
0.2699642857142846,122,-1.754349132550905,1.1094587793138817,0.29289094209370525,1
0.17603571428571335,158,1.4305782380954186,1.379136651730258,0.23846345155219417,1
0.1669142857142865,159,1.5151215471975799,1.1988074410967944,0.23657755764839705,1
0.1690571428571437,160,1.4709877147418058,1.4127021594980917,0.21830663204306433,1
0.1402357142857166,190,-2.0408478392618266,2.32313678581785,0.2541246479681361,1
0.14628428571428742,193,-1.61269484494994,5.272705122033156,0.2658068402805994,1
0.11890714285714767,244,-1.6675289941717089,2.385467933155902,0.1469166355008453,1
0.11979285714286293,248,-1.7751007078910284,2.7411515580554946,0.13519177358793663,1
0.11831428571429115,250,-1.1479140248469892,3.276324676297004,0.14249962033467842,1
0.14837142857143096,255,-1.3524569937595783,3.675534716896444,0.15933817627067576,1
0.15962857142857395,257,-1.4545646931769796,1.2464690063301902,0.1732305839498386,1
0.18300714285714395,261,2.3999189252939495,1.8184686561825263,0.2004848902246064,1
0.19764285714285482,266,1.7854342294200616,0.832778168583073,0.2162348033313137,1
0.265507142857144,65,1.063456730834746,1.7402163428235722,0.2921764501608164,1
0.22406428571429363,104,-2.4905150583144797,1.5345919678894537,0.3154852694961673,1
0.14692857142857058,140,-1.1266419968659327,1.0798918026601103,0.2621679436632476,1
0.17188571428571567,180,1.0319104164434563,1.2965497446876375,0.21895602000834777,1
0.15645714285714366,186,1.0691307793827292,1.0976462394868165,0.22015566842852194,1
0.1205571428571395,195,1.306687260124711,1.5121382993301067,0.2142506018675277,1
0.1177285714285696,196,1.4974438569053312,0.9776331304026942,0.21361077717402982,1
0.12957142857142603,198,3.126991994892955,3.5077885864772504,0.20857530245807362,1
0.12814285714285592,199,3.151433500267734,1.0670550502158431,0.20863391265286985,1
0.12242142857142621,200,3.0118907757802966,1.2253479264800207,0.20724954873186385,1
0.1299214285714275,201,2.40486302066536,3.2781476240593794,0.20190771443638858,1
0.14673571428571716,208,-1.1453841030993932,1.044294730639955,0.16384027511679275,1
0.14320000000000327,209,-1.976054922087998,0.8597583588738917,0.16384027511679275,1
0.1444714285714294,217,-1.1382305623347195,1.6766479176820364,0.16579945425816825,1
0.11422142857142806,246,1.5632708856255157,0.8255530176657134,0.14123171589856978,1
0.13318571428571196,250,1.7578973026743208,3.6320249487239398,0.15930843409943612,1
0.13354285714285652,251,2.081862205106045,1.6616776144537428,0.15820407822050234,1
0.14068571428571527,252,1.954840180773701,2.0339364294312103,0.15977318472281468,1
0.13997142857143022,253,1.8682334643623126,2.7342714569975706,0.145869428710192,1
0.14172142857142944,255,1.5296958122544764,0.8622563502071792,0.1491499361654259,1
0.14642142857142307,260,2.0682753765159982,2.5583627209119624,0.16294336692704553,1
0.13535714285713749,262,2.1894587375719348,1.218635786416076,0.16805876550375173,1
0.3412999999999978,89,1.260171308889462,1.646941664112572,0.5384599861531837,1
0.2690142857142896,117,2.0113686097471346,1.4299016604482575,0.4285758680784616,0
0.26327142857143265,123,1.812783875142499,1.838215190274004,0.4006796514053806,1
0.2563785714285761,127,1.9090088213026035,1.6825938279948776,0.37407567508752476,1
0.2621428571428583,132,1.8343794106433424,2.037325482512641,0.33761251354042665,1
0.24276428571428305,135,1.4293172524307296,1.8235553400568387,0.3664956703748582,1
0.25847857142856867,136,1.0525651990007936,0.993744829542054,0.37494750813848615,1
0.2093571428571376,171,-3.0218326228511745,1.4128526929981935,0.2998618335329866,1
0.19354285714285677,185,-1.7416524685774941,1.6736957389566947,0.27848677206444444,1
0.1860214285714282,187,-1.6137630158375258,2.9673713863993703,0.2730686083812104,1
0.19347857142857094,188,-1.4003397672027453,0.9569784689546235,0.26088421718928323,1
0.18850714285714382,189,-1.1460623081132715,1.6716044113877826,0.26955945936820497,1
0.18118571428571378,223,-1.0048457762782297,1.0611326634318867,0.28244428438542846,1
0.2161214285714286,231,-1.0215654941529353,2.2354294956350733,0.2699931331404838,0
0.2103428571428562,232,-1.9390573913150009,0.971502775811431,0.2682566193281648,0
0.20965714285713943,236,-2.6609837136207926,1.514810260489366,0.2566830703761534,0
0.2099499999999941,237,-2.9005992286804734,2.452615674102166,0.26919108791214386,0
0.20689285714285127,238,-2.877524456608754,2.2404389166254974,0.26587491453964324,0
0.2052785714285668,239,-2.7910183344290886,0.9591259264056606,0.26576069374351524,0
0.20670714285713693,240,-2.681494397038585,2.328787360169844,0.2658709008716464,1
0.16964285714284902,246,-1.7926395818595426,2.7815888813734375,0.25598180672135284,1
0.1882785714285648,247,-1.8559899317707884,2.5089387336789013,0.28310499920683496,1
0.18756428571427972,248,-1.762312988427942,2.1114747327582895,0.2865304163371218,1
0.17804285714285178,251,-1.5746631361510541,2.469129187379208,0.29490079005380004,1
0.18750714285713702,252,-1.5741417569290475,3.2526534382937053,0.2941540365969282,1
0.2999571428571386,53,2.676040131054745,1.1631785865796167,0.4837188244048668,0
0.3040428571428545,56,2.6942688144872036,1.082077168422332,0.48975165575045226,1
0.28316428571428226,58,2.605778203217147,0.9818885601834129,0.4449358046662106,1
0.2789142857142833,59,2.472896359841839,1.0947643258900603,0.43901229702117106,1
0.2959999999999984,61,2.1350675528261975,3.456208704923983,0.41039431625283257,1
0.2992142857142852,62,1.9974985727478327,1.0809687077621308,0.39126139812621324,1
0.30707142857142905,64,1.8510606232663311,1.3150266474312682,0.40103029366299636,1
0.30983571428571316,65,1.8222374584824819,0.992401555454654,0.34631886529703493,1
0.31133571428571216,66,1.7354887628585076,1.898569247314117,0.34906824840795175,1
0.3069714285714298,68,1.6581256480249607,1.7033469647350934,0.3609693221417304,1
0.3074214285714305,72,1.1584125940709957,1.1285247684579005,0.35733052927062614,1
0.16047857142857375,137,-3.1200939141144506,3.071619787484057,0.22444678071106489,1
0.15497142857142876,140,-2.3355980135017322,0.9219854677516415,0.21303940838050392,0
0.13847142857142508,150,-1.1097115396946204,1.9746892907243634,0.19763180568681316,1
0.1043571428571458,165,1.2960040653644553,1.1629548603683748,0.1666147988720436,1
0.11147857142857122,180,2.4343182215391677,0.9634266597933935,0.12814841158077553,1
0.13197142857142655,228,-1.2197137171941281,2.504355521081314,0.1749425254497341,1
0.131614285714284,229,-1.9592952108813804,1.8604399575609951,0.1684643072585734,1
0.11950714285714119,231,-2.355237819204343,1.2835501023100142,0.16298607097142812,1
0.12486428571428528,232,-2.272463576436249,1.5987234062951072,0.16241440126736656,1
0.1160357142857131,235,-1.0315994916271618,3.2991543354682435,0.16447799320839981,1
0.10641428571428387,242,2.424866919637007,0.971777416398732,0.1511696523737369,0
0.10222357142856506,261,1.0118962696943055,1.4918908715875356,0.12885175635889512,0
0.3945642857142876,33,-1.1778346051174373,1.1202871774131675,0.6201864099274316,1
0.2785428571428546,52,1.3118767173876151,0.863909719310423,0.49441100989357856,1
0.2741999999999974,65,-2.451259893225648,1.5960076201679108,0.32236065700083794,1
0.274164285714284,66,-2.652099486304171,1.6242717249982872,0.3130648622972905,1
0.1903214285714268,90,1.866380982300253,2.6230179029015104,0.27178665128793733,1
0.1916571428571428,95,1.1393323718101975,3.486094277171237,0.2291986379041694,1
0.15549285714285638,150,1.1943186028879136,2.130854152344209,0.20086638324641942,0
0.1895642857142832,153,2.4166547673125662,1.6216427525293484,0.25826134641348275,1
0.19007142857142462,154,2.667050285036245,2.254650553580118,0.25835614447764993,1
0.1868428571428536,156,2.5980997211285093,1.627903357838566,0.2581872146327628,1
0.19195714285713855,158,2.240519274110759,2.7765537358041175,0.25344395735735314,1
0.20386428571427878,159,2.2115562931395836,1.8866715540259613,0.2548053636384053,1
0.2027999999999943,160,2.1975105271950306,2.2682313465193875,0.2450369305129082,1
0.17882142857142874,168,1.1937185561453338,2.7476629145912495,0.2689553156605902,1
0.10393571428571136,204,-1.0782980898237395,1.4501238817459299,0.14544952043761974,1
0.11708571428571547,215,1.7832354190951054,2.53131624465389,0.131124930723815,1
0.11687857142857183,216,2.053777347382893,3.406239644024093,0.12408543121433893,1
0.12759285714285795,217,2.05395821005067,1.7514294020544725,0.12842074122962904,1
0.13409999999999758,227,1.037906536021026,1.27807833533564,0.14272439924884164,1
0.13659999999999936,229,1.0452491649231221,1.8268878362926446,0.15578068767101483,1
0.127521428571427,231,1.3459708626898996,3.266930661900221,0.1614944299675901,1
0.1303785714285693,232,1.4052837336165116,2.05621988354574,0.16133971157984217,1
0.14496428571428868,251,-1.892245323481019,0.9214240006559892,0.20203553662688878,1
0.25269285714286127,106,-1.761625921497609,1.8069680145952671,0.3633792431731503,1
0.2720000000000035,108,-3.049712835103579,1.0504563491970291,0.37422216656429214,1
0.2669928571428589,109,-3.0458619128059077,1.2726576534247134,0.3660832778723487,1
0.2663142857142873,113,-2.108878101990577,1.5305087637797505,0.3484918686370828,1
0.18942857142857047,163,-1.2473988921480446,0.8183337156376594,0.23761443860198914,1
0.1980714285714303,166,-1.394507974131219,4.2205144717989675,0.24298007581723607,1
0.20200000000000223,167,-1.3851726984883894,4.127795501149617,0.24477118401113543,1
0.15429285714285917,222,-1.269292554537318,0.9731553024328419,0.24668428033410222,1
0.1505500000000016,228,1.6737603324462385,1.6164275718328136,0.1881268381631108,0
0.15818571428571765,231,1.837263349039776,0.8934166862086989,0.20022606327315487,0
0.1647714285714313,233,1.3571695879642869,1.1613390886068538,0.20118258733537772,0
0.17441428571428982,234,1.6613953796248098,1.5359792321555692,0.203891418990121,0
0.17155714285714754,236,1.846347979856129,1.521137700518166,0.2035013449779391,0
0.17905714285714883,238,2.3737386188817426,2.6036069106095763,0.20284483807532852,1
0.19287142857143635,239,2.80374037360314,3.3147236478209274,0.21485432233096552,1
0.2025142857142908,240,3.038678908763791,3.2094588608667167,0.2205104990109561,1
0.20867857142857613,241,2.8040104436261553,2.637768912288198,0.22223959316167202,1
0.21012142857143243,242,2.721447126825986,1.1838386329919246,0.22044768522022334,1
0.21324285714285907,243,2.721321849021838,2.2745201545654736,0.21570402267576352,1
0.20574285714285775,245,2.5424206017578643,2.0211453791982406,0.22185585355201426,1
0.3315071428571465,40,1.298806661453525,2.037851293488985,0.3617380610816954,1
0.1910571428571432,85,-1.039508207273654,1.6491376522418233,0.2519936120319552,1
0.20772142857142586,88,-1.6074842993189336,0.9782405341492445,0.24435550231676723,1
0.2023071428571431,90,-1.1005943836029914,1.291697725174228,0.25139700264328324,1
0.1574499999999972,159,2.918829382650403,0.836508465206632,0.19949539234644528,1
0.1628142857142864,161,2.8806915214939903,1.9495022194236513,0.20067487908696763,1
0.16694285714285886,166,2.0437345860162526,3.329118774607373,0.1965269309194714,1
0.15398571428571423,198,-1.6067477908914625,2.038104319644851,0.21792154473712627,1
0.1182928571428578,224,1.9307007756317032,2.489436896632372,0.14206764758597415,1
0.13460000000000605,256,-2.0012988510480993,3.3515332547709136,0.14787608454545903,1
0.13450000000000475,257,-2.37262194064928,1.1527632701888102,0.14942994197977624,1
0.14700000000000354,258,-2.8305571523834874,3.3480827343720656,0.16083681163968847,1
0.14917142857143112,260,-2.5916038455531276,1.263139837968611,0.17025336838075203,1
0.1503714285714344,264,-1.242190609560973,1.0844941889967668,0.16877915169618093,1
0.33324285714285345,28,-1.4975364619883258,0.9310827519784552,0.49262181886764445,1
0.2724285714285689,42,1.7495326326220235,0.8919462032153093,0.363210460900511,0
0.24121428571428843,51,1.3851201357495149,0.9391835270572739,0.3168532357259645,0
0.19893571428571427,59,1.6735320124974074,1.4359768882262165,0.30177500110254746,0
0.18865714285714677,79,2.0362177139556774,1.2879443358029918,0.24251186119531015,0
0.1936500000000052,80,2.4864207514011047,2.097419983917665,0.24085422489982986,0
0.189700000000004,81,2.770814560933768,0.9281509600435467,0.24103359381677458,0
0.1954142857142886,82,2.817942061584146,2.431926043760771,0.23952129773627684,0
0.2027500000000028,84,3.073798423720326,2.076501504664963,0.27375397490524167,1
0.21846428571428841,85,2.7170631582026825,1.952478995372868,0.30505853337931854,1
0.23647857142857528,86,2.5564683315268533,0.9354870783866802,0.31161262463339323,1
0.24862857142857667,87,2.3705289850562665,1.1538495189167919,0.29904049823527257,1
0.26220000000000504,88,2.3741805299891223,1.5169758366758124,0.31434083797337037,1
0.26997857142857484,89,2.3083049550097545,1.3298945698434257,0.3132760078286629,1
0.28890714285714736,91,2.267647248479214,2.4225676722261684,0.3089542310781563,1
0.3131928571428598,92,2.0061707060925515,2.609366643788114,0.34152691907448607,1
0.16634285714286332,159,1.3558787499516503,2.369138840123754,0.2559469410274283,0
0.18330000000000876,161,2.510950974554719,1.0216099073505758,0.2688678078078752,0
0.18901428571429335,162,2.979298774036781,3.7888946560670087,0.2638575524344185,0
0.19580000000000755,163,3.157701947539877,2.4148224490808614,0.2707866276864534,1
0.2096500000000065,165,2.954820065370747,2.9108439579721344,0.2871043085857014,1
0.2182285714285785,166,2.765238583260747,2.4354307317051616,0.2825844460610153,1
0.22938571428572022,167,2.456146272985719,0.9672070208944539,0.29148439118579167,1
0.25117142857143293,168,2.323662306429287,1.4982265079300463,0.2895219525867305,1
0.2456357142857176,169,2.133565599730173,0.901483546224784,0.2903197336246273,1
0.2606357142857182,170,2.0456831620505618,1.5656655531628596,0.2974434278417595,1
0.28563571428571777,171,2.012611035074495,2.922498331722253,0.3039182141515427,1
0.27992142857143115,172,1.8767351969395543,1.4608205197040425,0.3098906744484552,1
0.2924928571428609,174,1.7117014179482888,1.3305247756860847,0.29333905015478745,1
0.28677857142857427,175,1.5577702782694325,1.1017276206799391,0.3018727130240422,1
0.14882857142857273,250,-1.3041301173316648,1.2166945685605135,0.1729767662425184,1
0.2828214285714239,30,1.3004501732597067,2.3263879801213383,0.4581212467288679,1
0.2979071428571416,41,-1.4250857795809841,1.8811612237248247,0.41973959697742635,1
0.2828857142857138,45,-1.8420467055177827,1.320593572409578,0.3925656955195778,1
0.27701428571428316,58,1.6806151835740333,1.2215613098693023,0.39760991774181714,1
0.26929999999999915,60,1.8632821525327299,1.2009328763192941,0.3839633634640211,1
0.27787857142857114,61,2.075749763303445,1.3954767431768036,0.4058850037548499,1
0.27394285714285616,64,2.1865440595043926,2.249728170528193,0.41439849983077176,1
0.2764142857142896,74,1.3974837861135139,0.8980451672022259,0.3707806077890295,1
0.19471428571428565,106,1.3615851201284497,2.514445011565887,0.2832852436746417,1
0.20523571428571227,107,1.6947716701951534,0.910503502168041,0.2858080485637407,1
0.21166428571428395,110,1.412124443978005,1.064679401460337,0.1907521748255361,1
0.2180928571428536,111,1.1256825854724808,0.8945802147661415,0.19104698872357054,1
0.16698571428571743,139,1.146216229976937,3.602348776529861,0.26283040536601393,1
0.1656214285714331,140,1.4319828249056785,2.0172448887394285,0.2640813856678686,1
0.17776428571428937,141,1.8942973376161631,1.007471250272256,0.2681115367731199,1
0.16117857142857264,167,-1.0210943318170775,0.8027090125201607,0.2431780879217764,1
0.11761428571428414,197,1.5793707767098404,1.7257189191965718,0.1729176572017749,0
0.12247857142856892,205,1.3754837019274688,1.3358534324287619,0.15241528103538832,1
0.12316428571428364,206,1.414628150171977,1.5245339058369636,0.1505506142195834,1
0.12915714285714483,217,1.6604492707045824,1.5876674989588262,0.15473233472177106,1
0.13870714285714314,219,1.3492781843147945,0.8436845597022389,0.16770553821639814,1
0.1443499999999968,227,-1.5336114027289407,1.539415371672527,0.17614934215486439,1
0.13312857142856518,237,-1.6901899764848216,1.4667539312731095,0.17894732132442875,1
0.11649285714285895,256,-1.2205143180291071,2.1176599970731496,0.15940767121377847,1
0.14335000000000417,261,1.5707290897615438,1.9097700003239428,0.18076444121997318,1
0.14437857142857524,262,2.5422109756481155,1.5041151127351409,0.18107800472442417,1
0.142942857142862,263,2.9767036434249383,2.3435039185267885,0.18085666865066313,1
0.3172857142857128,41,2.4274481317704635,1.637379874544193,0.3421739329343849,1
0.2558142857142879,47,1.7005943707670663,1.0851083643660078,0.3318890357550041,1
0.1705357142857155,97,1.8197650562502719,1.1086248631380553,0.23927585532232185,1
0.14610714285714113,123,1.4658306491269157,2.513533929800778,0.21006090079096054,1
0.12379285714285361,138,-1.9278048256006046,2.9689704017100036,0.19140760581022992,1
0.12443571428571179,139,-2.6069499058608407,0.9359936968820088,0.19155286440359026,1
0.13059285714285604,141,-2.990565144478506,3.3647500938840604,0.19142194546637778,1
0.13255000000000092,142,-2.8116452544974995,0.8588993767270231,0.17647862728531769,1
0.14475714285714503,143,-2.3026111053921188,1.9486345073289153,0.1853832401054385,1
0.14219285714286148,149,-1.596335598291646,0.87377356542814,0.1788773732928445,1
0.13351428571429227,151,-1.2447267019299555,1.0900368220578367,0.18291340380007132,1
0.14422857142857634,153,-1.4362644956694115,1.4596438138651768,0.1960697648938762,1
0.14655714285714794,164,2.2029196114105125,2.3391237250843067,0.20243337386009475,1
0.1267642857142793,180,1.5027868743129809,0.9987233129173045,0.16684678717073048,1
0.12089285714285682,208,1.25790294824772,0.8611312271096995,0.14904263338518578,1
0.10929285714285746,225,-1.9419500151920577,1.2595350453141605,0.15844232516793172,1
0.09417857142857144,252,2.4320629512301464,0.979938752940818,0.13411792727858526,1
0.09775000000000082,253,2.6295700380937097,2.10456695197031,0.13332320241735549,1
0.10418571428571559,254,2.540595069186741,3.2303789932105618,0.13395814153084346,1
0.4933928571428571,15,1.3444430266971457,0.845664644968203,0.508117846940134,1
0.49482142857142924,16,1.8440147034133936,1.0039605576062016,0.5306423661343701,1
0.5055285714285722,17,2.358528688281349,1.4139380403198103,0.5521828617779169,1
0.4844071428571429,19,2.5792489486876082,1.033964803620035,0.5471366044069215,1
0.48323571428571405,20,2.5439654698531817,1.7121290792933452,0.5467255835087925,1
0.24605714285714392,60,-1.1585757374546877,1.6861159971215225,0.2882176562664164,1
0.22205000000000805,80,-1.8592247821173316,3.5633489719796625,0.2632508963975844,1
0.22312142857143563,81,-1.994523296742022,1.9676542283077465,0.24564919250713593,1
0.2263714285714339,82,-2.071602233403343,1.1434927585361858,0.23420540436474072,1
0.20957857142857556,84,-1.855595927861751,1.0136597048437372,0.23662042944395445,1
0.22472142857143393,86,-1.5146831478277352,1.5196155160235545,0.2522045157225825,1
0.16248571428571218,100,1.790412894249999,0.9219936226314354,0.23733273481303316,0
0.12560000000000368,131,1.7150181444779498,2.251938235351418,0.184873091720164,1
0.12845000000000287,132,2.175174573151605,3.4944488266520124,0.18115874608881674,1
0.13499285714285797,133,2.4578151209068437,1.4346599273967617,0.17872763241756814,1
0.1371357142857152,134,2.2017986849566182,1.1721512521342827,0.18924477592331215,1
0.14320714285714434,135,1.7685285249467153,1.097762197763382,0.18994524146330521,1
0.1760214285714292,138,-2.163217904184002,1.3799090518537107,0.2303406856095902,1
0.17674285714285531,140,-2.9952085694454356,1.4546317380380107,0.22564377515824968,1
0.1825071428571436,144,-2.304651031370574,1.389291543149432,0.22383435428661508,1
0.11197142857143254,177,2.3088277440347538,1.8204083587007809,0.1555410443625097,1
0.1250071428571431,181,1.4609519791401568,1.0961756938816405,0.17034660029374005,1
0.1314285714285737,182,1.1966173829526816,0.9579928506084094,0.16556035184423468,1
0.14731428571428345,191,-1.116150415545203,1.5079705251155298,0.16910030448265354,1
0.11911428571428725,214,1.3491566049201293,2.3231177123613085,0.16795009175103542,1
0.10552142857142753,242,2.2959223468261434,0.8629708048863471,0.17698400405303524,1
0.11345714285714743,249,2.074419076854392,1.0501913813081076,0.14146304305403476,1
0.1154000000000041,250,2.0553876335258354,1.8028889120130391,0.13052936689129366,1
0.12705714285714415,252,1.8956472764871806,2.4431720713452427,0.14053867717313448,1
0.13277142857143076,253,1.6447207841178104,1.095713572750848,0.15281001415120352,1
0.1390357142857133,269,-1.3268237942395884,3.282325103597788,0.17631835254026118,1
0.2740357142857164,96,-1.6000763392916773,2.3461105309286974,0.2947304242737487,1
0.2589785714285731,106,1.6579200553950812,3.7300094366642287,0.2894752319222432,1
0.25367142857142866,108,2.9845393076887037,2.011823206441655,0.30246891112663526,1
0.1969857142857145,146,1.35553470824116,1.372664708021882,0.23813626024417123,1
0.21091428571428747,147,1.893463119665351,0.9015058871414519,0.24391058469834465,1
0.21011428571428528,151,1.8820391283756817,1.5759462214075626,0.21300339505967553,1
0.11688571428571493,198,1.0120305536686152,2.33769115377227,0.177170807569725,1
0.11938571428571468,199,1.8194566156644572,2.0778892365793404,0.18207744174689547,1
0.12159285714285772,201,2.4626464839377458,1.224812377957256,0.16433817266688228,1
0.13865714285714553,206,1.6252564157340543,0.861284350668431,0.17316821675718091,1
0.17791428571428622,215,1.3588751357434117,1.2284439721137648,0.21955531320276064,1
0.18968571428571174,218,1.812536202259759,2.5329996789590417,0.22455715229792858,1
0.18682857142856943,220,1.8738129817115756,1.356348048558683,0.22044139535644608,1
0.18867857142856792,221,1.9387626412259582,1.2540541693524665,0.22183027884373727,1
0.19547142857142522,222,1.7804374610030684,1.4763439587350555,0.22875138903830605,1
0.19655714285714307,251,-2.0548344593749794,1.489787430417926,0.26133035801399207,1
0.20791428571428533,252,-1.9812795830966945,2.509383841083594,0.27309520170445517,1
0.21177142857143444,264,1.0103110149387553,2.241770328345089,0.2648205948223357,0
0.19148571428572073,266,1.7130351590269124,2.591665866382013,0.2636744523005522,0
0.3260285714285739,52,2.006087417293173,3.1668713161028967,0.4182298078160736,1
0.33265714285714615,53,2.3906370434264863,2.4488975469616796,0.40316189934427177,1
0.3469428571428535,61,1.746717729571722,1.3296808517336436,0.38518303019972516,1
0.3381142857142813,65,1.5213593995978072,2.7525752420702823,0.406804806077319,1
0.30641150000000195,77,-2.2568349071795977,1.145232941544429,0.42052243226433633,0
0.32293292857143285,82,-2.5601516438336267,1.102472206151745,0.4261336292676045,0
0.2884428571428564,121,-1.0920361359385107,1.4091537688842692,0.3571046717358314,1
0.29987857142857066,122,-1.8508292852947958,1.1279536675221782,0.3462981564239322,1
0.3241714285714283,125,-2.407467749236241,2.104015640609934,0.34166047489210605,1
0.1602857142857163,177,1.3853706712679235,2.0277063156913218,0.24899892339961033,1
0.12300714285713964,196,-2.062344258438706,1.3961797584928743,0.19288749168137184,1
0.11634285714286209,208,-1.074252841908242,5.234052254120598,0.14639120321745172,1
0.09972142857141973,260,-2.5299692435844965,0.9399694633553288,0.17026019995431904,1
0.09667857142856308,261,-2.7335349932979547,0.9248381884209653,0.16945044297560116,1
0.09739285714284815,262,-2.5466356497275844,1.116545776948337,0.1638514264852337,1
0.08945714285713231,265,-1.7571890490787974,0.9648853963536473,0.16162650569139986,1
0.32864999999999817,36,-2.1797066142942487,0.9034544792830067,0.5467379915420438,1
0.27472857142857016,59,-1.6319826729448856,1.2589579029181615,0.4226926131287302,1
0.2236500000000023,89,1.4875198246337646,2.855676722666287,0.3023598758756912,1
0.23934285714285863,91,2.3004929170671478,4.192290445901514,0.3204082750697177,1
0.26367857142857076,92,2.173294704534198,0.953047823318243,0.3555576080935102,1
0.20736428571428128,121,-1.767657824215428,1.1441025232967856,0.3065889325518434,1
0.19429285714285324,125,-2.4932054513615527,2.4466372838167283,0.25899195301670075,1
0.20098571428571127,126,-2.456561556014499,2.3795190805750948,0.25858283173540264,1
0.1983857142857143,152,2.26197543038655,2.042521286647821,0.26277258474360576,1
0.27695714285714246,153,2.0854894761541565,5.165646149097379,0.2628424732199439,1
0.2973142857142851,154,2.072871113354035,0.8699921829928927,0.2604004624740612,1
0.3013285714285721,157,1.8269063878036256,1.0916595150175765,0.2617799494339732,1
0.34240714285714496,159,2.419823755077278,1.0675728374878928,0.30075419854212443,1
0.3531214285714311,160,2.732129261099491,0.8165553988856199,0.3047818691458262,1
0.443642857142856,176,-2.9291428397663752,1.9648186829178256,0.5143724716722402,1
0.4750714285714293,177,-2.849952581824835,0.983064319177358,0.5149292159227759,1
0.2219071428571482,206,2.0931853625192933,0.9702359700827511,0.33493748408128576,1
0.23047857142857708,207,2.0108824292320526,1.6005512287139154,0.3347670280306065,1
0.16597142857142444,262,-1.8849438019568954,1.2015774817028153,0.18630341324865446,1
0.1325928571428534,267,-1.7232607396821908,0.9995551532908405,0.19151587249815746,1
0.23477142857143057,49,1.1431846938163257,2.754143826953545,0.37081814786774697,1
0.24232857142857053,79,1.3270450340579565,2.0043792530223743,0.36644494089025687,1
0.2508999999999974,80,1.4634313365112062,1.6305875074307903,0.300521779517185,1
0.2413285714285698,81,1.5513461477477537,1.4434664164703592,0.3005518622651212,1
0.2653785714285683,82,1.196034962490243,2.167989442542416,0.3447524593142503,1
0.17200714285714014,130,-1.4366286758176734,1.4385249826092537,0.26520515407593925,1
0.1372714285714299,173,-1.7766013737090824,1.1298241533979139,0.18908955603999988,1
0.1373928571428544,185,-1.5916210700055284,1.7163783380394617,0.18415399337421023,1
0.17957142857142522,195,1.4804424599705717,3.5052222595958966,0.20021319348131594,1
0.1818214285714248,198,1.9226655222340479,3.5989246336277674,0.206302630407037,1
0.196321428571425,199,2.347036268894426,4.506038674003673,0.25643938253484927,1
0.2098928571428534,200,2.485437842215142,2.8724038632119377,0.25612734882140925,1
0.2084714285714264,201,2.5627971117400046,1.250680039856217,0.25207977883684374,1
0.2376714285714233,202,2.270615957725555,1.4734000862137155,0.2882577921322235,1
0.1625000000000004,237,-2.257239332722576,1.1504347419106118,0.2000800809213731,0
0.16572857142857142,238,-2.372830870454964,1.2557565521831198,0.1999908336280208,0
0.18279285714285518,240,-2.393278979820304,2.294612502687731,0.20320906455390572,0
0.18422142857142937,241,-2.37003996871757,1.7754456261131226,0.2014641056372337,0
0.2102571428571411,245,-2.0417769494776263,3.9005307035917367,0.21942257737369408,0
0.23022142857142974,246,-2.213196047748335,3.2670644965179068,0.2524068998443605,1
0.24231428571428434,247,-2.174333401037149,2.5093308309434383,0.25121007509474513,1
0.2737428571428556,249,-2.1592898242196013,3.4094207993428642,0.26176711468338515,1
0.2908785714285703,250,-2.1929962912917804,1.9075732523297335,0.25019328035914024,1
0.3159071428571423,251,-2.291194278011802,1.9808826681175418,0.2799825679593413,1
0.3501857142857127,252,-2.1659621002121794,1.2097948969119083,0.3093366804695463,1
0.38375714285714124,254,-1.884876444613396,0.9009835176488912,0.3439328751796176,1
0.32135714285714456,265,1.2152651744375274,2.0419448781472647,0.4212108293088176,1
0.20812142857142898,74,2.3534384629705096,0.8022377297511053,0.27122124517008783,1
0.21126428571428693,76,2.2485256914685237,0.8121485005480531,0.27943297822052454,1
0.2098214285714306,77,2.19794380332874,1.0570818454180875,0.27872753304860126,1
0.18328571428571447,117,1.7098868585068632,3.5928921036493264,0.27402100203194013,1
0.2073571428571443,142,-2.4189760764966772,0.8546678821525683,0.28144419198730497,0
0.24675000000000377,146,-2.0176845628158495,2.504422373102309,0.3061821918762101,0
0.24168571428571642,147,-1.9444565854849343,1.2724220037892993,0.3113026322632253,0
0.2616857142857124,149,-1.8207017211725265,1.1401080570842035,0.3073872569015838,1
0.27940714285714463,156,-1.0447366964820415,0.811405495233883,0.29340536007458434,1
0.28287857142857475,157,-1.1036143023339584,1.8360480731545572,0.2866997259336561,1
0.2988571428571447,158,-1.2309936300869786,1.2483691522941536,0.2919656539588819,1
0.30322142857142914,159,-1.4087776984732738,2.491913396870433,0.29120181679892243,1
0.30679285714285853,161,-1.700938000643751,1.6837552230197999,0.30092479085923063,1
0.31536428571428743,163,-1.6692885909274562,1.2821532104244495,0.322057586618873,1
0.13941428571428308,211,1.7047397522275711,2.503229642730526,0.16617598845918613,0
0.1383428571428555,212,1.9523244639542054,1.0139876982519045,0.166224802740412,0
0.14655714285714186,213,1.7766346289024106,1.3787429878913495,0.1687086008681582,0
0.1587357142857156,218,2.0860791824287293,2.2905804710677153,0.17312559185814183,1
0.15408571428571552,219,2.6395658610385966,0.9822503840152109,0.17338767018299692,1
0.16410000000000075,220,3.1076290889054308,2.53091676204885,0.179628669968801,1
0.16624285714285594,221,3.0897912310846327,1.1390652513434167,0.16804811853319374,1
0.18217142857142424,223,2.464063480824156,2.382932182543621,0.16973568098827732,1
0.18083571428570824,224,1.9460534590737966,0.8458535773272515,0.17521846123878992,1
0.15260000000000268,257,-2.5873307594042747,0.8070733979258693,0.16680946198522945,1
0.2521071428571438,72,-1.1181726849184832,0.867333286109935,0.33244176727116254,1
0.20143185714285647,92,-2.143233985469588,0.9193752401781287,0.271554130767009,1
0.20388185714285864,97,-2.494635342708128,2.4912667197487703,0.2797825051095339,1
0.20063900000000143,99,-2.350692059341819,1.5662927593068863,0.27767810495206197,1
0.22616042857142662,101,-1.3922739808683278,2.1501929643590123,0.32741255374790557,1
0.20530000000000218,124,1.3659011699829289,1.7271683601906709,0.3419665343219353,0
0.2181071428571479,130,2.5178774846609886,1.4805625271724026,0.32228557453264695,1
0.2256071428571492,131,2.422116925203243,1.639070918729846,0.2530735242125571,1
0.2362071428571499,133,1.9727674628088367,2.2425487515365226,0.24907951419638938,1
0.20234999999999762,160,-2.325770731462785,1.011457228628114,0.23478785376317993,1
0.18997857142857047,172,-1.131229290358446,1.1493091852513997,0.23655209694924756,1
0.21588571428571665,183,1.555141870644999,3.9140761777928557,0.2953769007973708,1
0.1820357142857156,190,1.1724284483491574,2.156907487501057,0.28542806442554647,0
0.19920000000000268,191,1.0638234458189062,2.08760656432937,0.29153623996586486,1
0.2138428571428587,192,1.2322479852467332,2.1401530535938242,0.3034439448604683,1
0.203164285714286,195,1.518749117924837,2.7701065535071554,0.30287200327612107,1
0.21697857142857555,200,1.192231888920565,0.8194767950204478,0.31983492219775667,1
0.2094180714285707,226,-2.5443831401040558,2.387047406009023,0.2516120325114192,0
0.1983357142857167,264,1.0948992043380383,1.2750995954071593,0.27841524748786156,1
0.3499499999999967,36,-1.4194336569949935,1.2432660756985487,0.5064233198396987,1
0.32637142857142415,37,-1.7119199533087481,0.996563219394641,0.5050516470325619,1
0.36184285714285686,43,-1.4209512886191453,1.2320042917476464,0.4712840340943571,1
0.30373571428571366,57,-1.5081303751723234,1.8915192394609606,0.3860063989301384,1
0.28977857142857033,70,1.6148555314114128,0.8212798729093785,0.34469606327915037,1
0.2692500000000016,98,-1.135606205458994,1.2732090987794789,0.33490463157191075,1
0.2685214285714303,99,-1.4234406012195269,1.870551651487407,0.33328713728512677,1
0.2642857142857155,100,-1.6825484808376188,1.6305536015675055,0.3293422573119982,1
0.2571714285714291,101,-1.8100911479304438,0.9781251973577085,0.3225181542247167,1
0.23258571428571478,117,2.162170516647763,0.9602878946565216,0.2944354514913548,1
0.1624000000000052,171,1.951790220331091,3.60617235844872,0.260733559168951,0
0.17309285714286204,174,2.54670075076385,1.0414143116222823,0.2641908717379715,1
0.17309285714286002,175,2.569721974602467,1.3673634727450252,0.2646549074238725,1
0.17867857142857296,177,2.123531773474171,1.0419299792865697,0.2690746995910847,1
0.19269285714285697,181,1.2008996014762807,1.6519973908097325,0.23773935709776958,0
0.195292857142856,191,1.1187886685309036,2.2253719590357197,0.24333040224102542,1
0.11945935714285838,214,-1.982209518852635,0.9482668135093927,0.19433501035509465,1
0.1270999999999946,231,-1.1586763184120898,1.2173666598679154,0.15036158888642775,1
0.1295714285714301,244,-1.4820613340167053,1.9183788311490715,0.1673248255336948,0
0.12778571428571744,245,-1.4841905605609171,2.0179973792849975,0.1684540577103688,0
0.13030000000000136,250,-1.8747863263174929,2.509167245604069,0.1692706480302524,1
0.12421428571428805,262,-2.00687955328405,0.9485860538190335,0.15428706259374542,1
0.1256428571428582,263,-1.9792372328380603,3.6093324454908777,0.153284005415314,1
0.11952857142857251,265,-2.0338846028517352,1.2560251415207375,0.161167082267339,1
0.12595714285714418,266,-2.134272028276052,0.9730500880891609,0.14336203882058293,1
0.49120714285714534,15,2.2618468660973203,0.8693732237399947,0.3663221938189804,1
0.4822785714285719,16,2.347263617961343,1.690919748076482,0.39316654794569267,1
0.4629928571428569,17,2.340531426533369,1.1671287827585939,0.3932193461451754,1
0.4651357142857141,18,2.2704297845487655,0.8833989703745164,0.38865850325695966,1
0.26457857142857427,77,1.3366958199231533,1.817071094625616,0.32278452314130435,1
0.2697214285714316,81,1.2008002966459006,1.3323193841940029,0.32674015160474174,1
0.2793642857142901,82,1.5835894851275487,1.5710078784058397,0.32622225007263983,1
0.28400714285714707,83,1.7100072809341746,2.510417348680608,0.32975579292288065,1
0.23844285714285718,102,-3.6305344992715924,1.889306344394326,0.29612910617301136,1
0.19984285714285477,121,-1.0760662806782137,4.190046669522291,0.2533462032783608,1
0.2100571428571385,123,-1.1680781081762615,1.3651484583365736,0.24394700595832006,1
0.2305499999999999,156,-1.3978823046815525,1.8350992652119027,0.27583810284043425,1
0.2203714285714296,160,-1.2455892493608338,1.2639786151819359,0.2814230753208413,1
0.17040714285714387,192,1.145671302400987,1.132305489458604,0.28918680586578355,1
0.1490999999999961,228,2.2662334283463355,1.7739067544233786,0.24335360825787972,1
0.14789285714285175,231,1.9079679815042827,1.3929512562365751,0.17770464435032665,1
0.1267642857142834,240,1.183147675960225,1.327936464945233,0.16490240008804788,1
0.12387857142857074,247,1.1952859897234793,2.2226603377037977,0.15370603920578005,1
0.3036785714285709,31,2.0883538221259808,2.0721825002190584,0.41542389844529587,1
0.30833571428571205,35,1.3999588019626945,1.0024613175961548,0.458770771797344,1
0.28807642857142923,51,1.9092751289440693,0.8309309682217272,0.4099238961691308,1
0.30729785714285845,52,2.1534462384686304,1.7838703146967239,0.41478858280285247,1
0.30258357142857256,53,2.273585684503438,1.039541156900144,0.4147897819636079,1
0.29253571428571135,61,1.2925660037686275,1.8009792108847524,0.3722471752933152,1
0.1950285714285737,101,-2.243659729933332,0.8724643079581036,0.29145999468913203,1
0.1649571428571477,110,-1.7232755933091524,3.4964277702404636,0.2585968840947648,1
0.17836428571429508,117,-1.1691218372900547,2.090335632445272,0.22886578828269225,1
0.21494285714285052,131,1.1508763035831109,1.6770921422074887,0.25599383176045054,1
0.1762714285714253,140,1.3788458014685936,0.8835646858626507,0.24265030071540306,1
0.1816285714285694,141,1.7289248483085164,1.0589290856016842,0.254142239449222,1
0.19870714285713728,153,1.4941060107626418,1.6407345816820638,0.26311984736535504,1
0.12910714285714317,210,-2.260959799893271,3.304713720281803,0.17418440498827711,0
0.12696428571428392,211,-2.972809755250704,0.8651794302608967,0.17430857956522253,0
0.12017142857142867,212,-3.0530208465246864,1.3929235927069146,0.1712641624304582,0
0.11373571428571592,213,-2.932754709796721,0.8280332618800706,0.17131280507804217,0
0.12320000000000318,216,-2.3461917452766645,3.7431076735205053,0.172257141423997,0
0.12405714285714405,220,-1.1151495201169328,0.8225935602185414,0.17875954534008287,0
0.1343928571428543,226,-1.0173260728338192,1.1125654797139517,0.16806403956698107,1
0.13975714285713942,228,-1.0848635691024928,1.0785032367960226,0.16518761603984125,1
0.17638571428571279,234,-1.5625159162177096,2.993785533372193,0.17826219745493876,1
0.17169285714285212,236,-2.3313715433766062,0.9556927601897639,0.1713451975253355,1
0.1767000000000008,240,-2.094379182443943,0.8031744697576252,0.16733481384736215,1
0.12078571428571447,265,1.7758923075778457,0.9165970505470187,0.20348634537538338,0
0.12900000000000084,266,1.5482418582552206,1.4678881262045624,0.20985743887345454,0
0.49227857142856885,15,2.2372509295125806,1.1127889123029804,0.522694420317868,1
0.4656857142857141,26,1.6085167879964,2.5389495214915505,0.6476329087327943,1
0.46248571428570934,33,2.0015211814924845,2.5340279280415254,0.6481199613898628,1
0.4552785714285688,35,2.17307246320155,1.1850009175888154,0.6553151921573669,1
0.21738571428571568,101,-1.00120162334677,3.205481532025819,0.3204217328442437,1
0.2177428571428582,102,-1.184437093212834,1.045108243772522,0.3108196210896831,1
0.214971428571429,106,-1.3500165170156215,1.1202606491152345,0.2553119971384009,1
0.18538692857143044,116,2.1281038002406167,0.9316607938706571,0.3039494874532851,1
0.13567142857142958,138,1.2923594329886365,2.138540096777862,0.20939714226181452,1
0.13030714285714243,154,-1.588798468904435,0.9556581831350154,0.15205534723959285,0
0.14257142857142518,165,-2.3003715575399823,1.0372762998481342,0.1505213866466433,1
0.1455571428571391,169,-1.6397425665124572,3.5852328014329897,0.16600072822551734,1
0.14822142857142598,170,-1.8079835526048658,2.0539438549138835,0.17119527039429627,1
0.14247142857142794,176,-1.1331677031354173,0.8655798407077615,0.16845049671134596,1
0.1394071428571461,196,2.8713537396165574,1.8355247316768872,0.2109604597283838,1
0.14119285714285873,197,3.108544826128591,0.9149561191047035,0.20872102471826598,1
0.14792857142857535,200,2.7579554945656874,1.6639422672822841,0.1833525539689661,1
0.15757142857143386,201,2.779216061519703,1.2076745816705932,0.19527434706345664,1
0.15179285714285942,209,1.0389999405333612,3.2038557945484576,0.18866440709700621,1
0.15187857142857247,268,1.844078846376827,5.145388352142633,0.2172926920769161,1
0.26896428571428793,269,3.752604746835272,4.38283201868779,0.2672129347863613,1
0.3727142857142809,69,-1.1995190094337742,0.8224762153328121,0.4860378656115466,1
0.23124285714285772,98,2.5026832936975123,1.2126570135702421,0.34092263990349186,1
0.26011428571428447,100,2.76812840583312,2.0858436030565564,0.35635200028951053,1
0.2794285714285678,105,2.2404823190554337,2.050827151392486,0.35354158455638635,1
0.2850928571428507,111,1.5115205214313316,1.021079836680697,0.32723890380743853,1
0.25353571428571187,122,-1.0726168258936501,1.2549191749530353,0.34914080502020245,1
0.28185714285713864,139,1.1077090448632834,3.0276359587951602,0.3712884862816704,0
0.2892499999999976,140,1.4415445058471033,1.2783872055308654,0.3717100469699111,1
0.27892857142856947,142,2.2593861756661706,3.7992435619073968,0.38333921861678105,1
0.27535714285714213,143,2.468942863945268,1.0936293542785667,0.3831971479986196,1
0.2508928571428563,145,2.393348569495484,4.691841387335007,0.34401496885128763,1
0.2627928571428555,147,2.280330133469001,2.4888416027504983,0.35742104388561247,1
0.2656571428571429,148,2.262440676387472,1.719155567757588,0.3538599256206954,1
0.2649642857142851,149,2.168517929562036,1.172120248419676,0.34631646164477703,1
0.25713571428571164,150,2.0692385705799463,2.364486448452859,0.3415119885962102,1
0.25356428571428424,151,1.894564169598614,0.9326606538626168,0.3337590992367861,1
0.2718500000000006,152,1.8772968535282926,1.0752940010903314,0.34277572397720096,1
0.25472142857142693,154,1.859949192520427,1.1635743952103064,0.3438977428431769,1
0.2703642857142857,155,1.7128927674445071,1.1901940203834984,0.3509868111693657,1
0.29210714285714395,156,1.3369501932270982,0.9060663186034007,0.3955993499825031,1
0.20964285714285932,210,1.7459538112241872,1.0373583444204786,0.22919354483461934,1
0.19824285714286052,211,1.8187698233826548,1.0767111526416926,0.22958304267604165,1
0.36144285714285573,31,-1.117969393540669,1.7053173219181552,0.4640201654403261,1
0.3026642857142881,44,1.8631492710238342,0.8537297114182009,0.4299944595910191,1
0.2815714285714291,58,-1.1514683019742036,0.862558455969154,0.30752270861157216,1
0.2951428571428575,59,-1.3542789957472543,1.0858714283220554,0.313286613695779,1
0.30883571428571444,62,-1.527058185393018,0.8484773756932825,0.3076101960682945,1
0.1965214285714215,119,1.3900378366885475,1.98836256231975,0.25618165228934875,1
0.15926428571428428,137,-1.8802312071655927,0.9543732861377283,0.23338846097678806,1
0.12833571428571133,156,1.311654976855158,2.2773300403502867,0.1518281972122221,1
0.12763571428571044,157,1.5429467844429272,1.2968571747577236,0.14933835523249012,1
0.15939285714285592,186,-1.0951034718323283,3.4030962105437106,0.20905504888159934,0
0.15744999999999923,194,-1.9826357353579471,2.090646796369414,0.19022027607356642,0
0.15602857142857016,195,-1.8337476887087363,1.159458984587449,0.19213585909332626,0
0.167428571428571,196,-1.8481707946821055,1.1384757435114181,0.19533964962035533,0
0.17314285714285763,197,-1.700574892025056,2.564809895119216,0.1973973206706014,0
0.14957857142857126,199,-1.4445345559275835,1.087081624064254,0.19691041325612912,0
0.1624428571428577,200,-1.6449817902064303,2.0926725672206192,0.21025108245637283,0
0.1834142857142861,202,-1.17584721251359,0.8840347669750832,0.2371748765949299,0
0.1876071428571444,203,-1.0252426957894665,1.2194063259672228,0.23683397748670715,0
0.20737142857143048,207,-1.051131786133277,0.9583963425953851,0.23348906362423172,0
0.21344285714286165,209,-1.1179099387421194,1.673018753406224,0.23902082924824425,1
0.22165000000000287,210,-1.6593966306322012,3.7141322134453425,0.25623946426764205,1
0.21450714285714412,211,-2.060212395733671,1.392894701117623,0.2556889388535884,1
0.23379285714285913,212,-2.457052531136782,1.0596309905669032,0.2609586445862224,1
0.24736428571428754,213,-2.7673012054626476,2.167641135356128,0.24820087168103636,1
0.2473642857142855,214,-2.782093690426669,2.5129776957075958,0.2365960094305402,1
0.24532142857142958,215,-2.7276233057549124,0.8187950762850692,0.23449802507593698,1
0.2610357142857132,216,-2.6396824976858557,1.3229897411906932,0.23412884094857114,1
0.27133571428571407,217,-2.2932880888040605,2.208760334468533,0.2532674556605407,1
0.29794692857142635,252,-1.2867615445397367,2.266339391614635,0.33409809921858,0
0.2993112142857167,257,-2.169533707718821,1.0611570337530511,0.35599275793818136,1
0.3170357142857187,261,-2.2580632026381378,1.4369760990066502,0.3642062005898962,1
0.3167928571428616,262,-2.2404865900786533,2.165773371481271,0.34786299921953645,1
0.3282071428571466,263,-2.227340455565072,1.8142113576470396,0.3383508974532274,1
0.35310000000000386,264,-2.371637087487555,0.9822874027820447,0.3622305362570178,1
0.38881428571428955,265,-1.9049612493080623,2.6977983325735244,0.4660423373480432,1
0.39167142857143183,266,-1.4632291450557136,1.0886367224282327,0.4684058677380311,1
1.0376785714285717,59,1.505046672540078,1.573578326135398,1.209312076177738,1
1.1363142857142836,61,1.3593641608079106,1.2428242730268564,1.2635010454224338,1
0.9911357142857184,78,2.3871087740157764,2.265265001168391,1.1383635149634168,1
0.920421428571432,79,2.5361554779180757,1.6180266025652108,1.1344078109701643,1
0.9531071428571474,85,1.459498898928752,1.1329296548881964,1.233482110791558,1
0.7281785714285738,124,1.3413982351814506,1.4357880125691427,0.6616133439194205,1
0.7246071428571444,126,2.0227433554975414,2.0366202271966802,0.6839738522536553,1
0.6809428571428567,131,2.2701862658215726,3.3925012646268726,0.6791258802442061,1
0.6973714285714253,132,2.1527214939367254,1.7577334292197864,0.6917884825185804,1
0.661378571428567,137,1.4023211750771578,1.023972641786527,0.6640964700964346,1
0.4563285714285651,180,-1.5530566328883588,1.2210400151192344,0.5053163632929389,0
0.4817142857142776,184,-2.1455569865340474,2.0846555141173537,0.4649497096227016,1
0.48545714285713715,186,-2.2001948754593075,1.4768269589459289,0.39961794438274395,1
0.5001904285714269,196,-1.2405469618129534,1.319326797895769,0.3918993345666802,1
0.4517571428571411,217,3.253527466108984,1.3725431945339808,0.40348810869936796,1
0.5553928571428567,228,1.7610603800046085,2.277005549325604,0.47672628036062925,1
0.5661785714285718,229,1.7713848017091602,1.3139424747041317,0.4916823160133236,1
0.4970221428571437,235,1.497706448160566,1.2735360440067107,0.5039461415112646,1
0.49104357142857274,237,1.0719363112975164,0.9583855881677972,0.5165450613797616,1
0.41517142857142836,255,-1.8137504660878545,1.6978988011690295,0.3958893539661673,0
0.4390635714285744,262,-2.5675427080490834,3.8585760701434024,0.36247336641950073,1
0.4583492857142894,263,-2.518911072186892,0.9488024830743949,0.38267304530792917,1
0.48834928571428854,265,-2.3613308940447584,1.2879742263748517,0.38636625058306834,1
0.5178571428571408,56,1.3736470323777161,1.2861963720169902,0.47939270212820495,1
0.5635714285714276,57,1.555442258714403,1.3499123227640202,0.47058692707711486,1
0.5728357142857122,62,2.6029112660589115,2.961300519884856,0.4526933516688359,1
0.5821214285714282,63,3.121878296216612,1.9081846943126235,0.4704421080896511,1
0.5819571428571432,64,3.163503414770309,1.86819786388969,0.47057380700439166,1
0.5832428571428616,92,-1.3373069053674036,2.211076648517282,0.6182818167866395,1
0.6011000000000044,94,-2.3034396195710802,1.844958969024604,0.621571451817826,1
0.6721642857142902,95,-2.7782273422161308,1.6974489901381276,0.6369844761941269,1
0.6925214285714328,98,-2.6922057961388925,2.1867277435579626,0.6094936119200451,1
0.5793214285714328,151,2.7384142866686445,2.4940906367278033,0.5430850567110586,1
0.3718800714285716,210,-1.4943332623006278,1.1872004833636514,0.29813446475453964,1
0.393322928571426,215,-1.204475860749973,1.8886720908236034,0.294996771061346,1
0.4155714285714274,223,-1.0149623160798737,1.446331254957845,0.3323527538679863,1
0.34337464285714453,234,2.8380409103879947,2.1487070106135486,0.3335921840627854,1
0.3639317857142877,235,2.4881035425293265,0.8446880800467159,0.34862387731882094,1
0.3530857142857156,247,1.457741362925288,0.8175346764619841,0.29305945859100735,1
0.3230357142857108,260,-1.1083591899103082,3.1238845713596968,0.3099698982545052,1
0.31503571428571114,261,-1.4902953131645156,0.958272690785252,0.3063141351895052,1
1.1943071428571455,15,2.5148504966352485,1.850856690985296,0.9082676459910427,1
1.167964285714289,16,2.6708470512664872,1.902797280501416,0.9338098789627445,1
1.1759428571428592,17,2.6804904998360213,2.3563566284469712,0.9378715656775153,1
1.1488071428571456,18,2.537598339589244,0.9965519651819464,0.9378033432393659,1
1.099758428571432,19,2.354939288057856,0.8045148081891791,0.9386471782465738,1
1.0897512857142877,20,2.251178467284521,1.0136992207217117,0.9531335877290908,1
1.1068012857142853,21,2.2029007110617957,0.9499405205416387,0.968474255781121,1
1.1060869999999983,22,2.1202858803417675,0.8996114874821411,0.9617358256698167,1
1.1277798571428568,23,2.1044909475178124,1.45161586492976,0.9976047152257447,1
1.072065571428571,24,2.018826774400626,1.3752056743695606,0.9898140659381135,1
0.49796428571428514,78,2.0119918640114323,1.0594552358539695,0.5621260697456939,1
0.5086999999999965,80,1.9216164311770292,1.5856949950187664,0.5251865975601676,1
0.5468999999999978,81,1.7335515096591336,2.295982114990151,0.49778877374720487,1
0.5647857142857171,90,1.4058342157015895,2.3487779862566276,0.5051562886572263,1
0.5854928571428591,91,1.6177756161788241,1.7128363283618593,0.4998640340113329,1
0.6140235000000018,92,1.4755192683451492,1.3103706137446323,0.5294302806007949,1
0.5561520714285747,95,1.5258542883504744,0.8131219666438669,0.5243582527112224,1
0.5815163571428619,100,1.148194402729252,1.0975099998026732,0.5114256552279682,1
0.38732857142857063,131,-1.282908514395756,1.0470464335935699,0.3370019210607018,1
0.33882142857143344,148,-1.991406109585981,2.9655206551494104,0.3002960873714567,1
0.356814285714289,149,-2.4397279396347376,3.34848732925177,0.2983614694248862,1
0.3801928571428529,173,1.0957070331901049,0.8362334344413908,0.38405091371284633,0
0.3422428571428599,191,1.5546405560068046,1.0366666402437896,0.36955988930350836,0
0.32729750000000024,195,2.8656255036554725,2.0507188291891234,0.38910293897604237,0
0.35850464285714373,196,3.090522358392672,5.035204612837346,0.39400320050762905,0
0.41094035714285276,204,1.7571830762705691,1.0846487725692686,0.29722836326490065,0
0.4160071428571399,206,1.7605175075269293,1.7733193581523363,0.3070584939560458,0
0.4718357142857132,213,1.3168706834231365,2.5706229156323444,0.4380196092281687,0
0.4946928571428576,214,1.552638944731425,1.7091822211073975,0.42982106404640114,1
0.5592071428571431,219,1.4629791121982987,1.3643565556391082,0.4499243168434873,1
0.4489214285714261,244,-1.2649758102951931,1.6264317842520872,0.41045076206330555,1
0.5804000000000015,253,2.2211441278677664,1.8242056011338996,0.4228204340469245,1
0.5789785714285743,254,2.3838921928744154,0.8145175290486643,0.4172966347365738,1
0.6360071428571469,255,2.9763901492406735,1.8361964839186333,0.449496062349162,1
0.667428571428575,256,2.994327213261375,1.1047788773347849,0.44345993121491656,1
1.4358000000000024,21,2.172197550285439,1.9808439807006173,1.4269258843240331,1
0.9785214285714261,72,-1.322693577443675,1.2399277685862127,0.8307847916164647,1
0.5803214285714274,90,2.2253810047235723,2.4767431917227603,0.7233008563972158,1
0.5367214285714316,121,-2.1746627320501477,0.9543344654440791,0.47450711381309996,1
0.5496214285714315,123,-1.903505706386097,1.7688677916941633,0.4582156441516424,1
0.4206142857142855,141,1.9211860924144688,3.6059110853808862,0.4194571088994497,1
0.4610928571428567,142,1.8261132759014684,0.8094018715708596,0.467755704257992,1
0.3896571428571442,170,-1.1184625716491619,1.884968797565403,0.37709260569853276,1
0.3843428571428587,172,-1.3477548615192507,1.0994997051775135,0.2940682302229269,1
0.37875714285714374,176,-1.6531714640454687,1.2568940395643848,0.2975280887383197,1
0.3813714285714269,191,-1.0261337807343758,1.8096595610630717,0.31289413712154956,1
0.35647857142856765,193,-1.8796365369119254,1.0157046602971878,0.3121973589521164,1
0.3702214285714283,197,-1.5689874569558013,1.154028033664269,0.31468199989235096,1
0.403964285714287,202,-1.4590634772857165,3.7141528577785206,0.3068170075444092,1
0.364685714285715,205,-2.134235861578222,1.4155191624607981,0.30820347868878933,1
0.38367857142857326,208,-1.9863349291534644,0.9585162452701111,0.2977628405369187,1
0.42070714285714167,212,-1.2993424887779506,2.4945478393141376,0.2988831015018626,1
0.49642857142857266,218,1.8576889206949416,1.4311403535004212,0.3616676624650374,1
0.5302571428571444,225,1.037584110534227,1.6503587953124956,0.3582137048750148,1
0.5369499999999964,237,-1.218392828013836,3.70303218992885,0.4838562458148495,1
0.385071428571434,266,1.7653190224690076,2.973698390559556,0.3864776112231064,1
0.9872571428571462,15,-2.580023580003554,1.0573001787567122,0.6946419083989666,1
0.9358214285714317,17,-2.252345264389513,0.9245603756637458,0.7003571739381069,1
0.9316928571428592,18,-2.1572666685023694,1.7283865401568304,0.7004890189166452,1
0.6711500000000014,45,1.1042556448918546,1.3602646815488928,0.6554729391888106,1
0.49427142857143125,72,-1.0523221025806082,1.3703814472936615,0.5122104927410283,0
0.5178500000000038,73,-1.2789840865693805,1.9550576078923638,0.5275591546828104,0
0.4809785714285693,85,-1.1305645119868075,1.4969735196492484,0.4428425285915962,0
0.4724071428571404,86,-1.2995656806097768,3.318697913380786,0.44641652116334296,0
0.5316928571428535,87,-1.920602642163746,3.0869660120593845,0.5645994798033263,0
0.5581146428571385,88,-2.345761345357568,3.484693200059589,0.5482290862772865,0
0.6377646428571394,89,-2.593472082035372,2.8297992307319153,0.5535012922350264,0
0.7506217857142831,90,-2.8112736565865184,2.613852334661914,0.5918220821749961,0
0.7983646428571396,91,-2.8991914139873263,0.9444289951076204,0.6085552831946639,0
0.8444217857142827,92,-2.8055430295666732,2.1435742659519157,0.594813445831905,0
0.904421785714281,93,-2.4825924219156534,1.0720021644629574,0.6604285652778419,0
1.1487785714285772,111,-1.2714893126276212,1.4853080295940722,0.9557435946361,1
1.2567928571428613,122,-1.5366976204097702,1.6478761414074417,1.1460890555690193,1
1.25094285714286,124,-1.6137984651391772,1.5788135804368093,1.1075794031164645,1
1.04864285714286,141,2.0764199016641642,2.4342375598804122,1.0620496552972258,1
0.5381785714285721,198,-2.4251789363259486,2.9145635338646394,0.5454258277339743,1
0.546278571428571,200,-3.0082820131740022,0.828425230578668,0.5570506487164765,1
0.6150071428571441,205,-1.5477748750765732,1.1788200344173447,0.48698190609639996,1
0.6370857142857095,230,2.026467099890035,1.8863900755236902,0.6412679092764518,1
0.5651428571428495,237,2.016810811596104,2.752478227708553,0.672883129466146,1
0.5200428571428505,239,1.9134681525593986,0.8556214389993352,0.637732183001729,1
0.5333285714285674,240,1.8448546092100193,1.5453362020921897,0.6266919719876284,1
0.46104999999999613,244,1.660630539405998,2.247470418752672,0.5943147704283867,1
0.5063214285714273,269,-1.6704815101679913,4.583090426103251,0.42319303921411494,1
0.7239336428571416,52,-1.6865009549710375,1.661673203229095,0.48923916396069156,1
0.6484071428571403,58,-1.490866281590587,1.2792841808824487,0.5328910456344901,1
0.5305285714285759,91,2.0390551527947136,0.9520122977623128,0.5857453459898164,1
0.4874571428571447,101,2.586983005587191,1.4701180677819488,0.4710114308210905,1
0.3507857142857164,147,2.362372590036891,1.2696619788758094,0.32745844606815094,1
0.37342857142857405,150,1.659008060104745,1.2207493956711544,0.3439867673046989,1
0.3054357142857173,172,-1.4567830209443187,1.0622047409806796,0.3011564297439258,1
0.3147285714285723,173,-1.361298942335025,1.1964602135424511,0.3131417653217402,1
0.34401428571428433,174,-1.0165655205664805,2.857816932878962,0.27822642365011013,1
0.33115714285714304,187,-1.2958697672502242,4.559614231788208,0.26953108597162184,1
0.3055571428571377,219,-1.0580663487637192,4.166819537043696,0.2899171667316695,0
0.3035785714285676,221,-2.0977893576231046,0.8085960489970513,0.28799559714533407,0
0.31464999999999826,222,-2.5657994337030394,1.9026778012981926,0.28976420174765743,1
0.3103428571428566,223,-2.7548048829846175,1.3228917339871042,0.2898195100619808,1
0.3086500000000001,224,-2.8277577908940645,1.8476902647560294,0.2847809477708459,1
0.30650714285714287,225,-2.7321564429461414,1.2540130632058337,0.2847178117879693,1
0.3160571428571432,226,-2.6038934859974057,1.4870111244027155,0.2732129331634754,1
0.32677142857142727,227,-2.4515849395256604,0.8804727113765938,0.2731040354553941,1
0.33963571428571576,228,-2.3313053234767263,1.8771579943902712,0.26502982653339774,1
0.7242714285714271,55,1.2418197438580987,1.4406555593866186,0.6251824905458139,1
0.6754928571428565,57,2.1664304253683584,1.6638469153093338,0.6115156935441981,1
0.7122571428571425,58,2.4737954284677466,2.5960508051376103,0.6381637448468106,1
0.7429785714285698,59,2.3718356703495713,1.9314478374371358,0.6552066255778067,1
0.6193214285714309,90,-2.157661359151361,1.6005456118181876,0.6195529192633178,1
0.5268857142857156,95,-1.0683067494407312,1.1765383148349204,0.5582713833271531,1
0.36638571428571864,120,1.80226406502524,1.271113684517565,0.4376352048380918,0
0.3771000000000027,121,2.1276559168334237,1.178821442855619,0.434941144179621,0
0.4557142857142935,126,2.3545169474220193,1.1820181443052857,0.42969555496907186,1
0.5732857142857171,133,1.532819396748342,1.7738639408483938,0.38082507865655274,1
0.5691428571428604,134,1.6717838466732158,2.5006294799934006,0.395124820313372,1
0.5591214285714321,135,1.7499496841195223,1.0527226369967877,0.38749631749576957,1
0.5437071428571423,137,1.8570737977658935,1.1266769436505168,0.38825898013374577,1
0.5637071428571423,138,1.7226338815519129,2.1426604790470924,0.41252469000953695,1
0.517314285714282,142,1.5302698647570236,1.6067983815118285,0.40967694921855846,1
0.5008928571428523,143,1.4644295775205747,2.734059616412079,0.4085778840685282,1
0.5387499999999952,144,1.3214531312825684,1.8094391158633745,0.41532394121393496,1
0.5599571428571376,145,1.082718648304304,0.8659111648431995,0.4313171624557725,1
0.3613428571428626,174,1.3259408029366841,0.9833840798239303,0.25389151936470084,1
0.3865571428571469,178,1.8177994043546029,1.222292291116614,0.28241470165642574,1
0.39155714285714843,180,1.9056079003225554,1.1558881606646554,0.27810049760613825,1
0.4269999999999986,198,1.056968064185972,1.3989842609965237,0.3541072873009393,1
1.1993142857142882,15,2.3525774238184227,1.3906234665149615,0.842580741990983,0
1.0726214285714317,20,2.51278049702185,1.5498756673987961,0.9147089797783218,0
1.0669142857142881,21,2.6803882148889255,1.2004751014692912,0.926836549775971,0
1.046200000000001,22,2.803366927076387,1.4999952003551644,0.9440783656729023,0
1.043528571428571,23,2.8693426065483236,1.2942052085991576,0.961494822481222,0
1.02495,24,2.8106589332509255,2.139496561355286,0.9607473863181458,0
1.0714500000000007,25,2.783830702379572,1.0114111051899066,0.9860466909119843,0
1.1071642857142845,26,2.6187946033986576,2.106438445366735,0.9875971214035764,0
1.0963357142857129,27,2.3686271441091202,0.8591977733095802,0.9959011011795925,0
0.6620999999999952,65,-1.5934617417834576,3.2948077894944108,0.670287926721869,1
0.6968785714285701,91,1.2803094881826276,1.8533792483048364,0.5777177619725337,1
0.7752071428571412,96,1.067109783746644,2.700669319164094,0.641140695783552,1
0.7589214285714283,97,1.288902731461373,1.5639091080367598,0.6409187366167651,1
0.7422285714285692,129,-1.6470824443382992,1.2388682058676892,0.6377227034997184,1
0.7533500000000016,139,-1.4147782980679018,1.2777706258501298,0.6435504702618186,1
0.7880642857142887,140,-1.5703448008816259,2.3191639959330526,0.678827271235119,1
0.7087642857142912,155,1.6768144356453878,0.8805491737752738,0.6770048354575842,1
0.7544500000000056,158,1.7677486827883029,0.838606524342615,0.7116615087578829,1
0.483478571428563,210,-2.357671030587108,4.561639022784675,0.4572275881841286,1
0.5070428571428494,211,-3.2836511276160167,2.363332143875368,0.470656280130683,1
0.525742857142849,212,-3.1508232567281635,1.677372457056096,0.47745329836880634,0
0.6699214285714257,218,-2.706099993273964,3.7073493360795404,0.5495828530197936,1
0.7098857142857123,219,-2.6867824565520637,2.5936507728809928,0.5523522650614031,1
0.7463214285714282,220,-2.813362304571354,1.0453582321591652,0.5851025804441865,1
0.7526999999999983,221,-2.7945459989752215,1.5011123700094187,0.5868669044456583,1
0.800621428571428,222,-2.480059808627193,1.260162730535837,0.6123625132041677,1
0.7884714285714287,225,-1.9931782618553726,1.159768119709204,0.6174597691291545,1
0.833121428571429,226,-1.7347188625177303,0.9752229046967558,0.64796908590863,1
0.8720428571428585,227,-1.3774752414266693,0.9415269771464964,0.6710472651293218,1
0.5347071428571459,255,1.6057285998667041,1.4913358442366558,0.5500698932301902,1
0.521485714285717,263,1.3456439370015465,1.2234627256216568,0.41433532288462127,1
0.5162785714285718,267,1.1256758825875237,0.8218451438116415,0.3831877374477451,1
0.5275714285714282,268,1.092831784923294,1.3283278031113095,0.3589495004663925,1
0.9233928571428558,45,1.6754924435633105,1.4687970665459118,0.8464280627016524,1
0.9705357142857147,46,2.0145659931722246,2.409716941948896,0.8460572596527586,1
0.9452499999999995,49,2.0632117037147863,1.928232493519176,0.7265946761255164,1
0.6356142857142848,89,-2.71594657553517,0.9281541251856013,0.535272432316481,1
0.48300714285714513,115,-2.274076114823502,3.8244671619030415,0.39242956360492914,1
0.49443571428571637,116,-2.922326253394909,1.750460796552077,0.40005371060227,1
0.5265785714285747,117,-2.741205753076144,2.0272236909359664,0.42329649171475525,1
0.5233285714285744,120,-2.011629117897962,1.2170430653235644,0.41902357005277013,1
0.5520142857142868,122,-1.1631344239483707,1.228418391869848,0.4430154671727515,1
0.4853861428571418,155,-1.0710272313983769,1.8842657629555404,0.49716846682273785,1
0.6600357142857141,182,-2.2998656613612867,4.765125947038331,0.5903448510595805,1
0.6800285714285731,183,-2.583211454547304,1.808960382524627,0.613551414858454,1
0.6582785714285697,205,2.6358391577981246,0.8393055767078993,0.7114736390548329,1
0.566435714285715,216,1.0568550104332344,0.8427334425385401,0.5455183831440026,1
0.6457142857142871,217,1.165585262127283,3.837787785174633,0.6542671134670268,1
0.6836642857142883,218,1.2493639610715739,3.6951410973214984,0.6544999211727931,1
0.4175928571428561,256,-1.9191764480663371,0.8162833560342193,0.3843398184688917,0
0.4831071428571424,261,-1.9303823184548476,1.5327403179573489,0.3670058457351804,0
0.5121071428571428,262,-2.1802888279020722,2.1652372932761748,0.3661750188678679,0
0.4957571428571441,263,-2.3680271308454586,0.8288816535317058,0.37135752848912257,0
0.8906214285714315,41,1.2358043398771068,1.0337644569657836,0.9207763929855592,1
0.8820428571428595,43,1.4673155540531058,1.5834132042684426,0.9058981702538801,1
0.6178000000000026,68,-2.4510962196606902,0.8583782494696365,0.7559568625303469,0
0.601935714285714,101,-1.0221415427984315,2.5357008785094632,0.4958053887419384,1
0.6147928571428574,102,-2.0157936776388135,1.4940024990051834,0.4501973423654143,1
0.591935714285715,104,-2.9784476048642112,1.969748301388607,0.41313220507870224,1
0.5665857142857139,106,-2.5941262379325294,1.2809457094869452,0.38751161169892406,1
0.5798428571428563,109,-2.1112838158810905,1.0187193975681128,0.41988928692978733,1
0.590285714285715,111,-2.0958897432208254,1.4611917654607762,0.42154828750111184,1
0.5674357142857137,112,-2.0935042902065173,2.5311697505904656,0.40588178543623776,1
0.6024357142857143,113,-2.2339437671674056,3.008306788479742,0.40895936324531,1
0.6035428571428595,114,-2.1697768593343296,1.6016820830290814,0.4142281235495195,1
0.5751571428571448,115,-2.032949574310912,1.9130175004650118,0.4139382481454148,1
0.4519785714285689,153,1.322929947701467,1.1929731774085481,0.4263828818992178,1
0.44345714285714166,158,1.4327308960143736,0.8526829124531954,0.3733445255333332,1
0.4584571428571402,159,1.4609878146873783,0.849521953093775,0.378946758347116,1
0.45131428571428345,160,1.3961495944016087,1.2752782589272122,0.36207776254320034,1
0.3893357142857151,187,-1.308192868694448,1.2855267287327985,0.3337556084277805,0
0.4179214285714262,192,-2.2477114832620995,1.1797477390906044,0.35699419850005365,1
0.4588428571428551,197,-1.9104866112095154,0.9550849006731238,0.37186312220607637,0
0.367422071428576,212,-1.0415130626159341,0.948761601876142,0.3895932717015365,0
0.3799928571428625,231,-1.3107698733481767,0.9976365903692407,0.35731486734654333,1
0.44413571428571735,236,-2.0364617678189108,4.098242986083181,0.3950505579353244,1
0.4494928571428594,237,-2.6185242269095372,1.3601915589025346,0.3761731453508831,1
0.4040642857142842,241,-2.331607312972017,2.0818423494856564,0.3566292444354175,1
0.4154928571428554,242,-2.2955360998042886,0.9301550119143877,0.356690969729968,1
0.44405714285714126,243,-1.6957595912408021,3.3593612310635717,0.3796388827340224,1
0.38764285714285257,248,-1.8370064448389472,0.9965976967913043,0.36843765907207987,1
0.3448714285714272,260,2.2475015140301418,2.74140872526244,0.3691186481721432,1
0.7973214285714322,28,2.37051482602974,1.4550534737631047,0.8084546968723675,1
0.8087714285714327,29,2.639026178308716,1.2150802305056798,0.8129209074935948,1
0.8144785714285742,30,2.740657641580912,1.5587512825698107,0.8084232395917943,1
0.7854428571428603,31,2.6861129007674287,2.2796987223980087,0.8087125958442749,1
0.840442857142859,32,2.393689487660199,1.8186085188522676,0.8343328698033022,1
0.6279357142857123,66,1.1404712465436764,0.9714130346674608,0.4919333889905817,1
0.6932285714285708,70,1.3553963641326638,1.5302830269748728,0.4723811474008767,1
0.4162928571428535,137,-1.2243392721507753,1.4143770959102155,0.32986476920070346,1
0.44379999999999803,142,1.2924698937713757,1.0016683778362494,0.35736277425725915,1
0.31848571428571404,160,1.2209043762446627,1.7654935970891548,0.28384105341265214,1
0.3228214285714261,177,-2.016961926445512,2.9154205755693114,0.24220540983269814,1
0.3252071428571404,199,1.8820723334835858,3.5613785347100517,0.2616089930606971,1
0.32020714285714086,200,2.7124685040468184,3.334539457080442,0.2578619918508433,1
0.309514285714282,204,2.1564095172527162,0.8162774912249329,0.2432578825826136,1
0.22502857142857277,263,2.1520043838256613,4.560545189176627,0.16899889422684322,1
0.2375214285714305,265,2.2227305825159767,0.8419016915634083,0.17029328072951286,1
0.7536714285714307,25,-1.346257929323721,1.4466473429987639,0.6268152426416347,1
0.6547000000000013,34,-1.359302945841321,1.4312365943906793,0.5661820229482148,1
0.504171428571433,50,2.2310329708236107,1.8274321859945968,0.5106297258015374,1
0.56124285714286,56,1.0962605088986657,2.78897823229238,0.4568083989808497,1
0.6522285714285739,62,-1.7370138736725829,1.387148728292515,0.49931423380592593,1
0.6965214285714296,63,-1.7022615641262893,1.5741865002726092,0.5167912642198159,1
0.27944999999999914,135,-1.0350799802802855,3.2510223487838448,0.24083818928116757,1
0.2851357142857154,146,1.0586069281087878,1.3381496505772117,0.25167386148555815,0
0.3097857142857115,190,-1.3583920587164215,2.48719270107519,0.23567133684968838,1
0.3165499999999964,195,-3.2146362809389184,2.299428990868743,0.23617714919067634,1
0.3358357142857114,196,-3.4371551229739685,1.1045092955681126,0.24889381991560997,1
0.3887142857142822,213,-1.0849118243187865,1.2255505256018944,0.23567829124030554,1
0.7808714285714261,15,2.717827224698281,1.2660552684079769,0.4599210246885967,1
0.7077071428571438,21,2.0618717008364653,1.0336881007322234,0.501541168606892,1
0.643885714285716,26,1.8695755853117109,1.0684042577840929,0.5099801876870192,1
0.6213642857142888,31,1.8880349456544787,3.4385657991195786,0.5384060151450695,1
0.6182928571428578,34,1.3454733893063409,1.065621281363551,0.5110607324667577,1
0.6068214285714281,43,-2.3207411837355996,1.3445406601851408,0.5153042525921473,0
0.5984285714285704,45,-2.493846384521599,1.0742999479359234,0.49541122815399796,0
0.6427714285714278,56,-1.673630554083869,2.946111767400553,0.5582114709183266,0
0.652871428571426,57,-1.8131636739852868,1.3944420573230545,0.5475288936525486,0
0.7082285714285693,58,-2.0061380773245987,2.3883075154065816,0.5873939466807556,1
0.6810928571428556,59,-2.107950555102318,0.9947738506558486,0.5886456537443749,1
0.743235714285713,60,-2.194250016365233,1.8000562975726189,0.562117983404562,1
0.7696642857142848,61,-2.257730390564599,2.385789191061776,0.5753453344961283,1
0.7832285714285702,62,-2.1769569481955724,1.5247288478539989,0.5927887029387447,1
0.8318071428571402,63,-2.0488843138048294,1.0386580238596659,0.5960909531536633,1
0.8894357142857123,65,-1.7417543209239943,1.8437014667270233,0.5933201006711224,1
0.9372928571428544,66,-1.506196336971912,0.8257243083961402,0.6571759624216211,1
0.9524714285714241,72,-1.0432133907162988,1.2173645900843497,0.6879688327941802,1
0.9567499999999975,73,-1.0338970798756701,2.424175254266654,0.6883937425594776,1
0.754092857142859,89,2.0696029913621903,2.9439811437850123,0.7130351138123276,1
0.5664785714285736,111,-1.1353639009510594,1.0025653878005232,0.49914211895244615,1
0.6041500000000022,113,-1.98428221612207,1.243840934407649,0.5056169447360139,1
0.6317357142857206,119,-1.8200680612297062,1.5910180990549336,0.39727705458668533,1
0.6574500000000073,120,-1.7677085821324157,2.2087634062456845,0.3908776030580462,1
0.5221285714285712,180,-2.789993336416619,4.646737720764108,0.5010991576134392,1
0.5706928571428571,181,-3.1121152206731146,2.6578443271417886,0.5010859409594558,1
0.5935571428571406,182,-3.271037542657837,1.9365303589630796,0.5171659744700295,1
0.706792857142854,183,-2.5738955357523876,1.542698982857773,0.662584041742621,1
0.40114285714285813,224,-1.8169986417461796,2.41703412929212,0.3574555798395203,1
0.3918571428571442,225,-2.222593674451436,2.914601105527419,0.3510869425472605,1
0.3922214285714298,226,-2.3803282540363875,1.4649420085708404,0.3420429176381239,1
0.41257857142856835,230,-2.1525362840097695,2.6879889308775056,0.30747607195181925,1
0.3739857142857131,234,-1.683795504597754,1.4813821053727672,0.2906485103201745,1
0.40041428571428284,235,-1.7548474023509701,4.947803970282205,0.2952565206767346,1
0.3794499999999995,236,-1.7753920673496952,0.8595413442175398,0.2939236259199387,1
0.6737714285714256,20,1.2848342219554345,1.2015762907559433,0.5796757781304234,1
0.6586642857142826,22,1.4536462300055295,1.2305501134373344,0.5782013537991382,1
0.60075714285714,24,1.6643167063250632,1.1163379133946525,0.5808091162489535,1
0.581471428571427,25,1.8136066456114242,2.0221732277739726,0.5709044609008189,1
0.5314785714285709,26,1.9229884177376506,1.4670750857833204,0.570299631854738,1
0.5350500000000002,27,1.9435193064683762,1.029648249929171,0.5697817206296406,1
0.5486214285714287,28,2.0694350306787443,2.3117692426657674,0.5710311453664101,1
0.5622714285714291,29,1.8329725190828015,1.0762286646592027,0.6085581114897083,1
0.4039071428571402,75,-1.6981059158453333,2.383969411135714,0.37908746822749745,1
0.4214071428571385,76,-1.252115110882336,1.6660853970120233,0.3833603294954277,1
0.396492857142854,95,1.168388107678821,1.4962544172438093,0.38266796084948856,1
0.3168928571428568,107,-2.925620587380123,1.121108120836137,0.3220947846201784,1
0.32402857142857044,108,-2.6702793852600313,1.074375943448843,0.33241003447481704,1
0.33558571428571327,113,-1.389525232556441,1.0398188548101568,0.30330875959052966,1
0.28144285714285544,152,2.1559399127817116,4.765658521864103,0.3097594033294832,1
0.27280000000000576,161,1.6455854101310714,1.2735566272621401,0.3134944845211044,1
0.2570571428571457,164,1.464274184782277,1.140777160920087,0.24393252746881286,1
0.2760857142857113,176,-1.7539591483819297,4.921587602413604,0.25740424973042125,1
0.26289285714285676,207,1.717293926034485,0.8780277046576612,0.17946374329315706,1
0.27701428571428316,218,-1.7226319047296306,4.075082299530786,0.24513202491259586,1
0.30692857142856717,219,-1.865419646446562,1.3116225119986127,0.2691865951163531,1
0.3135357142857101,220,-1.87796859106679,1.1058703314100318,0.26892648386333906,1
0.3021071428571389,221,-1.931419138736449,1.2781267737514694,0.27004809636472943,1
0.32710714285714054,222,-1.667775678550667,1.4801950885026267,0.283212114509739,1
0.22741428571428912,243,1.1462416357668215,1.6333368306160851,0.23639456060032116,0
0.25707142857142984,246,2.4551815514429522,1.4576756904824926,0.25564472032084123,0
0.2699285714285732,248,2.73873899183546,0.8893547989012414,0.19908427110670632,1
0.27707142857143197,249,2.7901576448091303,3.7401935184970765,0.17956389193198818,1
0.29812857142857346,250,2.6725665291423364,3.1322258787650257,0.1814209557436662,1
0.2897857142857134,252,2.516207324673351,0.9352032876046606,0.16538707845511377,1
0.3263714285714282,255,2.154405546012294,4.762874118566978,0.22293552260720595,1
0.34716428571428537,256,2.229264330576255,1.3133821799389844,0.23519218410675435,1
0.3650214285714303,257,2.08477134363492,0.8905888664346671,0.25480762702182463,1
0.3690571428571466,260,1.487788786151689,0.8962821113932434,0.27602980430280455,1
0.763935714285712,50,-2.024688101985354,0.9694454085004703,0.6713970941940736,1
0.6954428571428609,68,1.3150520703212074,2.532845923012907,0.5936683334072548,1
0.6883000000000042,69,1.7045523954916524,1.420949140009847,0.592783899982061,1
0.6102428571428626,73,1.8603542232468266,0.9107328505486378,0.5504301090592155,1
0.583357142857143,101,-1.20849395988394,3.2743368463291214,0.4164482088445266,1
0.3621997857142877,145,-1.9739466497861577,1.7329299769077504,0.3222406179570066,1
0.3566285714285686,167,2.64280732377727,3.9114699226765035,0.31983854958214203,1
0.3574214285714236,168,2.9737091335385877,1.6348614055689767,0.3207328623191967,1
0.31527142857142315,171,2.7527256927770067,0.9958006508795832,0.3228117954858184,1
0.3274071428571363,172,2.736847536484996,1.2761779487889824,0.3222938462945873,1
0.33169285714285074,173,2.4930511283366363,1.0831918398433584,0.29581826888233703,1
0.29372857142856745,208,1.7365547029562294,1.5784350738731179,0.21799781421622477,1
0.2922999999999953,209,2.4798346038193584,1.5768747141964046,0.21799579120515336,1
0.28367857142856884,215,1.7005811815356102,1.3480080828952155,0.2026322873392424,1
0.28804285714285527,216,2.219776049817042,1.6608279758762798,0.20763989455662266,1
0.2789857142857122,217,2.413062598459221,0.9132417609426,0.1885517974633583,1
0.2790214285714277,218,2.242845394873139,2.8386157290725516,0.19203960908228807,1
0.27759285714285753,219,1.9810039283751562,1.2405883646026818,0.19006362252632863,1
0.2917357142857152,221,1.0522554557124022,0.9407644080127999,0.21739205638025677,1
0.2855642857142889,229,-1.5743877404575832,1.8288673649090712,0.21280909338366297,1
0.282114285714286,235,-1.5122865530458596,0.809806136127847,0.21865155174194303,1
0.22322857142856986,262,-1.3477871617289123,1.793211941461049,0.2168100862928661,1
0.22932857142857138,268,-1.7557414024878786,1.8110210162720208,0.19475096758719637,1
1.1130714285714305,15,-1.0136729763861665,1.1374241111035996,0.8213854541233031,1
0.646721428571429,35,1.04828241358344,1.2241201570616909,0.6824325162744664,1
0.7620500000000041,50,-1.49240961563932,2.0080484211541996,0.5378144185855946,1
0.7783857142857187,52,-2.755561185715287,2.5988071407653566,0.5603505686121887,1
0.7698142857142939,54,-2.2528027701412747,1.854563808709937,0.5823399714518149,1
1.3181500000000048,93,2.3360433887148604,1.2171098013537096,1.0463943238108617,1
1.4481500000000065,94,2.5455906809358475,1.5872061292208177,1.0717790295589926,1
0.47561428571428416,147,2.5590630750023755,4.711674675041248,0.386705967183576,1
0.5184714285714266,148,3.2201936000420464,2.8032552152303363,0.37051196152676286,1
0.5306142857142849,149,3.1021201831136933,1.0578986014228429,0.36796920434555624,1
0.545257142857143,150,3.392749374800062,1.064273850064891,0.39677471766672934,1
0.5491785714285717,151,3.0649449320495528,1.9238510738350658,0.4058250979511158,1
0.26335000000000264,198,2.1693355393812666,2.7596112873664422,0.21791969863786717,1
0.2754285714285731,201,2.4941569298505573,2.5505329150601823,0.22872145938399638,1
0.27935714285714497,203,2.217691213401446,2.1554293604886317,0.22659807833645212,1
0.266214285714288,206,1.8406254064011045,1.40985365627587,0.21955280940015834,1
0.2912928571428556,209,1.7326718072952971,2.023320194062472,0.1923880156474876,1
0.2934428571428559,210,1.7519529824923306,0.9190122284061107,0.18627876337388452,1
0.2927285714285688,211,1.828552840538376,2.466944606899282,0.18855601013214382,1
0.27672142857142645,213,1.750356589226916,0.9532265883718142,0.18358414636529893,1
0.2881571428571427,214,1.6878402934991665,3.8759780345239476,0.18270668900895787,1
0.2770714285714279,216,1.717298345504128,1.171138267855939,0.18069337897187981,1
0.2838571428571421,217,1.756525637168373,2.8198873481743965,0.18208261089023034,1
0.3144857142857132,218,1.4584571462682838,1.3621314045128563,0.2160708920732851,1
0.3112071428571487,234,-2.5542597279347983,1.6034890077975557,0.23039015278197145,1
0.8440928571428563,33,1.4349553397774297,1.4961317969977492,0.7386088325669264,1
0.830521428571428,34,1.935269072865839,1.2966642863931053,0.702401764301555,1
0.7264571428571449,44,1.1170444549406888,1.7290815727709528,0.6476806172862108,1
0.45067857142858053,73,-1.507216882308242,1.0388433950708233,0.323125657952593,1
0.4262500000000062,75,-1.4923401691954716,1.5432584859667993,0.30333547292979735,1
0.4115928571428559,93,1.0014838748643597,0.9055576354041375,0.33241585388932976,1
0.42769999999999947,94,1.3293521881008765,1.5080388318893694,0.34738735656658726,1
0.45769285714285957,95,1.8338104019458612,1.752550034830253,0.37158211542695185,1
0.2658857142857138,152,2.184661565495194,1.867246676427674,0.2201589131677858,0
0.26887142857142976,153,2.151164906943185,0.9499545577288895,0.22133936441901977,0
0.2806714285714317,154,2.180290251223834,2.8585932223615984,0.22603904455174037,1
0.27990714285714297,155,2.242752980676537,2.0171559664717127,0.1968064839528033,1
0.27062857142857005,156,2.2128022512447134,4.286160649663011,0.18807838823203335,1
0.29062857142856807,157,2.1668219988296733,3.3110473699488194,0.17973944276019305,1
0.3164214285714268,158,2.2187995389756825,1.7188779755012058,0.19210732955333765,1
0.34392142857142616,159,2.2094992175263792,1.3615153731615512,0.1906090508675377,1
0.43167857142856697,180,-1.279096262179654,0.8763871011343773,0.2769044351538508,1
0.5032500000000003,188,-1.7837247629788224,2.7472858030486793,0.32468234654313327,1
0.3422642857142892,241,-1.3795227053442098,2.330002467768038,0.3238492539011586,1
0.31742857142856856,258,-1.075546367910814,1.0165115622147256,0.22719593132863444,1
0.45113571428571014,68,-1.2680790439997593,1.092346367875569,0.306580033333944,1
0.42042142857142395,69,-2.117283632919455,1.1946056492407455,0.30715400112633806,1
0.43685714285714183,70,-3.227563796277757,3.8211147413097635,0.3435086940440506,1
0.4826285714285713,71,-2.5111622126377386,1.7994539735430801,0.4187279930359448,1
0.544092857142853,80,-1.5203280286868024,1.3202233911515686,0.38926069274024583,1
0.4024071428571574,116,-1.2618481381542597,3.1266792552630047,0.34287029092566856,0
0.41283571428571364,125,-1.959220255925394,0.915432437156456,0.2927718209527934,1
0.42426428571428687,126,-2.0172371481011604,0.8635165830489735,0.2919484136592974,1
0.43640714285714516,127,-2.0526930899365703,1.2009877546870424,0.291839400565645,1
0.4492714285714255,129,-1.8413409115027612,1.029962143394106,0.2945471263699167,1
0.4448857142857118,130,-1.8918256611384454,4.045620754968069,0.2812012393942325,1
0.43144999999999606,134,-1.6977019296141054,0.9229983192592331,0.28662650505306897,1
0.4082357142857071,135,-1.6686423271859088,1.404734989071125,0.28632781282763825,1
0.4675357142857105,137,-1.4085205721740548,0.9438855244324632,0.31943043458741227,1
0.424042857142853,154,1.0613924948357638,0.9597865655571847,0.3585195359199947,1
0.2941571428571389,190,1.12695713885713,2.6056590749444446,0.2350823494664938,1
0.2615285714285725,254,1.7772420899940544,1.783319141234228,0.1832100992535452,1
0.2706928571428518,262,1.1329501495735643,3.930724939000681,0.2398631285007613,1
0.7145428571428576,29,1.543783576368458,4.345745919547472,0.5350515849930745,1
0.6769500000000132,60,-1.32407148337968,1.2086949066413997,0.536640496524204,1
0.6643500000000131,62,-1.2790830296823203,1.7844199969387564,0.5364975913265451,1
0.6757357142857116,86,-1.600011004354645,0.824536498667746,0.4681894663786461,1
0.43001428571428896,119,1.0214376279018813,4.560058504639272,0.33669893444025983,1
0.43919285714287476,154,1.7904703207267445,2.8676562673415953,0.33246022791489205,0
0.35346428571426713,193,-1.6975410107852853,0.9886886933854057,0.21215376609483494,0
0.36999285714284724,196,-1.6974516722803128,0.9943826120439185,0.23621654325729796,0
0.3824714285714208,199,-1.8702789256237016,1.2555431584421177,0.2525096977316232,0
0.4088999999999966,200,-1.0472377096282073,4.026516268034879,0.2656886550129536,0
0.4052142857142818,216,-2.5065367380111385,2.834609344863953,0.343038843986032,1
0.31335714285713884,265,1.638168899003916,1.360620624783359,0.24191012987477897,1
0.8835428571428565,22,1.6882700650073401,1.2828146710278387,0.604300359029019,1
0.9594857142857133,35,1.2515531754625056,1.012761565027148,0.759649929816629,1
0.5433071428571493,76,-1.1404387740578792,2.4858443504245478,0.4106333392280683,1
0.5917642857142889,79,-1.1314409722887802,1.2525357150538687,0.4149999851870582,1
0.4241571428571425,90,-1.1323847245807974,1.275280883538683,0.3937494361346476,1
0.4092999999999977,100,-1.2933454076240445,1.1111263175467012,0.40808620655356087,1
0.42930714285713684,101,-1.5320955879330036,3.620184191307393,0.4008454325365437,1
0.31068571428571495,126,-1.1854187452262286,1.0517399278730546,0.2814367305073561,1
0.3181500000000028,127,-1.5400778475457755,1.628052989769183,0.2864022860344751,1
0.3104214285714306,132,-1.6689296264800746,1.4879744113407232,0.25295592264862476,1
0.4753285714285746,181,1.323972515976289,1.8739960940689515,0.3640834367599754,1
0.3856214285714259,208,1.5001100686169244,2.045389979495618,0.3300866950925638,1
0.41239999999999505,214,-1.9017576467501685,2.4878089303986086,0.34594581232502253,1
0.4177285714285688,215,-2.491405361381234,1.5810927863479787,0.3396012014937567,1
0.3757928571428571,237,2.13739332568231,1.6519392313453747,0.3212310516834321,1
0.33875714285714154,242,1.7987753958148023,1.4750849175565601,0.3075978224263181,1
0.40642142857142816,246,1.1908816275174068,1.5870632412242707,0.3859021409706605,1
0.47135000000000105,69,1.120221932752267,2.5532073688022954,0.43632226536976404,1
0.4792142857142859,70,1.9439118042193473,1.6330159967770714,0.4477201264036317,1
0.47488571428571696,83,1.1052452902814245,1.4017939994569801,0.40038493763945754,1
0.3298071428571388,116,-1.2403164947310021,1.9002513669695529,0.23808309811793313,1
0.3225714285714239,119,-2.31396223197163,2.6191587435930543,0.2178883125377534,1
0.2724857142857177,146,3.067710000182659,2.4582507879516924,0.23249616581346033,1
0.2782000000000023,147,3.5118214474894045,1.382989505526715,0.23083383842921154,1
0.2778357142857187,148,3.413328357474429,2.3799380062104225,0.2292638117123789,1
0.27267142857143817,152,1.5428800291779963,1.0457148936679648,0.23367357978018355,1
0.27810714285714816,181,-1.9087173214419302,4.642314445512054,0.17881423999438725,1
0.2529357142857163,195,1.400973793853056,1.6703721036609072,0.1695910278111427,1
0.2797981428571461,201,1.4559365005398004,1.4855507365110316,0.18656548840657244,1
0.20617857142856014,252,1.3698906651197844,1.4676344624079027,0.14292710273714745,1
0.25970714285714636,264,-3.002626457016717,1.5592699661629525,0.1622076802281682,1
0.5117642857142926,100,-1.1514381225930725,1.587005929347311,0.3877075697125675,1
0.535335714285722,101,-1.3110499232724329,2.3098660325239373,0.3890452471790379,1
0.39637857142857263,117,-1.4213681972372707,1.1457055634485467,0.39680608035967946,1
0.4156857142857088,125,1.1776364123003067,1.0972451718177714,0.343262742860933,1
0.4263928571428518,126,2.216139485395855,2.374497469028266,0.3465769015386426,1
0.46510714285713356,130,2.624974430292095,2.028562965856842,0.3442120194242326,1
0.4584571428571361,131,2.371474143847006,1.460389948938406,0.34905295751010923,1
0.43096428571427786,133,2.2434224606153697,2.580951960547547,0.37420017699958036,1
0.42077857142856445,134,2.154849729950267,3.675964245712017,0.3700920179936946,1
0.49250714285713776,146,-1.2444711339535286,2.0498873272149067,0.4301663047603102,1
0.4146571428571357,155,-1.1946931852054536,1.1045238610908603,0.38878597373409723,1
0.407592857142853,158,-1.2881912876391803,1.5550923620242165,0.36798804336366125,1
0.4145642857142836,178,2.429343738172981,1.166219638740739,0.30308915199729575,1
0.4359999999999969,179,2.203961527061556,2.6631844280178667,0.3050123420614859,1
0.35012142857143097,207,-3.373707354557933,1.1388039813407116,0.24443999682902126,1
0.3043785714285698,215,-1.772035808784754,2.039938613714818,0.2087526825881269,1
0.32984999999999737,217,-1.795871010529674,1.4820220658730576,0.21301772038589176,1
0.34023571428570926,218,-1.489004051921181,1.9861489925634495,0.2533106710599841,1
0.3312357142857089,221,-1.1185823183439343,1.1607958110165513,0.26208207745161904,1
0.32837857142856464,222,-1.1368171930298159,1.52715066948621,0.261536230210661,1
0.3867428571428592,249,-1.1588397950539437,3.7226942742100984,0.36025412302825216,1
0.3522928571428586,250,-1.3400750820870104,1.2861681024635634,0.36542188593451697,1
0.3750285714285703,258,-1.0601206697882866,0.8799877477050789,0.36931231604648024,1
0.39168571428571397,264,1.6292055786673292,1.3638554210347194,0.3613068351237059,1
0.42024999999999785,266,2.028958141614195,1.5145898146029866,0.3515906031085116,1
1.7754500000000024,19,1.6361342842419673,0.9587638716634688,1.7646531069027092,1
1.6533142857142877,20,1.987306369476146,1.1236793844354624,1.7625008264737987,1
0.7889928571428564,79,-1.1585043481747703,2.060106417454788,0.5537434535935927,1
0.9434499999999986,86,2.8443419024035093,2.133854846202817,0.7489109006034388,1
0.9298785714285701,88,3.4828407611058543,1.0096802782576177,0.7570724168967061,1
0.9762999999999968,91,2.794709582614806,3.005653193682851,0.7414418304924382,1
0.751814285714283,98,1.1321965491040562,1.9112481419059753,0.7696768907586812,1
0.4952714285714279,129,1.0575071129681413,1.1367176003279678,0.4379317611669222,1
0.5252428571428547,132,1.6785669671945256,2.9361849336188595,0.4523730179496962,1
0.5716785714285676,133,2.102943959796214,3.080003896238658,0.4741007537874933,1
0.5788857142857081,135,2.351443568222422,1.046111446409811,0.41240346847794584,1
0.47793571428571874,176,2.218460065569744,3.4780959985331337,0.38209850904376036,1
0.48950714285714775,177,2.3006880503087306,1.5412637024764144,0.38630840915561665,1
0.50306428571429,179,2.1144544930282994,1.1966457454916295,0.31833716325552625,1
0.4925785714285707,185,1.3214271331578682,0.8392140655477672,0.343974089208286,1
0.48973571428571055,186,1.2992595669460985,2.000920304229741,0.34375744438682415,1
0.39695000000001,205,-1.3259842553269157,1.2702105460395037,0.3234265806692448,1
0.43329285714286164,211,-1.0114400185151007,1.917201417798175,0.3050195691058293,1
0.34462142857143113,225,-2.0354111717622074,2.9478849306041925,0.2754765648308247,1
0.5010071428571438,231,1.7606259501595511,2.2631731789773784,0.3756163915812346,1
0.554157142857144,233,2.272364940460514,1.0004302354650172,0.3926088275071475,1
0.5963000000000035,234,1.917123741024864,1.539926473519676,0.4032598347514516,1
0.605635714285715,242,1.1950293319477223,0.855928949341429,0.3850896966273104,1
0.588471428571434,243,1.1874286670473813,1.2678659790047109,0.3779168568708753,1
0.4070857142857278,256,-1.3072183337667684,1.654435835077964,0.34355959431230526,1
0.929157142857144,19,-1.0359973461913778,0.8983601266363168,0.7545191090162543,0
0.9370142857142879,20,-1.1857682944606762,1.0775527303095238,0.7709379390947092,0
0.9548785714285738,21,-1.4846752301321902,1.0937534686197807,0.8176568372117058,1
0.9720214285714296,22,-1.6314892882307155,1.1699472971610423,0.815446755040197,1
0.9427285714285684,25,-1.6221042471901679,0.8227302019357169,0.797008803139838,1
0.9655142857142839,26,-1.4949944485508195,0.8062200629605722,0.8010330752417788,1
1.0032357142857162,30,-1.4944664006223356,2.0032913129096848,0.6832744321206274,1
1.1170000000000004,32,-1.922615950486361,4.433970650031361,0.7269363539030067,1
0.6513999999999994,108,1.1539777961071407,0.8410684780328785,0.7940787224737161,1
0.5910285714285705,171,-1.3946215845343835,1.7094106779281844,0.7442195986887225,1
0.5115571428571428,178,-1.519467604603198,1.0363905222151861,0.5226718718907578,1
0.519842857142854,187,1.5846348320338566,1.1485551729674526,0.4900529361651137,1
0.538735714285709,193,1.640453238253818,2.190696068220755,0.5100054293751921,1
0.5392928571428521,195,1.779951108695521,1.4890528416372097,0.49899694846448056,1
0.5106714285714234,196,1.8046955363923627,1.3519075928544124,0.49725284813267784,1
0.5129857142857109,197,1.7793141343617487,1.2618219974430906,0.49318089456222286,1
0.5094214285714267,198,1.8090993724248394,2.117377832023963,0.49450643832177593,1
0.5101285714285707,199,1.6878136060308229,1.3134512380425745,0.5040396229254954,1
0.5015571428571418,201,1.6465353699260135,1.1226268826217718,0.437503864642443,1
0.4678499999999965,205,1.3596547861620576,1.6821918362596309,0.4420330277724639,1
0.4378714285714267,207,1.2142407118542822,1.26091095762394,0.4405136675456273,1
0.44762142857143367,246,1.5613630956778308,1.4399265448403558,0.3224158854533518,1
0.4553071428571493,247,1.4570730709370643,1.5832268285030748,0.3401620285329063,1
0.4309428571428628,265,-2.1754844772446575,1.1091973760502736,0.4399843730649271,1
0.47057857142857734,266,-2.3966023796755582,2.558223828813879,0.4634407428446744,1
0.7983999999999989,63,-2.1322475475864118,1.3516823524320634,0.7872400995602341,1
0.6873142857142877,69,-1.278881272060579,2.1890401997025406,0.6411590051783352,1
0.6658857142857154,70,-1.2483696289331072,1.255663479605641,0.6404876436210538,1
0.6994571428571439,71,-1.2653525284890168,2.4858461258033078,0.6404847988755157,1
0.5167571428571429,144,-1.4829281125799818,1.5157681059210022,0.5049090093991707,1
0.5295357142857142,145,-2.1479128291730216,3.1645210093824256,0.5251503084549162,1
0.5440214285714282,146,-2.4004554329438625,4.278335917871785,0.5223077993989994,1
0.5211571428571428,147,-2.5290447009250476,1.724722328181096,0.5163559034876057,1
0.5404285714285716,149,-1.8983360783486367,0.9947121759383986,0.5492427748567837,1
0.4648428571428574,166,2.112440538759542,1.0047318902532556,0.45938846113371923,1
0.45783571428571335,178,1.1314937668544398,0.9850270066592638,0.4319347789123148,1
0.49325000000000124,198,-2.4493872088053266,2.216374660841828,0.4959719875459836,1
0.361149999999999,225,1.085120943230485,0.8431299415278121,0.38071722046783524,1
0.3404571428571411,234,1.0911427262283984,2.2531264339240304,0.2667987650316642,1
0.35996428571428396,235,2.305833901104461,2.7761992702601,0.2708450005906003,1
0.3556785714285695,237,3.077827988077753,1.1798785589469627,0.26882646232120666,1
0.3763928571428567,240,1.7486753932176486,2.7154919411977487,0.3028614043940871,1
0.3742999999999991,249,-1.540764044051736,1.768978784116498,0.3159944245298089,1
0.8805785714285699,19,1.427650981695907,1.3348056651261841,0.571828292777157,1
0.8585428571428549,27,1.3322561298266824,1.0004438002782772,0.6997541855050282,1
0.5500142857142813,81,-2.423187898598218,0.8070042186632199,0.49760229772295234,1
0.5213857142857096,95,-1.2843311444982546,1.6375031697416658,0.4380204820870135,1
0.4755857142857098,110,1.5062468707039418,2.829015224096841,0.44984934633723245,1
0.3992214285714267,150,3.3377878328300823,1.6244799210619147,0.3483328496784987,1
0.42464285714285666,151,4.168563115793617,2.611856431226746,0.3818241526131068,1
0.42964285714285416,152,3.984173217792481,1.0387364459821584,0.3810984304527154,1
0.45178571428571146,153,3.7560234448077274,1.8048369376533444,0.3881660982056551,1
0.42964285714285616,154,3.3784143442122114,1.1434466303805582,0.3811828214772131,1
0.3153142857142898,200,1.6254177043980476,1.191441587054434,0.29940805926400155,1
0.30495407142857445,201,2.6405817118882493,1.4615880442546272,0.3010426516907797,1
0.32459692857142997,202,2.6245241271726485,0.8005613209139847,0.31956756731413904,1
0.21427142857142403,227,-1.2961466633999743,0.8703931615974535,0.24022423079456,1
0.2864214285714297,238,-1.2991556764468943,0.8759834988925738,0.1657566382394659,1
0.29249285714285883,246,1.9408985152759464,1.1957061419780801,0.18457723955272268,1
0.29685000000000017,250,2.7326472355865237,1.6711408140727106,0.1792086717544621,1
0.27504999999999924,252,2.282614059706827,1.0463539447851953,0.17558921758181192,1
0.2494642857142862,257,1.2622114604927717,0.8013930695335567,0.1703291938144255,1
0.25847142857142763,260,1.3314495004053009,0.8219356740995335,0.1763989453572244,1
0.25597857142857094,261,1.032757214059443,1.809189148794785,0.1827204249352196,1
0.265664285714286,265,-1.140522604913392,3.530747984139509,0.1976852144031803,1
0.8199285714285703,16,1.3163856207572713,1.650253651372702,0.6502767262001805,1
0.7992142857142852,17,1.5094842942869728,0.8840692745343715,0.6501723783402494,1
0.7061285714285707,48,-1.5444947587266724,1.7865536698867779,0.5622420396050388,1
0.5742642857142845,71,2.6680386638343507,1.7854933058443343,0.45685190875823656,1
0.5759285714285706,72,3.0728327559070885,0.9713658439440144,0.4682885985690434,1
0.5723999999999998,74,2.78318928881927,1.0122517158966333,0.4535068625138953,1
0.5708785714285715,76,2.3097677870228477,1.241578588469511,0.45405296288976843,1
0.5538357142857129,80,1.8858533956145638,2.7902444000674524,0.4103033912655613,1
0.5724071428571408,87,1.371105515663153,1.497252486932591,0.43827581399448107,1
0.49137142857143246,117,-1.1294559766162033,0.8394441120170973,0.4124588338751418,1
0.5027928571428626,118,-1.9217265900959353,3.8735202070839585,0.40943308432642356,1
0.3092428571428546,165,-1.3099268468037837,1.2739276805442863,0.24977864989809498,1
0.2921071428571419,166,-1.6406446428471988,1.2191641584485775,0.24264849212610465,1
0.2934428571428559,167,-1.7893152934793672,0.8854677907623131,0.24245253252897647,1
0.2855142857142872,168,-1.8906942352555085,1.0841661980964,0.23449033323703333,1
0.29266428571428704,169,-1.437868979146937,1.6582353056777184,0.2512987792643921,1
0.3599857142857153,175,-2.697081877547543,4.731734133502971,0.3713576789944326,1
0.38286428571428693,176,-2.9828921814833,1.9179936056448188,0.3808391060538005,1
0.40072142857142773,177,-3.069471019854225,1.1212712568376382,0.38265488198695424,1
0.4328214285714255,179,-2.415316334743889,0.8436582617463516,0.39167219174403745,1
0.3132928571428591,210,1.9961673908324293,1.0598990291018042,0.22540820759028116,0
0.35328571428571615,211,2.247265690199069,5.020140203999472,0.2591839071482351,1
0.3575714285714286,212,2.274887563805976,2.1988417169407826,0.26110060158957227,0
0.4104285714285721,213,2.465970686848583,2.283168721369141,0.3031383060987892,1
0.42749285714285584,214,2.4650300253062385,1.4416150567108283,0.30361383206175535,1
0.4538571428571418,215,2.4938350347137357,1.4140888330749144,0.3081707844986872,1
0.9475500000000027,235,-2.0602170617550217,3.7529568348052513,0.8736571907510945,1
1.1046928571428611,236,-3.166239052036222,2.2831789939837654,0.8841230093003881,1
1.1706071428571465,237,-3.295479766907592,1.1088813291876352,0.8891610291043204,1
1.2556071428571463,238,-2.956993587592567,0.9665820988390711,0.9196386075710264,1
1.3913285714285735,239,-2.4952806153606404,1.0406431102148028,0.9459172677946354,1
1.9719428571428577,247,-1.1581482781575219,2.9255882860252487,0.9430477270568035,1
2.086028571428573,251,1.8132956259575677,2.9325269432702594,1.531216354984371,1
2.1087285714285713,252,2.611888800163022,1.1697973118584277,1.5361405978000588,1
2.1687285714285713,253,2.595587132118276,0.9723859788159853,1.6633977067548504,1
2.202464285714285,256,2.3845099584082523,0.854833938295422,1.6795549232136098,1
1.06636428571428,38,1.5534825210932863,3.372242838047487,1.2032845499450597,0
1.2038214285714222,40,2.1147852210186358,4.316464074294151,1.2298610825361624,1
1.2896000000000012,46,1.6721107244816826,1.1393448018272354,1.1586949856393496,1
1.5122285714285755,51,1.1815627838439469,1.6163151597111678,1.2244387953380143,1
0.9298214285714356,100,-1.2233957884219786,1.0495652971698006,0.7557693364359699,1
0.9233071428571488,103,-1.1871554621112204,1.5841391840252348,0.7924255821268888,1
0.7290571428571379,116,1.9041436940385508,1.0880452097764615,0.7561766638108407,1
0.7188500000000033,122,2.3785912897241177,0.8949588302846516,0.7151799552077573,1
0.7223857142857193,150,-1.2880946357348362,0.8105297900862654,0.4707488544896116,1
0.693557142857145,154,-1.3411830524181383,1.1246754192412356,0.445597378921052,1
0.6056999999999968,164,-2.2943750573405226,1.8379709340953407,0.48945438450289586,1
0.6221285714285695,165,-2.1046188133141586,2.0397058379410336,0.49734964514309216,1
0.6141714285714264,169,-1.6514696136167277,0.9771419920941486,0.4758600059158059,1
0.5729428571428709,185,1.1543476184703778,1.5899558278954582,0.43430836439378084,1
0.5972214285714423,186,1.6415730310064467,2.2351556799333525,0.43946956369356543,1
0.5502785714285697,201,-1.2998127161295951,1.2428876606837904,0.4594220743198831,1
0.6059999999999987,203,-1.9184813168295645,1.8715622329219992,0.47708885176660465,1
0.6142714285714277,204,-2.087391447070279,1.2335856211275738,0.4646831447869956,1
0.6156999999999998,205,-2.088001227258939,1.6502157610183776,0.46518890455229295,1
0.7219285714285734,208,-1.4686319213302732,1.334211591731057,0.5338832733575825,1
0.5211357142857095,250,1.6158358443152112,1.999580742801327,0.5159377728900133,1
0.5147071428571357,251,1.8421032991127524,1.3029412803759128,0.4924646738279029,1
0.48374285714285137,253,1.6606408694660586,2.059492703926993,0.47777900634441434,1
0.5835214285714281,263,-1.064906767838949,1.0605490365811705,0.4281036725666998,1
0.473078571428573,268,-1.259126479310846,0.9548740497796983,0.41537576809024374,1
1.1962071428571417,25,2.280593877938967,1.1440835089939754,0.9710555841564213,1
1.0732928571428562,42,1.3741970953243996,0.8545999555071179,0.9718471721100362,1
1.0656285714285698,44,1.5384449116940444,1.9502991432059704,0.8945557097098552,1
1.0227571428571411,45,1.6369565824013537,1.4598403691750312,0.8805839817462308,1
0.906400000000005,77,-1.3474039859167883,2.239228472412936,0.6578774181147042,1
0.8628142857142872,80,-1.6328635308552732,2.2422039993501506,0.6337884057959252,1
0.8321000000000011,81,-1.5555034718706051,1.1388478116363074,0.638345726626595,1
0.8173214285714303,83,-1.2015824053416033,3.099885325686343,0.6515967217727304,1
0.7504785714285711,120,2.6071477435503803,1.7026327013269313,0.5699332963172642,1
0.7631999999999977,129,-1.635070895475357,0.8756914897464952,0.5754437732873748,1
0.7603357142857102,131,-2.8244738089286487,1.2315563666030418,0.5683169286476261,1
0.7774714285714249,132,-2.999492768657488,1.9738536129007862,0.5677665202539316,1
0.7335857142857135,137,-1.7181331434506049,1.1651306241206931,0.5261851709161276,1
0.6828000000000044,165,-1.2256757294308047,1.1619026648739854,0.5560315890075912,1
0.6218642857142852,177,2.4716136121934276,2.117997481396327,0.4874543455149821,1
0.6218642857142831,178,2.484526591042388,0.9134900920578788,0.48688983561167265,1
0.595407142857139,179,2.344044253241813,1.3048227216671935,0.4804337444811686,1
0.5889999999999986,222,-2.494320442425277,0.9303373907378132,0.33937095274797857,0
0.6011214285714256,223,-2.083136229922579,0.9722577954588778,0.3419212433129699,0
0.5736999999999982,231,-1.2268609802135348,3.193665217533965,0.37271995646773987,0
0.5408142857142865,235,-1.1951093509068829,1.7639803728749546,0.38279401501344623,0
0.5383071428571417,236,-1.3166206630410877,2.4657996075026185,0.38239902399879644,0
0.5254642857142865,237,-1.4681102621112847,1.142736879880467,0.3844881079124139,1
0.5533214285714284,238,-1.769119406850398,2.896416638823939,0.4082081195252648,1
0.5576071428571409,239,-1.9125597294358725,1.610367924433723,0.40850351189639794,1
0.559035714285713,240,-2.0808609847438557,1.1020570170850983,0.4061243920592716,1
0.5504642857142841,241,-2.2378460880589026,1.0928533544687329,0.40824098178462664,1
0.5747428571428576,242,-2.0822725475392723,0.8406964326744447,0.4439579794096642,1
0.6233000000000004,244,-2.0898576912809843,0.8891876244577921,0.45006028486525235,1
0.6447714285714312,245,-2.042956622546751,1.233423437366891,0.4466381811243834,1
0.6591928571428595,246,-1.9930768304790774,0.8224359152682615,0.44701359235862814,1
0.918142857142854,76,1.7994899194031755,3.5515807906755734,0.8715684273234335,1
0.6002000000000051,115,1.490683671251094,1.7948949587365928,0.5451265262747721,1
0.5647214285714293,117,2.0263031025607643,0.9107366263572824,0.5477661858817414,1
0.4255642857142874,157,-1.1761249240676948,2.755769707206247,0.2694522253723582,1
0.5137142857142862,165,1.7121105282791758,0.8738076135468194,0.31269084248705475,1
0.5253571428571421,169,1.2514116165224418,0.9018760254258801,0.3378615428469217,1
0.5816214285714258,199,-1.6419241376925666,0.8231022897562834,0.4206128924211002,1
0.5762571428571387,200,-2.1290046624868624,0.8554387677092592,0.4148532577416066,1
0.5526428571428527,201,-2.4219416975248254,2.2243085012706545,0.41435243581874137,1
0.5697785714285674,202,-2.2372798852398352,1.8041525426992953,0.42703826536685735,1
0.5685642857142861,212,-1.72962036367744,1.2557132471144892,0.46455114860216906,1
0.5935571428571466,215,-2.6341243098498865,1.125465101660024,0.47807005430453087,1
0.5807071428571463,216,-2.6219209381970323,1.1186464464715373,0.46714650987061535,1
0.5637857142857123,232,-1.437238262060522,0.8946438144662289,0.4475383784896668,1
0.41613571428571355,252,-2.0923687741334773,1.399320365898067,0.33651170694876154,1
0.420421428571426,253,-2.1382009248002256,2.740557899316879,0.33392561300580315,1
0.41012142857142514,254,-2.0555104778358086,1.4170395473949031,0.33435970864820763,1
1.0433357142857136,35,-1.3678807721785413,2.1878663462984607,0.9034489519203485,1
1.025835714285711,38,-2.5688895302380876,1.0052400573082443,0.8786574810403253,1
0.5796785714285733,91,1.0496315300718722,1.7899763424950303,0.5609117373744115,1
0.5607428571428557,105,-2.0503945596705933,1.5194740289988131,0.42258862678193765,1
0.5476071428571438,106,-2.100954305126979,2.455706175109479,0.4228295724687674,1
0.6119642857142854,116,1.1303610859763928,1.4547646492602493,0.5480889110639324,1
0.6252785714285706,125,1.5265362249697416,1.4727268981881336,0.553643283103278,1
0.40134285714285667,162,-2.178742885833416,2.20509331471328,0.2992697783668956,1
0.3863428571428561,164,-2.003900908966508,2.350161856439082,0.2946940954906243,1
0.37233571428571316,167,-1.7582378862758856,1.2829933922486767,0.29218694497464265,1
0.3712714285714266,169,-1.6926551905925458,2.055085424503324,0.28372583283707464,1
0.38402142857142557,175,-1.1095941536390064,1.5998934782155434,0.27307594092657345,1
0.38874285714285656,190,-1.492977633099467,1.3549350988061781,0.26395793424171315,1
0.4035785714285741,195,-3.096573493683836,3.7944035729380654,0.2769347903997604,1
0.45714285714285957,196,-2.362413356237037,2.267539100592228,0.3470554254422736,1
0.3297642857142823,217,1.042090634066321,1.3520629140819225,0.32050505037618243,1
0.37982857142857135,220,1.7682968421849719,1.270743349365485,0.33052209652956294,1
0.46534285714285567,224,1.912526241525966,1.7655456344950557,0.3774624469355344,1
0.47110714285714195,225,2.3992397990975127,2.155080510177341,0.3652068415457813,1
0.3955214285714277,256,1.6543428077329247,2.3022639823571502,0.30881927937896886,1
0.3982785714285707,257,2.2396599806507016,1.3275324653277742,0.3106769681543037,1
0.4804499999999986,261,1.427856812579933,1.7935765721859604,0.3661680888853936,1
0.5191499999999942,266,-1.011899955002722,1.1241190880627694,0.4012324573692053,0
0.5166499999999924,268,-1.9059411613307897,1.476668209895258,0.4099779653974781,0
1.5186785714285722,15,-2.463330436797667,1.5590316541596971,0.9614241978149467,1
1.407835714285714,17,-2.2610512329601287,1.5024817472884024,0.9982480409776211,1
1.3044428571428557,25,-1.540910589066159,1.2841016684806357,1.0679125580174371,1
1.098792857142854,31,-1.253196379347011,2.2172506510050147,1.010943356900335,1
1.0878928571428534,32,-1.2857629389617262,0.9883700156763245,0.8480036044783773,1
1.0199785714285667,34,-1.2833196883265456,2.7245406063277393,0.7921910936246017,1
1.0279857142857074,35,-1.0474201163948968,1.2843199417157096,0.8949593520604086,1
0.7778428571428557,97,1.5127289736777914,1.2346373099887598,0.8276324299883258,0
0.7584428571428552,98,2.259918244296395,1.1391440475652024,0.8252975457158666,0
0.7707928571428572,99,2.6995972656448033,0.8894283559580277,0.827686367525366,0
0.7408071428571402,101,2.881511590372042,1.6764407543155202,0.8058212929788717,1
0.7736428571428584,104,2.3391281337726997,2.513006097087148,0.7633169613684967,1
0.7387928571428587,105,1.99207993691043,0.9132244082713358,0.7803544018540476,0
0.7330285714285704,114,1.15493280644632,3.3924257531472946,0.691074291387519,1
0.7358857142857127,115,1.2542576618828962,1.341962585293351,0.69371950572878,1
0.7698499999999971,116,1.483874928838665,3.1628497877177755,0.6765669415158969,1
0.7834214285714235,117,1.6891487676198425,2.5994736994118104,0.6746284421150477,1
0.5033285714285682,186,1.0390077409001175,0.862029547513712,0.4714271962588495,0
0.5359428571428525,188,2.457499149402579,2.5362147425451305,0.46721530697926267,1
0.532678571428564,189,2.898847493029404,0.8112629788291477,0.4697367894418322,1
0.545185714285708,190,3.0883219025167707,3.820821706561848,0.47488953065129347,1
0.5001999999999985,192,2.8687837443313886,2.617922681277311,0.4738920919797172,1
0.5204071428571402,193,2.711010483414971,3.2486233023647593,0.47438097724473915,1
0.46837857142857126,225,-1.4691976449509436,1.246238932523498,0.4426614055280541,1
0.5564714285714274,236,-2.2577183100644804,1.0936006855097224,0.37077715293947433,1
0.5835642857142825,238,-2.015119947894347,1.4627576701622553,0.4090469903445918,1
0.49621428571428183,265,-1.9347561167548704,2.995437324933133,0.4248531674136744,1
0.4787285714285718,268,-3.7616719929215736,1.9242878614354781,0.39936436973185446,1
0.9957642857142872,23,1.653786302995293,1.113255887326626,0.865190288578067,1
0.819892857142859,29,2.407530873353866,0.8084025331014468,0.8744831730743008,1
0.7480428571428571,32,2.196842425368299,1.2090640801701533,0.8171995152472532,1
0.7099285714285729,41,1.308547136178594,1.1819829119199636,0.7092836718908876,1
0.7014428571428571,42,1.388712904355011,1.0497117815141805,0.7111318137987721,1
0.6967999999999981,45,1.564191706342914,2.4736390519446467,0.6573152883198539,1
0.7052214285714281,46,1.5810552576720078,1.3605430194887873,0.6411868383804744,1
0.7275928571428584,51,1.1988441278497066,0.8000748285269531,0.6447263744702038,1
0.6159928571428525,80,-2.0747841527600186,1.83333178573166,0.5056027384692624,0
0.5931428571428532,81,-2.052849738547121,2.1669959742113076,0.4642519497488753,0
0.6212714285714266,88,-1.8225292239373694,1.2950324812804708,0.43229893052124146,0
0.60477857142857,90,-1.472982569070067,1.1745508665952062,0.4524190151330863,0
0.6531071428571461,93,-1.2820953454459656,1.6597968805542898,0.46802217113729766,1
0.6368214285714292,96,-1.1434826854799185,2.712461576253097,0.4999569674084775,1
0.6170785714285704,115,-2.049979379855315,1.077611061690543,0.558934799226126,1
0.6124714285714289,116,-2.6655613085648246,1.3111072299864361,0.5642925756447786,1
0.6267642857142833,118,-1.6355858856260395,0.8956315200064763,0.5732299576515971,1
0.5758928571428592,132,1.2282671724415424,1.261422114497737,0.5220204645002043,1
0.6367500000000044,165,-1.9640260223572967,3.2170323413122635,0.611504189347012,1
0.5878000000000034,167,-1.8787745078968328,1.1115235309432738,0.5854222778754882,1
0.6914071428571427,195,1.4662116675926993,1.3115899276275806,0.508873183081867,1
0.5374000000000032,248,2.395911352811806,2.722216375359847,0.51782139896362,1
0.5567642857142882,250,2.674850697218454,1.5679174315730338,0.5010392927013307,1
1.2887714285714327,15,-2.7201602394329294,1.1185156804388,0.8008443335355198,1
0.5176785714285695,83,-1.213248819813374,2.8239225306114135,0.4186009935896775,0
0.5255285714285682,85,-1.8218180507197201,1.0778637905865458,0.4305440244228731,0
0.544092857142853,87,-1.9979677916057261,1.2133887031337776,0.44899150536913657,0
0.5954571428571407,89,-2.076277611434703,1.0422829954821127,0.46775022451787907,0
0.5797499999999981,90,-2.137664226403903,2.267626607307136,0.46493036354468353,0
0.5617499999999994,94,-1.8529769602845918,1.0593874444539972,0.45548729974841834,0
0.5725142857142852,95,-1.781172087498199,0.9759414810255758,0.4455458783838689,0
0.5996642857142831,96,-1.6155563252302436,0.9077037348245194,0.44938730581218594,0
0.5871142857142867,102,-1.0331957204509483,0.9432334775528048,0.4115407492457858,1
0.786364285714285,114,-1.1638392330429392,1.0550521601228082,0.6145897146195999,1
0.8430071428571425,118,1.3378138859086883,0.9481503837231936,0.6595180363226383,1
0.8490071428571407,127,-2.1045556684897866,1.6275966138619196,0.7197562510782404,1
0.886021428571425,128,-3.0952774746714904,2.3542699524427246,0.7411229977186721,1
0.9124428571428537,131,-2.8223795865845536,1.0554264989643305,0.7941802520183423,1
0.919478571428568,133,-2.061554310817727,1.5111964534728493,0.7966968429844277,0
0.939478571428568,134,-2.046997712434325,1.6285146710345615,0.8358258175754918,1
1.0486214285714266,147,-1.306246224043357,1.6327850287973695,0.851939905216713,0
1.0364714285714274,148,-1.6746382711851024,3.3538232087560886,0.8644290561093275,1
1.0264785714285694,149,-1.903588360439739,1.6361285388264684,0.845913124747114,1
1.083435714285713,150,-1.885948837630263,1.9869897372421637,0.8369938415058961,1
1.1429928571428536,151,-1.159313976945541,0.8650556131375129,0.9769115107799887,0
1.2750571428571444,157,-1.017861880469844,0.8312162238991987,1.0923751868215488,1
1.293985714285719,163,-1.7561561029158754,1.1467584027333941,1.1026830881585967,1
1.142950000000005,170,-1.2911491797908579,1.8114563649078015,1.1217802574980458,1
0.95127857142857,187,1.1046431884780608,1.3540865967675404,1.0414975430811835,1
0.7843642857142896,224,1.7780447680409601,4.720978775137847,0.7658320297588815,1
0.538492857142856,260,-1.1728462356098297,1.569480277685259,0.5959230750071633,1
0.48744285714285646,262,-1.1405303367634594,1.7344890856219526,0.5559215351929382,1
1.4838142857142844,15,-2.115717235615515,1.0238372332139938,1.272736264754816,1
1.4352428571428573,16,-2.2005807343482893,1.5587148687227381,1.3005484396905378,1
1.085964285714285,50,-1.1721742541334228,1.1060204826386175,1.1585930558306137,1
1.0473642857142846,52,-1.7224255902027572,1.4091134776570424,1.132313018362321,1
1.12311428571428,60,-1.1395769231761819,0.8657223756388315,0.9708485822782369,1
1.0292642857142826,79,2.858213766030542,1.6313666714663042,1.0335399724371814,1
1.1196785714285673,83,1.6063429155368167,0.9949437992125282,0.9727677887063606,0
0.8338857142857178,107,2.193768390322565,0.84225101756529,0.9546420024759449,0
0.7518357142857184,119,1.3050229738652692,1.7422897265549468,0.789430524778508,1
0.748264285714291,120,1.423522348619451,2.886073254632166,0.8007702600160331,1
0.6641928571428609,121,1.4323927320126737,0.9011283587317714,0.799544363555832,1
0.6577857142857185,122,1.47991714856954,0.9738987921684423,0.7994317920386088,1
0.7460071428571463,150,1.3554814388592868,1.637373974174775,0.6665572313187486,1
0.6123214285714299,214,-1.318808024430127,3.287061727617715,0.5786327362363878,1
0.6280285714285725,215,-1.5357824195305656,2.1845507312475623,0.5796973494076589,1
0.6370857142857156,216,-1.5776460219526502,0.8736715436385362,0.5941296293576621,1
0.6020214285714311,218,-1.8055249259119606,1.3845524392667656,0.5865526814625275,1
0.6036214285714274,239,1.0457917913238532,0.9462714239675404,0.5741841738924885,0
0.6381142857142825,241,1.8765239882603577,0.887931446047074,0.5974680556472932,0
0.657042857142853,242,2.3822049586890706,0.874200222264178,0.6041957987096747,0
0.6213285714285652,246,2.3353352950732673,1.296916443730828,0.5554905943605464,0
0.47248571428571445,254,1.6908709295600457,1.0168470662638636,0.5072664212190559,0
0.5764642857142864,258,1.8036055111876939,5.128230634115676,0.7649047133038342,1
0.6250428571428586,259,1.9972695302654393,2.3455894562771276,0.761931003672396,1
0.6479000000000029,260,2.0620265497244965,1.7861167378471423,0.7576687792063163,1
0.6707571428571454,261,2.0120894927949333,0.8862978673579954,0.7560912369223106,1
0.8240000000000022,264,1.3179557149214434,1.2503474396012715,0.8103566083228743,1
0.6854357142857209,66,-1.1144886930208846,1.3537171139182114,0.5379682041454406,1
0.5442857142857146,94,1.03350247494368,0.9261643362304189,0.555709209547495,1
0.3881642857142883,119,1.0568793311005393,1.4558801414391718,0.39502007275850554,1
0.3291214285714261,145,-1.9650562647984453,0.9014135651258794,0.3668348670692196,1
0.3426928571428566,146,-2.368425844397448,4.925765468584939,0.36516915676477874,1
0.2655928571428571,180,1.1723025894753538,0.9525875749848619,0.25338033844453617,1
0.31104999999999855,195,2.3051361919593965,1.3434141773152606,0.21711444448950393,1
0.3089071428571413,196,2.2258365285653894,2.4492789854095416,0.2201672714824961,1
0.313914285714288,199,1.7500948643208105,2.0501563413356028,0.21407753937345608,1
0.29712857142857274,232,-1.999895217169654,1.1120568124862849,0.20547554059503945,1
1.24252142857143,15,-1.6435313407542487,0.8374071537060113,0.9801036587893998,1
1.1422214285714318,19,-1.8360900703467335,1.1509447119441976,1.0195028098711367,1
0.5591285714285732,73,1.5026704772568946,0.9175225074417508,0.6234308451396186,1
0.5472000000000017,74,1.5351798797526723,2.7423236044284023,0.6136222268375917,1
0.5751428571428566,77,1.5871063198009927,2.00843257261651,0.63469419866218,1
0.5869285714285682,79,1.3153355858093307,1.8475345830661378,0.627371458224895,1
0.4259500000000043,123,1.1956611586404797,2.6644749901889164,0.5859583850450946,1
0.31888571428571716,150,-1.145480885100971,0.8595844615903833,0.26160381481102896,1
0.3038785714285735,170,1.4221988820662599,2.6350960639116887,0.2602717229218509,0
0.3060500000000011,171,1.577811361987403,1.4848835871586987,0.272244632574984,0
0.3274785714285713,172,1.7741186457037663,3.8176049246134185,0.277888631859259,1
0.3285214285714285,173,1.8655132296552965,1.6284556242609673,0.2778530521025505,1
0.3292357142857136,174,1.9297648464448283,1.2444987530555063,0.26875367939958583,1
0.3263785714285713,175,1.9412574196744032,1.3295018159921146,0.2685880039616655,1
0.3565714285714299,180,1.1463121950300608,1.0038896952543999,0.2947347758402715,1
0.3458571428571438,182,1.228531979044714,1.9174296084420184,0.2942002501549072,1
0.35871428571428715,183,1.4893522986985808,1.831129162003168,0.3131169295983252,1
0.37657142857143,184,1.9028161308373353,1.1173335251106224,0.333344345076006,1
0.3686857142857158,185,2.1228889357313867,1.49172027599802,0.3300813635679518,1
0.36440000000000133,186,2.2900568713366636,2.8297224295135854,0.33490766404975103,1
0.3740714285714302,187,2.1727628322928227,1.8866100452276948,0.3417368848593991,1
0.33911428571428814,208,-2.3270076886563116,1.2374236252892374,0.4247311335132211,1
0.34482142857143167,209,-2.4345047249791865,1.4232123111333497,0.4410866242199054,1
0.34725714285714354,212,-2.2268368502832177,1.2709318522651967,0.4206654433757751,1
0.27230714285714236,246,1.276221130649116,2.79726129551496,0.23483423337706913,1
0.27587857142857175,247,1.0752381849713342,2.475674521738017,0.23926828484598506,1
0.9257785714285701,39,3.0604033245699624,0.8497519953203465,0.8921917016618705,1
0.4355214285714319,72,-2.7737734167217343,1.5894887721068394,0.47364755940628506,1
0.4519785714285689,86,-1.2505048760739375,0.8026380822839855,0.3284133727509743,1
0.3551071428571504,111,1.156459613059162,2.179287733003894,0.36263565776318585,1
0.35510714285714834,112,1.927801723774882,2.130439367620107,0.3629735082117417,1
0.38960714285714665,115,2.2671443178411246,0.9564256418572132,0.3790158022588561,1
0.39877142857143,117,2.309355432310537,0.8600248347141566,0.36965900162165727,1
0.3973500000000009,118,2.405449613911352,2.038800452195729,0.37944123022212883,1
0.41664285714285704,120,1.916900450494193,0.867063609201532,0.4225026364514767,1
0.3049928571428617,147,-1.2554735094542622,1.021370953126389,0.35634946468028156,1
0.32066428571428673,158,-1.6821753015880525,3.3775870349664086,0.33335652754657885,1
0.34280714285714403,159,-1.9294530469104354,0.800366583225356,0.3334636817612292,1
0.23902142857142955,188,1.323850479868293,1.163786116384192,0.2239996908734771,1
0.2454428571428561,191,1.086265223855931,1.3252815529274264,0.204654055328462,1
0.23907142857142918,192,1.0331924923858014,2.1612913298707017,0.20472250129463276,1
0.22805000000000014,194,1.079948917819648,1.1049128590838002,0.20110208462491644,1
0.33146178571428614,219,-1.4770471412903405,4.335034566324712,0.2650275684513721,1
0.3573499999999988,221,-1.6112907730775183,1.0994749186888555,0.27107652464750376,1
0.2724714285714234,244,-2.6817440226295073,0.825097070416483,0.2928471583586018,1
0.2610428571428522,246,-2.4653251937844693,1.0747389042767928,0.29265530389668865,1
0.4560571428571417,51,-1.2696555615541487,0.8112918081443317,0.5767700293247388,1
0.36819285714285854,64,-1.2698773753897592,2.2689611049678207,0.31969126470581816,1
0.4022142857142817,68,-1.872906231995597,3.8385877141566542,0.30252778461177243,1
0.28887142857142983,104,1.8450007231947108,2.262974755559811,0.2603938925429642,1
0.299042857142855,107,2.0893757928553947,1.0548740929322917,0.25076121023711906,1
0.2844714285714239,110,1.552876870195278,1.1388159393099324,0.23793041607079166,1
0.33635714285714513,116,-1.3696867437730933,1.109942568738875,0.23253091260864578,1
0.339578571428573,117,-1.7036070068421145,1.3930190537830318,0.23284047577959893,1
0.34107142857142897,118,-1.6323831854353616,2.548505955593829,0.2494109000009658,1
0.26239649999999415,140,1.5454473550634231,1.2191056524654258,0.2700163408996654,1
0.26239649999999415,141,2.1614025094276594,1.3086229623768613,0.27029412734899816,1
0.2523964999999931,142,2.592092748551028,1.5633457788082028,0.271954921911542,1
0.26025364285713487,143,2.6871875796412015,1.3356136964097014,0.25221649542096786,1
0.2623964999999921,144,2.6125023215779626,1.022040098589506,0.25172080218403886,1
0.24427142857142517,168,-1.919102360261639,3.5510322382469752,0.26237327718253645,1
0.26806778571428375,195,-1.1556073927243604,1.3045073310705557,0.1933320953929024,1
0.25342492857142773,198,-1.9899833959694357,2.014646714974127,0.20456103148469396,1
0.2469963571428561,199,-2.1350783841691063,2.246139502639606,0.19869926034990115,1
0.2905677857142836,200,-1.0840279873314846,4.631763156195778,0.25172259444803186,1
0.3197071428571405,205,1.5271117213846548,2.8693256894921846,0.2911158358569229,1
0.3205428571428521,206,1.816259160178808,0.9911141416616238,0.2877513935330327,1
0.31332857142856646,207,2.0746555707777783,2.2030899541495,0.2885333996271435,1
0.3115499999999969,208,2.452715722313972,2.6675316604727524,0.2942572824449411,1
0.3264428571428551,209,2.922357663795899,4.738603645723692,0.31039113279932323,1
0.31929999999999836,210,2.8541697322121475,4.985492058398548,0.3082491155801969,1
0.8759071428571426,15,1.5206778707119728,1.3649457998935717,0.6030079657183326,1
0.8666214285714285,16,1.8583828569284526,1.0311048134504983,0.6131130533669894,1
0.8755499999999999,17,2.176561624706723,1.2684418105315234,0.6268109887029382,1
0.8475999999999979,18,2.260741998976977,1.344097727406928,0.622783494073261,1
0.8606571428571418,20,2.1257102338125637,1.1551837661613953,0.6519486309243036,1
0.5609857142857148,70,1.524307309412142,0.8233728765958026,0.5432061194329195,1
0.5135142857142897,82,1.6328835604092304,1.8642698165596876,0.49450872361000053,1
0.3706571428571469,101,-1.4938642167927982,0.9507413630629674,0.3461179612273087,1
0.33772142857142534,121,1.8172855664825336,0.8986674509589135,0.3128748099445406,1
0.30700714285713915,122,1.916305722226855,1.392475241592614,0.3100746167400999,1
0.3073357142857113,123,1.9156941310924211,1.5353468677436053,0.30777952924863783,1
0.25783571428571456,132,1.2458094108974336,3.3742082089193586,0.2509592052147252,1
0.2929285714285693,165,-1.6378323122379133,1.3484155584050534,0.24778742619142344,1
0.22134285714285998,193,2.0760415267384085,3.485420714485858,0.21327452007653425,1
0.21655714285714517,195,2.480428931161004,4.3602782847146,0.21507902341574983,1
0.2454857142857167,196,2.607998820625753,3.5752491252657834,0.21950818852870124,1
0.25870000000000254,197,2.427104936407259,1.8197010228803379,0.23020977086199343,1
0.2829928571428602,198,2.4248327908138547,2.8703493293892737,0.24412008722321357,1
0.2922785714285721,200,1.9591075407407708,0.8487336882433217,0.25517454392448025,1
0.2178499999999904,232,-1.362258810304526,0.9691329981190946,0.2275724905026764,1
0.19324999999999395,242,-1.494698751125081,5.283941675565741,0.17818221427441241,1
0.5763357142857168,71,2.6368870515845204,1.5038861802650165,0.47546298010350896,1
0.7361999999999986,94,-2.2063490058219926,4.772755698911174,0.8222355986827696,1
0.8404857142857135,95,-2.651089796717586,2.0247490382831654,0.8284380336525201,1
0.8837071428571416,96,-2.737705597370804,1.4636258629949432,0.8246604358770029,1
0.9677428571428562,97,-2.5148728037052086,2.080764788928234,0.850578944049562,1
0.4951071428571388,144,1.1806369094715237,2.1401238979475727,0.48686863635010386,1
0.3523500000000033,165,1.3914126964218,2.3504844901891055,0.36167674416251344,1
0.2765785714285767,196,-2.3910199910242778,1.081488965451452,0.20478786134826932,0
0.2808142857142895,199,-2.399398125117475,1.9149549026452977,0.21165627310375265,0
0.28049285714286043,201,-2.659900915216852,2.2338440101691686,0.2183747391780963,0
0.2821071428571429,206,-2.296739545736013,2.1602538381288223,0.21709087847513472,1
0.2771071428571434,207,-2.2683788814936454,1.6664507811579696,0.2152454947905688,1
0.2849571428571421,209,-2.2384576455331833,1.0088843141965111,0.22056572985062445,1
0.3074499999999968,210,-1.9974767387889585,1.282788502318494,0.24242365738347568,1
0.3230571428571401,211,-1.7508638288036904,0.9851325458020637,0.23825893938661186,1
0.36138571428571303,222,-1.0223390269867951,3.1847670837114483,0.2989659501321996,1
0.33264999999999895,225,-1.5856553813952596,2.9412864547816104,0.296736841417287,1
0.3217571428571416,226,-1.7088319238915322,0.9290140500532277,0.2893015482266676,1
0.32104999999999756,227,-1.681874722616326,1.7206755377505984,0.28615080225211054,1
0.331392857142855,230,-1.220774840761545,2.382001202615702,0.3090781536161385,1
0.2822928571428613,268,-1.2254838297184316,3.3955601550330883,0.1827381984797782,1
0.7024999999999986,32,2.0152776790199423,4.126030672990068,0.7906730279782946,1
0.5317785714285748,63,-1.9024006221299892,1.747388694459208,0.501833565866375,1
0.5360714285714323,64,-1.4407815723254667,1.1344632217060433,0.5136046602213545,1
0.41770000000000046,99,-2.304763895973238,1.2092859931879423,0.4050919145086635,1
0.416164285714288,100,-2.3488634861047157,1.9137129020551489,0.4037573655122772,1
0.4258142857142896,101,-2.3632358784654284,1.4016006918715542,0.4094340686637868,1
0.4202000000000063,102,-2.326961306108965,1.6623439512983544,0.38886251453138604,1
0.43507142857143527,103,-2.1657090989470618,1.3379542078578681,0.403007143072559,1
0.45185714285714645,105,-1.9693623141750671,0.8007320461585439,0.3954455994999647,1
0.44800714285714854,107,-1.7169176042147296,2.540011199177286,0.40848376095178496,1
0.3268359285714248,147,-1.5975432239687946,1.2827735478263134,0.3323797456875383,1
0.30575714285714234,165,1.472296753665188,2.7846335259243387,0.29187441081730847,1
0.31260714285714436,166,1.7467627935901568,0.887930725836119,0.28114458071785353,1
0.29872142857142997,171,1.9905668765891529,0.9445219612694494,0.252888930149894,1
0.2877571428571457,173,1.8071227632781128,2.0074387986001203,0.24037407225699062,1
0.22107857142856346,211,1.5697088285996041,2.533178348642455,0.18305412791963807,1
0.22826428571427876,213,2.898615462516452,2.35203906813296,0.18135636760320736,1
0.2115857142857099,215,2.741409704736456,1.2182366068729396,0.17359350006513016,1
0.18152499999999552,230,-1.5296639393158507,0.8359770441952992,0.16885700429250766,1
0.19252142857142068,232,-1.6694157423116835,2.8827888123544456,0.17368041324953495,1
0.20825714285713762,237,-1.0291129272311663,1.399346777402803,0.16579699309416132,1
0.19649285714285522,251,1.6507855083339347,1.623471786431691,0.17058539450919694,1
0.2056142857142841,252,1.9385023171172984,0.9549211276895545,0.17332611119402375,1
0.23202121428571282,262,-1.4843647487322567,1.1518905847086647,0.21034845266346466,1
0.22845692857142857,263,-1.7589745084982025,1.3592725215593147,0.2081764362962258,1
0.7989928571428574,21,-1.7579109887460067,1.437796510408843,0.6492262643694375,1
0.8018285714285704,22,-2.253221542867783,1.007015258524014,0.6440329952774544,1
0.43312857142856637,52,2.1866422523582285,1.0369890049837627,0.3630227441564098,1
0.4684714285714234,55,1.8264867103174425,1.5137848356767685,0.3964110717578904,1
0.5391857142857077,58,1.7181225355749186,0.817475960569151,0.46715954445086405,1
0.5425714285714227,59,1.8794046547253347,1.4788290208735757,0.468465879744063,1
0.5497071428571384,60,1.9501132314650411,1.0324588021073806,0.46669402889934464,1
0.3168571428571393,90,-1.9023076729189916,1.3556916544469713,0.30335591489147157,1
0.3087571428571404,94,-1.814482009941115,1.5927587045021412,0.2771697818239902,1
0.2941214285714234,113,1.924825680406717,0.917650195867196,0.25272786794636026,0
0.28066428571428453,121,1.2458646931932418,1.3436539344027418,0.2707924653846675,1
0.2935214285714279,122,1.3427300202042933,3.0755029295745113,0.2756862640798809,1
0.2994999999999988,127,1.270766473993973,1.5874220563899115,0.2628586003374134,1
0.3101642857142833,130,1.1830789481650252,1.6470889506847102,0.24770579181902377,1
0.2996214285714233,138,1.506829200177798,1.536690891415886,0.2560447229994357,1
0.300857142857136,139,1.8990224559247646,0.9564447427195901,0.25320144040377085,1
0.3165642857142806,141,2.2131189273374803,1.513995676091588,0.2665241823605827,1
0.23054285714285477,175,-1.6259332259173012,3.8229660436971247,0.2064476234998585,0
0.19002142857142498,205,-1.2198951294342535,1.2641691631283067,0.18434432623028063,0
0.2065285714285697,207,-1.2092366385497646,2.692001113318125,0.1837375994710928,1
0.19548571428571343,217,-1.3920941800050668,0.9556661477300664,0.17606222656904788,1
0.20834285714285677,218,-1.2131511338701344,1.2050965576847619,0.19960448323287058,1
0.19010714285714617,238,1.5149970743538188,1.288142863903184,0.20966139027270325,1
0.18135000000000293,253,-1.747851736798268,1.444196211788412,0.17899307362509498,1
0.1607785714285695,260,-1.716101865854872,0.9175376282880393,0.14948803187868617,1
0.16696428571428612,261,-1.2860693729769217,2.365647581030715,0.15892458352783556,1
0.6711142857142838,35,1.2917443121370094,1.4523837121111167,0.688790524859074,1
0.4212428571428615,81,-1.0761153620444999,1.6772424819226668,0.3459469201820852,1
0.45224285714285933,82,-1.12673660709711,3.0334765335937663,0.34153292617101894,1
0.4878928571428572,86,-1.213501182581697,0.8317798033606858,0.3256595190658023,1
0.4234428571428615,104,2.724970374083444,1.002454118042704,0.36848405587631855,1
0.43894285714286035,107,2.35396416776121,0.9326195034105373,0.3394447758020899,1
0.49095714285714515,118,1.2876064747962879,2.6776800081104257,0.42719983731999145,1
0.2662285714285681,148,1.7426896238418113,1.586205237738173,0.27346430462463833,1
0.2976642857142825,149,1.4245171470052265,1.1439475180119318,0.3485114231859125,1
0.17833571428571457,187,-1.4050429529509505,0.9753036774521963,0.1633610652857717,1
0.18047857142856571,190,-1.1997285871486587,0.9127260673213726,0.1552679292805937,1
0.21742142857142507,197,1.4360809813383164,2.9372707502969706,0.15510070820500185,1
0.22168571428571227,200,2.4984719505103268,3.1658205146450227,0.15613044914118906,1
0.21584999999999713,201,2.690639714549137,2.74639040599487,0.15786522011109913,1
0.2165642857142842,202,2.676993911928302,3.0036729843756804,0.15732867304700374,1
0.20620714285714062,205,2.062377830329102,1.7712484817212668,0.15381223818396814,1
0.19405307142856998,213,1.2617343927275413,2.097849794993641,0.1556714642924964,1
0.1645571428571405,261,-1.08534076927189,2.5475774001722993,0.16983146207830135,1
0.17070714285714164,262,-1.1145756872011645,0.8609257531087614,0.17038788227788584,1
0.8115428571428518,15,1.5934410716659233,0.9781507348897532,0.6947816434176842,1
0.46507857142856934,54,-1.1158340297199105,1.4959457895697257,0.40971555582607655,1
0.47325714285714227,55,-1.8659724850233825,1.535146611690608,0.4185354655423635,1
0.4846857142857114,56,-2.5354601637208734,2.5254284982514306,0.4122757641992699,1
0.4445499999999965,92,-1.3818410866154407,1.4220585873280316,0.34115934470229836,1
0.44067142857142627,93,-1.9358698906470864,1.1617318068074691,0.3131232440173874,1
0.4429928571428527,95,-2.134359993637174,1.3330342210172224,0.3227179791604666,1
0.30074285714285054,115,2.1026326133640434,1.051485886840298,0.32321414449763725,1
0.305028571428565,116,2.262418944843461,0.9569368062663133,0.3154657757971554,1
0.31645714285713616,117,2.3995390111096833,2.2196939176797037,0.30024464982771826,1
0.3005214285714227,118,2.38822167116644,0.8028342435252136,0.297732638985046,1
0.29461428571428677,153,-1.0870863689610089,1.0646417747538588,0.2419402197852211,1
0.2555499999999995,188,1.3279875459589157,2.8433835946414603,0.17639157045301315,1
0.23555714285714455,191,2.0088570434971222,3.64188142324441,0.17467217172277102,1
0.24627142857143067,192,2.5828985429796667,3.0270878835297994,0.18339854234816885,1
0.2727000000000004,193,2.0004641669896146,1.539616738542428,0.23827435461695767,1
0.3854214285714233,207,2.3578206534334183,2.659547153377533,0.47301276379944024,0
0.4431999999999943,208,3.2581540989723075,3.35517464629843,0.47532729767932896,1
0.47891428571428,209,2.992537499064275,0.8918666863328577,0.4988067320846047,0
0.5603571428571367,210,3.386381665844641,1.8383784236084375,0.5867969899762547,1
0.6111142857142795,211,3.154206086806853,2.034767837728296,0.593637125996867,1
0.6608142857142789,212,3.0255829477374028,1.0169078532507236,0.5989974085401834,1
0.6988499999999931,213,2.803667071070334,1.2050073969093642,0.5988768347352047,1
0.746707142857135,214,2.7797793264596122,1.6792026450778146,0.6240410703067886,1
0.7960642857142801,215,2.477081683717827,1.326439672399058,0.645992394719828,1
0.311157142857149,268,-1.611055251570096,2.2065453249700973,0.2975486892811319,1
0.6392642857142883,31,1.6832396363384414,1.5643119501173963,0.6496055737200245,0
0.6642642857142879,32,2.204692295863837,2.224026103816533,0.676734212376768,1
0.6674928571428609,35,2.5171521682321214,3.379997147263382,0.6481534378234032,1
0.6346357142857195,37,2.4723474309417184,1.5790484775895073,0.6314462537190344,1
0.5188285714285692,64,1.3410969459356081,1.0980689688775294,0.39913120015358133,1
0.5415285714285696,65,1.4507879312515688,0.9783853019638417,0.3994902833263258,1
0.27760714285713967,133,-2.2126149161783806,1.622785091621271,0.26546208037282315,1
0.29188571428571003,134,-2.23113166843585,2.435872053710729,0.26551669025961433,1
0.24759285714285845,153,1.9015162958776586,1.402218694933005,0.2261968389739537,1
0.19529285714285802,240,-1.6627810998515034,1.9457266063409175,0.16633072763073325,0
0.20932142857142821,242,-1.7956704839630584,2.102004804492327,0.18026414539843608,1
0.20145714285714128,243,-1.8785171862052494,1.7702609073428128,0.17961297438293597,1
0.2053857142857132,244,-2.020714551114784,0.8412048618951546,0.18354521742718904,1
0.20167142857142398,246,-2.1343139577360897,2.952354400270168,0.19080425390290248,1
0.20197857142856687,247,-2.141056314609126,1.6007302849588299,0.18973946788951973,1
0.19898571428570985,248,-2.1266341821807444,1.5138138736068918,0.18751354607033544,1
0.21368571428570857,249,-2.162895672354881,4.2044154483458005,0.19160293754750574,1
0.22645714285713886,252,-1.7169668924014858,0.9955733890428475,0.19451792857539912,1
0.3680357142857166,70,-1.6981981282615894,1.9760008758647638,0.3014519036792115,1
0.2531999999999946,110,2.0897101599302186,0.8301038054545039,0.28447848697217865,1
0.24667142857142568,115,1.2333197316686606,1.1085012545055106,0.25492454538679754,1
0.2298928571428535,122,1.2903748084281932,2.5401757898699615,0.20927618935404177,1
0.2000857142857139,127,1.7252914592411568,1.3581547553309739,0.17540026918456036,1
0.21252857142856993,129,1.9241944939896114,3.2454535310425183,0.19909286522152278,1
0.2350571428571381,143,1.0074573400384437,2.0446555433917637,0.21688041627890411,1
0.18068571428571545,167,-2.1612934993430057,1.7965156130227191,0.15093452235446214,1
0.18395000000000397,174,-1.484941035829346,0.9628677905744952,0.14913947183653592,1
0.20516428571428744,188,1.6366302926252771,1.9457119023567442,0.17117567574059242,1
0.17827142857142672,226,-2.296030776934262,1.367187335054267,0.15133933221078674,1
0.1921999999999997,227,-2.1363515377025037,2.9331572761135094,0.15814234588854292,1
0.18768571428571437,230,-1.461364663681394,2.0616599660146737,0.16115525813191325,1
0.1874428571428593,231,-1.272928491772686,2.311661981771314,0.15996734706139815,1
0.17843571428571586,257,1.2171593550840785,2.426555922314304,0.1368701059894526,1
0.6796357142857171,24,-1.1145571710751476,0.8112138121350075,0.9359835644403396,1
0.3943357142857146,80,-1.6805903480715338,1.476935372347654,0.4014715358691512,1
0.4050500000000028,81,-1.6972388498577087,2.7906016184071265,0.39350078347361395,1
0.32089285714285765,127,2.9955257755090026,0.9493433764702568,0.28680024174709057,1
0.323200000000002,133,2.788707686061229,2.3855555702165265,0.2977223520599865,1
0.2822142857142893,173,1.433145611317204,3.2943347890090013,0.2148378173762069,1
0.27220714285714515,175,2.2405317425776734,2.0707212678081284,0.2124003666187678,1
0.2676428571428581,184,1.7266522191461289,3.011054866131464,0.21281069986139758,1
0.26564999999999983,185,1.7391034038203006,1.0726388741465482,0.2137467609848963,1
0.20645714285714892,232,1.1936640334039017,3.776871653461094,0.16933359743705093,0
0.23445714285715066,234,1.3378773274317455,1.4641582430670588,0.19615826067992645,0
0.24302857142857956,235,1.926240313972629,3.275719876168759,0.21168393198885735,0
0.258021428571437,236,2.039211696511074,1.827203376205867,0.21651088881180014,0
0.2887500000000074,237,2.481302185925972,2.6083391131436136,0.24924089301241478,0
0.29080000000000644,238,2.5373359464687706,2.9003869312335633,0.25235353939395067,0
0.30622857142857846,239,2.212890423331091,1.4372056146791963,0.2741900326015425,0
0.37070714285714856,246,1.653274584809009,1.5490242235270657,0.29073178748458295,0
0.5686928571428618,33,-1.2222596287710643,1.4213736377968589,0.6511304990947206,0
0.5565571428571465,34,-1.4468365229675217,1.254912657346988,0.6330203607626128,0
0.5661000000000038,38,-1.7190004624960578,1.5391206914607627,0.5258997533269142,0
0.5853000000000057,39,-1.872517891018715,1.5675688233753795,0.5218721183816016,1
0.48795714285714303,58,-1.0386877760134037,2.6644552984450436,0.48217572983659435,1
0.5400214285714294,60,-1.884513926354372,1.7305645129447862,0.49131587638560625,1
0.574307142857145,61,-2.0022280537013706,1.6616830749266163,0.5212124030338782,1
0.6537357142857161,94,-1.539176195474745,2.1160084752319093,0.6630655909902,1
0.7026642857142856,95,-1.7038585677707663,0.8866165525673078,0.6962733661475521,1
0.7342571428571419,96,-1.6653416485106523,0.9637654950495101,0.6794829965119351,1
0.8228785714285688,100,-1.5647589580295793,1.1598528096806102,0.6769946705628611,1
0.579421428571428,121,1.2311224131694765,2.8084454041076583,0.6142481767062412,0
0.509999999999999,142,2.0553171620035857,1.0108913510724098,0.5570672933160901,0
0.4657714285714251,151,1.7248112681378187,1.7408065669125399,0.4978839284199283,1
0.2320071428571424,253,-1.539157606601236,1.5009260220490146,0.2553653223205743,0
0.23506428571428728,254,-1.7420312386555241,2.0120679094782368,0.24970217998843822,0
0.25644285714286397,266,-1.5605929634500117,1.625209371211139,0.2348206951594153,0
0.26286428571429254,267,-1.891768089833416,2.401735186546327,0.26105897612647855,0
0.2558714285714347,268,-2.04335689115283,1.4535857933900207,0.25547558631647654,0
0.250935714285719,269,-2.099765440562354,0.9349077585785996,0.2513957808135762,0
0.9152714285714337,15,1.1654533249773331,1.0483718438602772,0.6075563597779365,1
0.9520928571428625,19,1.9791956429016269,1.344958905069079,0.6817100134856857,1
0.7824428571428582,35,-1.6929993572164552,0.9938632755925685,0.737907195137361,1
0.7168642857142881,47,-1.4803531620436294,1.232258151249268,0.7005991811654799,1
0.5881928571428594,52,-1.3292744351273977,1.3905493059935443,0.5687731240058272,1
0.5867714285714304,54,-1.5349814120360072,1.92114332678814,0.58060764424252,1
0.3002500000000075,119,-1.264468352958789,1.208968315121657,0.3573878407623725,1
0.32212857142857637,124,-2.856433464019594,0.8021022660873725,0.37819325687530325,1
0.3380071428571471,126,-2.580484544286119,1.3874667187005525,0.34348422104468235,1
0.2727785714285744,180,1.0431212294171273,0.9349808625119091,0.20095532580666775,1
0.2640142857142881,185,1.758175044322828,0.9659117683139276,0.20345024688043242,1
0.25057857142857237,192,2.08812764560761,2.5009165472323414,0.20372634325896571,1
0.25182857142857124,193,2.0589207886372916,1.578819916690021,0.19174526286809865,1
0.2487499999999991,195,1.883629067403325,1.443204839773109,0.18450324513278296,1
0.26943571428571594,196,1.5099007806207292,1.8157972587147841,0.22775849303038842,1
0.28039285714285916,197,1.0204466103292735,1.1410535821684384,0.24327789115212917,1
0.3407928571428605,203,-1.9521558976737718,1.4900362919026762,0.3063579496637169,1
0.3570956428571443,210,-1.6650902494772815,3.468909471154768,0.3388879274053119,1
0.2516999999999996,263,1.5552985712820706,1.3561265742917066,0.21076454952993587,1
0.23813571428571428,264,1.4548011793694657,1.8488073877318962,0.21030519228186256,1
0.25062857142857,266,1.450926291319284,1.5377137656419098,0.19927956541766723,1
0.5472428571428622,52,-1.861207541922172,1.2982772714502093,0.4111909291537646,1
0.545100000000005,54,-1.8562498396900373,3.233488882777511,0.4762787925521862,1
0.561314285714291,55,-1.9959765517810986,2.224805601706419,0.4803282784500305,1
0.5773000000000061,56,-2.1416606405818164,1.2900208554738664,0.496125419274567,1
0.6010500000000049,57,-2.0446969090842897,2.677852492227809,0.5186624323360114,1
0.6196214285714307,58,-1.792642200306369,2.2358068880471076,0.5471047215135295,1
0.40530000000000704,103,-1.6462841328580335,1.5215089201827987,0.4302107254341638,1
0.41181428571428774,107,-2.085827116788616,0.9595729359486873,0.38459440018082175,1
0.32106428571428786,129,1.2858441937456764,1.6997066196208133,0.33725622331201877,1
0.348235714285715,135,2.144361233969548,0.9707699851286972,0.341706496075449,1
0.3761142857142862,139,2.3391035327399226,2.144001896942937,0.33871674574304167,1
0.3639714285714279,140,2.3330546529244676,1.0969944869770178,0.33742767158207576,1
0.3040357142857114,152,1.3845928888157075,1.6377461946687955,0.34659718764488795,1
0.23655000000000012,180,-2.1262921120402263,0.9275334897180316,0.20090788214813235,1
0.2616714285714283,184,-1.129213565488387,0.9907577165075482,0.21073860388918844,1
0.27485714285714785,210,-1.17135201652077,1.3938658281739842,0.22777202155946955,1
0.2692642857142898,211,-2.052482380118059,2.6491533352851837,0.23327753484321934,1
0.3053214285714298,213,-2.149574255065141,4.758769762589683,0.2459601298869479,1
0.25874285714285505,243,1.3201532504894824,1.9943178560936021,0.28590034199395115,1
0.26302857142856745,244,1.5695807244787918,3.9415030663653945,0.2877469610667649,1
0.2558714285714266,245,1.8082151187732076,1.8084654790167936,0.27704856390630067,1
0.2592499999999985,246,1.9793614809944233,1.3305412462670487,0.2681857795689926,1
0.2586142857142834,247,2.1665741959147162,1.7205193336660585,0.2693193727936858,1
0.24820714285714018,250,2.2959606228116276,2.224765846289131,0.2511352067853727,1
0.2579214285714236,252,2.2116038125026862,2.020982322971852,0.23933454341469393,1
0.2758928571428519,255,1.8830847604935228,0.9521862773517037,0.2380354688912837,1
0.28014285714285286,256,1.7263361471466108,1.761279016457986,0.23701683060820408,1
0.24949285714285452,261,1.0452420437217411,1.3994151416852632,0.2238520068333354,1
0.9582714285714299,15,-2.2181583789823596,0.9466408620341779,0.6928867510742813,1
0.8471928571428577,18,-2.047985491106969,1.0183723468773387,0.7004419298913223,1
0.49481428571428615,65,1.3625224400668572,1.0870626373509298,0.5215084519258897,1
0.49663571428571424,66,1.0522753543957801,3.9413512588472908,0.524201144979604,1
0.5827999999999959,74,-1.4144426414682432,2.274008046050424,0.48376563015966756,0
0.5963714285714242,75,-1.7978094181147832,1.5270272469443602,0.48685083807201174,0
0.602092857142854,76,-1.9936508985456751,2.5034548320124514,0.46983113798435167,0
0.6248714285714243,78,-1.8315621898697965,0.8919492855486565,0.47695684507071223,0
0.6262999999999985,79,-1.9691201209662816,2.3498768705498487,0.5215736138138101,1
0.64562857142857,80,-2.079215713698604,1.4833099710619333,0.5215460608977053,1
0.6849214285714323,86,-1.6153434198414005,1.2889348128069533,0.5656852773760236,1
0.7103428571428603,91,-1.0288715153250145,1.1571542766443836,0.5035937414649203,1
0.4137714285714326,152,1.9128968293881896,1.2603766123181632,0.4108721209747693,1
0.3818714285714293,170,1.4321751589747087,1.040618571939824,0.39552851514668913,1
0.3411785714285673,175,2.154645523274048,1.0352481745830704,0.3421999316954333,1
0.35188571428570825,176,1.7001514765885501,0.8380174384220164,0.34678663631170004,1
0.31675714285714,195,-2.125865039850503,1.354519508873657,0.34112954358966924,1
0.2782142857142844,216,2.2205086054494605,2.7834429333134936,0.29019072653850736,1
0.2338785714285702,226,-1.2151210230846872,1.055464747904739,0.2788166117637438,0
0.2424571428571442,228,-1.1972109102469493,1.0082627717665331,0.2864527529813965,0
0.23164285714285476,247,-1.3953729054019788,4.534032221654071,0.23914816786103618,1
0.233785714285712,249,-1.9771265735142887,1.750557432960499,0.23873690836971978,1
0.2666428571428554,250,-2.9057878011497027,2.861798780722091,0.28128671479744627,1
0.280699999999998,251,-3.0467830076733198,1.3477313573307268,0.2824682673555283,1
0.310692857142854,253,-2.971599137892327,2.595084370173116,0.29067504566078517,1
0.31998571428571104,255,-2.629539857552028,0.8301839137146324,0.28918381142365973,1
0.3352142857142845,262,-1.2577845015247617,0.8494109754929033,0.28363821033977166,1
0.513535714285715,42,-2.54359998941378,0.8893221864142146,0.49109842332773435,1
0.5233214285714313,45,-1.9764755738043696,1.197973385204026,0.49668709883982715,1
0.5438857142857155,58,1.6494436914277923,2.108923833333037,0.4711160617145954,1
0.5563571428571399,62,1.6570477544036921,1.132189664193638,0.4986580023520563,1
0.48625000000000235,80,-1.5610383043122493,1.4819827268714676,0.5108754667841034,1
0.48695714285714636,81,-1.8780008262280325,2.078673599084199,0.49432132746723645,1
0.4080199285714282,92,-1.5878032922659449,1.5723010921746023,0.4397168449899662,1
0.32432142857142715,118,1.6894305732631294,1.5858405050474955,0.31081988537197464,1
0.3250357142857122,119,1.4039244029987825,1.7769046702746394,0.31116782687641514,1
0.21057857142857017,143,1.1670269037540104,1.3316501190747003,0.24619808568298787,1
0.248264285714289,155,-2.506626667585517,1.8108113566279955,0.2430271970308728,0
0.26969285714285923,156,-2.7781083734039997,2.089343689958675,0.24211870781952066,0
0.2918428571428596,158,-2.7519072104838354,3.0445866212702355,0.2543016674679997,1
0.2939928571428579,159,-2.7070557141404263,0.9718819434971637,0.26106519091526265,1
0.32490714285714056,162,-2.203839828840109,0.8082314996449969,0.2491400263104894,1
0.3434785714285685,163,-2.1453031448837256,2.6398926143352357,0.2678612259935306,1
0.35004999999999803,164,-2.0108943199941387,3.1188165713425624,0.2733248862175547,1
0.3679071428571429,165,-1.8949355223045334,0.9006042551348956,0.2733577547650302,1
0.3979000000000009,167,-1.7982669682629846,1.0482629668452128,0.27120875678657885,1
0.4328285714285706,168,-1.5802881216850748,1.4663364010690283,0.3430208723828394,1
0.37906428571428663,185,1.8823524749620266,0.9850362779806342,0.3902262287724376,1
0.19362142857142267,232,-1.0838877022272653,1.0662756514370921,0.20252583689350065,1
0.19061428571428354,242,-2.364739925501381,1.0175790297134224,0.17186255159196953,1
0.1987000000000003,243,-2.5171121891603385,0.9098626979702472,0.18467458786517915,1
0.20084285714285752,244,-2.6408245526141214,1.1678955188723539,0.1905770520919913,1
0.21679285714285715,248,-1.2440236198791101,1.1654045900809384,0.20715730425178902,1
0.2248285714285702,260,-1.1807795128804777,4.454964942429301,0.2118003888026902,1
0.47389285714285734,65,-1.1089363183499739,1.3424037937262,0.4633229879168397,1
0.40775000000000106,73,-1.2443382938601182,2.2446761768633854,0.450274040245311,1
0.3938500000000005,75,-1.2408422933838275,1.4306976945837317,0.4524285975284545,1
0.4166928571428587,76,-1.1847734358120714,1.2849272200064061,0.454840196436401,1
0.38731428571428034,96,2.3548054244262864,1.0962436989266662,0.3639441043831554,1
0.3815999999999958,97,2.5073420858449498,1.4842771563956327,0.337515780865243,1
0.3220571428571414,106,1.548288081217138,1.3530538266039864,0.3502577967510562,1
0.30310714285714574,150,-1.1003460139446786,4.924927745202536,0.25772631323330253,1
0.18532857142857445,183,1.4025870770825806,0.9160457352211259,0.2068602966910217,1
0.17520000000000177,185,1.3555203555928643,0.9310697913098552,0.20721984810558952,1
0.19949285714285736,186,1.6788109770506388,3.393314015524266,0.2165071334423272,1
0.20100714285714258,187,1.8947180413452918,1.1417916979684002,0.21599577831601943,1
0.2139071428571384,191,1.2462215460978838,1.0107590999050255,0.22082696155347137,1
0.21127857142856904,215,-1.7881043272403658,0.8071343163681365,0.23433022594766928,1
0.21954285714286112,268,-1.1036190809671769,0.8356853779423654,0.20936705470882594,1
0.30063571428571223,88,1.995397845803219,1.943634860019959,0.2837141417333883,1
0.2940642857142827,90,1.6933405238556944,5.260807132266439,0.2843320057465692,1
0.14535714285714058,174,-1.774376175002174,1.041994640683895,0.1431686046055566,1
0.14714999999999634,180,-2.3557083559344187,1.313973664385443,0.09826899528671756,1
0.14450714285714486,183,-1.5039862774400103,0.8332948812370579,0.10661378766656877,1
0.14308571428571376,184,-1.2318020163502834,1.6236791158514317,0.0965985403984575,1
0.1585785714285716,194,-1.4209190271219394,0.8748516363649341,0.13547599413362432,1
0.16571428571428523,195,-1.9820257262865149,1.2021195292207372,0.1351734403853835,1
0.1781214285714319,200,-1.4059566600999016,0.8526941126036114,0.14719552796246602,1
0.16255000000000613,209,1.2584560524423536,4.686626656900002,0.14667861694888118,1
0.16786428571428352,240,1.032933666949532,1.8446671585820793,0.1279020262691275,1
0.1585928571428537,243,1.4695083003671021,1.158894907385954,0.12317760893912227,1
0.36287857142856694,54,2.249266086291555,1.7850249309153576,0.39623703874786664,1
0.37504285714285246,55,1.9621060412859408,3.877471042216209,0.45684763954222257,0
0.21277142857142906,90,-1.413657847334228,1.4803431225273471,0.21832471167753845,1
0.17350000000000015,185,-1.2968975950304877,1.8024445776149152,0.17200315779165198,1
0.1681928571428557,187,-1.4960433671722035,1.3419808626410021,0.17411005793794748,1
0.19875714285713691,195,-1.16036314563549,0.9937425296288473,0.19754388114717036,1
0.14056428571428473,228,2.2261864481864,0.9279270169645781,0.14227561054485605,1
0.14485714285714227,229,2.2968392585280584,1.5965761175114055,0.14194318257470878,1
0.14270714285714195,232,2.0756898670373944,1.4941850125998573,0.13519232260075528,1
0.115635714285712,252,-2.0490249509965843,1.394781707879606,0.09886824383096299,1
0.12099285714285404,253,-1.98963808089035,2.784265370907205,0.10036500853640344,1
0.13779999999999656,255,-1.448892663936316,2.0357540661634577,0.11592826501483329,1
0.13562857142856696,268,1.1298917689947097,0.8900177690624004,0.13088435032715243,1
0.2933428571428505,46,1.8584640142033089,1.8209062712651565,0.3057626325948401,1
0.3081785714285701,54,-1.9410781364510559,2.0055832821250186,0.33491052812955413,1
0.32032142857142837,55,-2.4692647093624727,1.0349107894530203,0.33431278697528743,1
0.1653928571428602,99,1.2334965643222011,2.3539525374160135,0.15867107624470925,1
0.17040714285714792,100,2.116332520563696,3.7151467911826757,0.15559094356299796,1
0.18103571428571488,105,2.268694724960297,1.115915693624161,0.14068650711021438,1
0.1388071428571505,122,-2.1678774431956485,0.896887078822095,0.14908833230696122,1
0.15469285714286635,123,-1.792118737022316,1.190277220460329,0.16538615724874103,1
0.11372857142856876,157,-1.4147277127609788,1.2291042503717333,0.09883777653735067,1
0.11979999999999791,158,-1.252120548320659,1.202896438697122,0.10279505727531993,1
0.11506428571428476,161,-1.2470760212839918,0.8224931014959691,0.10390403763158247,1
0.133507142857137,166,2.4620768596134934,2.099031047270527,0.12139609894954934,1
0.14346428571427947,169,2.1873733496118475,3.3672424308376674,0.11854738707534032,1
0.1504785714285666,173,2.2734943547683355,1.5008894481517034,0.10375424890550153,1
0.15694285714285172,174,2.2254228972565007,1.2898932858242704,0.10395546272115247,1
0.1677214285714257,178,1.7552120031061325,2.2019265349392954,0.11284101039193382,1
0.18130000000000127,180,1.2878296638896511,1.0755323655784517,0.11941355912988309,1
0.135942857142857,198,-1.077979110249829,1.3374760030727706,0.11862024903223958,1
0.37838542857143204,44,2.0221299311778553,1.9002833441857943,0.33396947847813174,0
0.3621500000000018,47,1.8385246392521963,0.8729629665712928,0.3492619787516489,0
0.34183571428571774,50,1.7867089850327107,1.7718403574248789,0.32338245621068185,0
0.3351428571428577,53,1.7611074503284065,2.9276211742053304,0.2923365370389552,1
0.32277142857143054,54,1.7979157604711034,1.2709461626718659,0.2933775987410681,1
0.33348571428571666,55,1.6824126520726599,1.0261399090269119,0.3155330460279312,1
0.2946642857142844,60,1.431276484961345,0.8504627349276943,0.3264444626521729,1
0.2942999999999988,61,1.4578917131123952,0.9426999737144907,0.3222257579654248,1
0.30663571428571246,63,1.4344469771505055,2.4299280136553194,0.3183458899790228,1
0.2996142857142843,64,1.4915759767070822,1.113677990159463,0.3163742467146701,1
0.30318571428571367,65,1.5339268472488832,2.2190797332793366,0.30583229743244855,1
0.31318571428571473,66,1.5964538734432483,2.8343937726980726,0.2995964868894138,1
0.3231857142857158,67,1.6448782530515864,2.0712476805640283,0.30029155873526375,1
0.32127142857142943,69,1.4019121289492273,2.2141360244917916,0.3167154378557899,1
0.34995714285714186,70,1.13506446103782,1.0863546587056634,0.3358589552499826,1
0.21951428571428672,116,1.1778521096566796,0.8073477557167397,0.2318706587354145,1
0.20922142857142895,126,1.6281918021963582,2.032135505571131,0.21074794843902842,1
0.21136428571428617,127,1.8852268711924816,2.2819777478884107,0.21289684242137244,1
0.15400000000000244,156,-1.1894023010835524,0.9229226201309183,0.14427623434749454,1
0.15465714285714277,158,-1.9869040581819262,2.221802432498654,0.1479366463611139,1
0.13992142857142856,160,-2.5427201224524554,1.0854727624709806,0.1295292068927275,1
0.1456714285714266,167,-1.5780661636564968,1.6018837679544808,0.15955159487048937,1
0.15002142857142683,168,-1.500370316813021,1.2777815736697187,0.1581752530982354,1
0.145071428571429,171,-1.3962191867225833,1.4154733771977595,0.1422965933897478,1
0.13242857142857442,180,1.6293869007544084,2.678757664707498,0.15275484465180808,1
0.13956428571428603,187,1.6285633258362866,1.1449515285267755,0.1443930749461308,1
0.12929285714285957,233,-1.3826960460412416,1.959716633877694,0.12716534096396276,1
0.1312500000000004,240,-1.4217896772867507,2.729421137721235,0.12366118906810442,1
0.13699285714285736,241,-1.204428639241231,0.8603558964030024,0.12898368342001074,1
0.15476428571428918,246,-1.591445224224747,1.5896535944028836,0.1297547382668362,1
0.2996857142857173,60,1.9388098267928304,1.358069508280188,0.29182098068892504,1
0.2782857142857113,81,-2.2888419107770273,0.8459902863617861,0.2732902657945934,1
0.2544142857142861,108,1.0033059807039109,0.83012818562456,0.31316809570913456,1
0.22480714285714093,114,1.8108464693873891,1.180273358433627,0.2685832723920001,1
0.20666428571428444,121,1.1997540913039308,2.199898264495568,0.2706103404917232,1
0.2080928571428566,122,1.4057487119872576,0.8333273766522911,0.2226705431878486,1
0.2159499999999984,123,1.555999454650856,2.809957047737757,0.22021684569895417,1
0.22540714285714053,124,1.5521688403736171,1.1629210982065683,0.223458193400966,1
0.19884285714286015,158,-1.2620611820082808,2.1215437991366066,0.1674856943306292,1
0.1996571428571465,160,-2.3992541153618507,3.565204869659556,0.178552366635929,1
0.1956714285714278,166,-1.7130996740896673,2.1841582100368604,0.1938704579724548,1
0.17444285714286017,176,-1.3268463748064794,0.9951566196975338,0.20316911287675057,1
0.18534285714286267,181,-1.3222965221397676,1.0203468186005857,0.20727810668995572,1
0.14514285714285588,193,1.214085513661003,2.0786817218528175,0.17602210261534282,1
0.14514285714285588,194,1.0848311085932243,1.368052749092174,0.17373382173414745,1
0.15248571428571317,196,1.5316298043764853,2.2901927451367468,0.1921544256915674,1
0.16722857142857656,205,2.0068607074915468,1.2944086611297527,0.17893500247859162,1
0.14167142857142576,245,1.0716328001217215,1.7887647264320006,0.15349445920271415,1
0.1336928571428615,265,-1.820258822987991,2.55874765992355,0.12460758333554027,1
0.13015714285714555,267,-1.8014432828416798,3.2200623714501164,0.12766472512331364,1
0.1366071428571465,269,-1.389665021772609,0.8599786318699926,0.13375605888571862,1
0.16826428571428462,80,2.2838070604291687,1.4623677548302425,0.14241629531006747,0
0.17200714285714216,81,2.7587711136542197,2.474168440989495,0.14252760167414766,0
0.17593571428571206,82,3.201896764224841,2.2457481535390933,0.1415545638694328,1
0.17950714285714145,83,2.996141233669572,1.5240711112271326,0.1437453111139961,0
0.17976428571428268,86,2.396111906292751,1.4043710854675073,0.13862466810124566,1
0.1698071428571402,88,2.484435779008461,1.209510171674397,0.1446762270329756,1
0.17444999999999514,89,2.4946486210636354,2.343385163998407,0.14418571133332406,1
0.20444285714285115,94,1.797714772112486,1.1790142473921486,0.16910867715950584,1
0.2151499999999962,97,1.4903532237037942,3.727475066227709,0.18431459172284892,1
0.1871500000000026,112,1.5741539987499855,2.903289002546463,0.2030698923228087,1
0.20500714285714544,113,2.1110013214768886,1.2784291556873084,0.20328269999313506,1
0.223392857142859,116,2.2761759765206317,0.8331242733855365,0.2056987039687202,1
0.2210000000000016,127,-2.2651181189474947,0.8336045860273131,0.1904722654476956,0
0.10620000000000321,219,1.2794772798621228,0.9557254371332145,0.09312930073400391,1
0.10017857142857776,244,-1.3094513616842514,1.107763531460842,0.08632752282345185,1
0.10238571428571674,246,-1.8346521706509562,0.8597742309257218,0.08163041733474659,1
0.11089285714285982,248,-2.444231416788756,0.8906222609906325,0.08422771695470485,1
0.5919857142857126,19,1.6750270578278033,1.22253851468955,0.5478270077509387,1
0.5920571428571415,20,2.0100166337519894,1.7201065295149942,0.5607479363615362,1
0.5863428571428528,22,2.4773870136179665,1.6596914085768595,0.56282016261037,1
0.6605428571428514,26,1.642902626763619,1.0414716713306404,0.6362680255486874,1
0.19465000000000185,84,-1.6081173257049424,1.0776119208537058,0.18184800365315365,1
0.210957142857144,85,-2.664020616725746,4.31927615367854,0.18411394033907988,1
0.22167857142857322,87,-3.533560716167106,0.8546137937522356,0.19044264395408622,1
0.22273571428571667,104,2.0224133214897133,1.5874408446644372,0.1934389423372997,1
0.21682857142857465,105,2.292217967685405,1.4767629624953484,0.19584571850590377,1
0.23075000000000248,107,2.456340222242743,1.7340068888982365,0.19912211737968447,1
0.22756428571428597,110,2.0185907719874043,0.8050967870892834,0.20217415935650324,1
0.15474999999999892,141,-1.2682439676018231,0.9873741870184646,0.16118524380223356,1
0.1524285714285664,158,-1.1637610662743239,1.9508354177934206,0.14859031303872255,1
0.1350357142857145,176,1.3160494145792971,2.4803971952539943,0.16013200549193898,1
0.1368928571428581,177,1.7562949178510112,2.4025106469049695,0.16354751119450525,1
0.15462857142857647,186,1.4501319149040743,1.3296494062797957,0.16682416534611164,1
0.16334285714286118,187,1.6079660465415975,2.1091418305583893,0.1546710553179913,1
0.1707142857142888,188,1.7408511828451596,1.5912281173324356,0.155397036457629,1
0.15780714285713973,203,-1.6224798379789256,1.6112914917583523,0.17349338162159852,1
0.14695714285714295,208,-2.308430834957674,1.623474715807712,0.14189813676811228,1
0.14518571428571445,226,1.2682215371616647,0.9947422368533034,0.14593534018758725,1
0.14064285714285876,238,1.110969364169798,2.897838651784992,0.13211511796864936,1
0.1409142857142882,252,1.3532259558938582,3.8541864740658096,0.137430205544015,1
0.13029999999999728,266,-1.5058115535946086,0.9258922130799069,0.12760883881376978,0
0.6169428571428638,62,-1.1603958539750905,1.5696877580623743,0.45720832737628403,1
0.5423928571428596,93,-1.7174744404734466,3.2497125084305614,0.4191625879150673,1
0.3357714285714337,143,-2.3697220988707755,0.9339114607356233,0.3722677068623214,1
0.359092857142861,148,-1.9238714384066893,0.9206307793111483,0.3118769076392613,1
0.24102142857142692,175,1.3287899282547706,0.9292111479698447,0.26053972210973925,1
0.2406262857142849,191,-2.1689461275764046,1.146931479662689,0.19757006472166816,1
0.2545477142857168,195,-2.2829137387102105,0.9786763973916652,0.19138524366682108,1
0.2545405714285757,196,-2.1471699137267217,1.2505079114746778,0.18190226193046521,1
0.2616834285714345,197,-2.1249885617196846,2.0908598922315353,0.1842898762902174,1
0.2856928571428625,198,-2.3834274489477068,3.597492814639515,0.21596159756524386,1
0.2986214285714368,199,-2.509103730201836,2.308671432807199,0.21483579152454804,1
0.2986142857142937,200,-2.4965604829772663,0.8711782760504233,0.21489052824011076,1
0.28968571428572226,201,-2.3906444830798703,1.5316243114687864,0.21347089124022517,1
0.3253071428571498,205,-1.485457660381347,1.1906521234873215,0.25280230556903943,1
0.23710714285713713,228,1.5637782397283424,1.3286881355637015,0.25247040646259794,1
0.21688571428571532,252,-1.1353407193246543,1.153078003534429,0.2294273936118467,1
0.23983571428571185,259,-1.4931695744805134,2.9114439539555197,0.24214030992760174,1
0.24769285714285566,260,-1.8037788923449452,1.3785152598678432,0.24211662143187068,1
0.24346428571428394,262,-2.056023515532002,1.6144901949648345,0.2210796101241045,1
0.22677857142856997,263,-2.089988739207475,2.7456083450793223,0.21962608863799574,1
0.5792928571428584,50,1.9178954121571252,1.5836573041616882,0.5529512937018793,1
0.46903571428571567,62,1.5255878455674081,1.0711555083338637,0.45156945560549266,1
0.4490214285714294,64,1.660368565362297,1.363680670026493,0.4456200930435916,1
0.34560714285714156,92,-1.456723341223586,1.4512274837128571,0.2864573368986077,1
0.36638571428571254,96,-2.024537536862169,3.3533096158495295,0.28586039211790987,1
0.3669571428571418,97,-2.2535637948441094,1.5953333880768117,0.26731872049049854,1
0.39332857142857286,99,-1.1781519183086917,1.2555541427379584,0.30684755091142396,1
0.33891428571428556,131,-2.3540986666114696,3.8525459512919595,0.29081687864452244,1
0.33202857142857617,139,1.1883155899322055,1.2413205071134936,0.33223556159015694,1
0.2901500000000031,146,-2.13084264303606,1.208417412611627,0.33387017472717184,0
0.3027500000000032,147,-2.976859137193246,2.1896164236301217,0.34391677585154756,1
0.30703571428571763,150,-2.7870379188368473,1.804009511917324,0.33682099308749724,1
0.32312142857142995,151,-2.5848365185857807,1.3892429652523566,0.33617620733421943,1
0.2815500000000079,181,1.1953527299320537,1.1155021246346604,0.26192200051600795,1
0.2901214285714368,182,1.0093498998950867,1.0037928188964285,0.24704717638357998,1
0.25742142857142525,196,-1.12730627104655,0.9953733618344226,0.24907676905525344,1
0.2337214285714282,211,1.4614376225851549,0.8022540169034154,0.22346172380337317,1
0.24157857142857,212,1.7858868533546282,1.5951082529154867,0.2300090059875205,1
0.23799999999999955,213,1.7683249687917952,1.538257286711911,0.23149263488761726,1
0.26720714285714564,225,-1.4759481911961787,0.9753339079101427,0.193747510055966,1
0.2743500000000044,226,-2.056132775078875,1.6497051508619707,0.20661947965177554,1
0.27149285714286214,227,-2.4177167778856856,1.7129218170894627,0.1773438792231344,1
0.2829214285714333,228,-2.6972024216200627,0.8665594253182449,0.18065536053389944,1
0.23269999999999413,252,1.2426189097682745,0.812317643536298,0.23386573824085324,1
1.1789542142857141,15,-1.5240834767564162,0.856107332493275,0.5932560357619444,1
0.5315428571428628,37,1.380199656511704,1.3512147697202521,0.5782125049268321,1
0.526135714285715,57,-1.4904747591913352,1.4881361665589832,0.5315777248094344,0
0.5325642857142887,58,-1.9336875628436219,2.041806958766537,0.5295033491856335,0
0.5579642857142834,61,-2.1220519898729187,0.9702492914980438,0.5441102918919521,0
0.5101000000000003,66,-2.12795183040134,2.8714165629076085,0.535263863783024,0
0.5143928571428599,69,-2.0184157566038308,1.1521270979941869,0.4417158096687475,1
0.5366500000000026,70,-2.002507739737312,2.0727846772314678,0.4429561709853858,1
0.5352071428571422,72,-1.8867379614132802,1.2098243273066993,0.4494407510725697,1
0.5464571428571442,74,-1.7255193750473754,2.0707936177863355,0.413178275822184,1
0.5342714285714274,99,2.6200043603776177,1.644643219055436,0.4466125376358388,1
0.5428428571428563,100,2.6921864193509992,1.0061552240380633,0.4415223969693133,1
0.3123500000000011,153,-1.3080578873370308,1.4709658812101363,0.33657996196413126,1
0.3077458571428601,168,-1.1618121565814916,3.151971845059429,0.2939608572270073,1
0.277038714285717,169,-1.6649738569217276,0.8972659349015791,0.2942055980067114,1
0.27061728571428845,170,-1.8527717438024467,1.2627605588049846,0.2885923216513287,1
0.27104585714286195,174,-1.6147516029984306,1.6319570294305485,0.3092996416816278,1
0.28353871428571964,178,-1.7528731349999611,2.2388439047798543,0.2778559383865189,1
0.259245857142862,180,-1.5218844457910836,1.9848176007556444,0.28126414966485586,1
0.24968571428571806,181,-1.2591528635395304,1.5295580301620764,0.2748087058438495,1
0.3081500000000038,188,1.7937900747895312,4.979904482319973,0.3826501618427133,1
0.34815000000000396,189,2.0089769621664755,1.474672784897215,0.42648435831407583,1
0.2056785714285699,223,1.7527710349909025,0.9981160690451917,0.22346270672000934,0
0.2229642857142835,224,1.9580117958611343,2.6917907615934116,0.2424239708692292,1
0.22474999999999618,225,2.0201214805509404,2.372509035091271,0.24234244807109803,1
0.25949285714285153,234,1.6168512583068764,2.1131044341616665,0.20294112838945294,1
0.24853571428571847,253,-1.1128579699956613,1.1974013631632605,0.23578649498378199,1
0.5444928571428623,34,1.3658093341219801,0.9467841883984497,0.5581516704910726,1
0.36367142857141993,65,-1.569814388574914,1.5099324474740745,0.3440988414493177,1
0.412871428571421,68,-2.807511931348551,1.4107184000193402,0.3785577359793162,1
0.44998571428570855,69,-2.839079133461054,4.218463349900898,0.3779519127707165,1
0.48891428571428314,71,-2.332771117219039,1.280975543055194,0.40848637496306217,1
0.25301428571428425,110,-1.5386409476622718,1.6498251657328409,0.23228408990553884,1
0.22558571428570978,116,-1.8855955380601066,1.2785740056517312,0.2190800936314848,1
0.21344285714285352,117,-1.9813175393845281,1.5172128683762536,0.2091648458584334,1
0.21487857142856676,118,-2.12453454814479,2.4858415618691194,0.20435396310285064,1
0.22642142857142541,119,-1.989892886579923,2.803595642622321,0.2200722731460571,1
0.21905714285713884,131,1.102727323853997,1.1566934476294677,0.2084255618023775,1
0.2151214285714218,133,2.0567507049585996,0.9019781694039711,0.21176962397796215,1
0.1435428571428596,164,-2.004088449577514,1.305327108458324,0.12944250080123312,1
0.14954285714285984,168,-1.4009590269872327,2.2151538105713837,0.14869432963513696,1
0.18247142857143217,174,1.1071547073870278,0.8645920010903333,0.16196040095516512,1
0.195214285714286,177,1.383916569957155,0.912401534758342,0.16484555449158209,1
0.20128571428571515,178,1.5144191846557316,1.1132983134447674,0.17121811239588894,1
0.15786428571428246,200,-1.5607913798330357,1.0384292076824198,0.21787047969595977,1
0.14856428571428434,259,1.1754719696142482,2.3313350192053393,0.16370136330902335,1
0.15356428571428588,260,1.5863669576900332,2.1647493338439276,0.16418936836742545,1
0.15927857142857046,261,1.7424015667053265,1.4219050973461227,0.16426657886793822,1
0.744264285714282,15,-1.8883283712439434,0.9570616655987466,0.6689582061350584,1
0.4125232142857129,68,-1.3849312483572371,1.049013582856515,0.36415379606451476,1
0.4561875000000007,71,-1.7351143918527743,1.010126723582833,0.3704885000356509,0
0.45333035714285835,72,-1.6502870026851006,1.23208110470006,0.3545966079626049,0
0.43214285714286,77,-1.1940725997238812,0.8957943248922788,0.33226407642832134,1
0.4254928571428605,78,-1.1318333190122356,1.2388904517529824,0.32776529773755864,1
0.2087928571428575,169,3.4795365382179173,1.4441639705685176,0.17744004336192915,1
0.16912142857142345,209,-1.1094842310687452,3.2342970206221993,0.15998238094445796,1
0.1661928571428502,213,-2.5838022302169357,0.913877832768859,0.15419304144790705,1
0.1768357142857074,215,-2.7491780264390018,2.248881147761051,0.1546622607684393,1
0.187742857142851,218,-2.3061033368398993,1.3063084048740656,0.15788986187263407,1
0.18764999999999482,221,-1.6896078434577952,1.8352858420805578,0.15386860590425466,1
0.19193571428570927,222,-1.565157737602784,1.5090385547374143,0.15199991427172918,1
0.19300714285714093,225,-1.2115943014672466,2.4922025556367835,0.16144320208856128,1
0.15704100000000057,260,-1.1530193997168576,2.1052594409688488,0.15287512966287412,1
0.15240528571428666,262,-2.15665882873364,1.3852038568156275,0.1350026129448993,1
0.14727671428571756,265,-2.647297606770483,1.6052136793033647,0.13451904594413452,1
0.14853385714286155,267,-2.5820652829333546,4.592162345726386,0.12342760318835216,1
0.5006857142857106,36,-2.3007119194669823,1.7730201276985929,0.5547666057661905,1
0.5392571428571407,38,-2.563765180158888,1.7747829701557079,0.5417416728244902,1
0.5510428571428544,39,-2.5430642005435375,1.172988785580113,0.5412336664055291,1
0.6059142857142815,42,-1.4069992399034734,1.478145025502627,0.6160303274530765,1
0.3747357142857197,57,1.962185699063249,0.9587219770932421,0.49076856091229004,1
0.3929357142857169,59,2.2629449911093955,0.869037868227694,0.49572068148692294,1
0.37816428571428723,61,2.2854234607935453,1.1003802062461974,0.48968719092947705,1
0.27152142857142636,98,1.3712667214637146,3.4602479492656646,0.31418302771933476,1
0.28294285714285444,99,1.7868180331121932,3.953402005493945,0.3131056688261647,1
0.29329285714285497,102,1.3182873369321157,0.8511911165477394,0.31865048696490206,1
0.30471428571428305,103,1.176893803212461,1.217302265901403,0.32364332693286335,1
0.14105714285714807,152,-1.3453732264007614,3.4861612638884996,0.1458798675755157,1
0.12718571428571376,195,2.224746238274919,1.4030531265424397,0.14639689881785406,1
0.1384714285714312,197,2.6509445935018294,2.165119083771355,0.14957288764967572,1
0.15112857142857397,200,2.155134723593188,1.403549246427785,0.1617689961746618,1
0.1596714285714305,201,1.6727902043933576,3.111341040615021,0.16343996630113372,1
0.16565714285714453,212,-1.2119183444081711,1.1549221488153216,0.18398231073336335,0
0.15369285714285752,214,-1.5981176054971753,2.384704016986085,0.1888181740193304,1
0.14667857142857446,215,-1.691675623277058,1.3027081112780463,0.18764965234859016,1
0.13025000000000173,216,-1.708597009302355,0.9859741445386436,0.18547547112865123,0
0.14225000000000015,218,-2.0362233375076553,1.0867852123147859,0.19423215837887559,1
0.1464714285714308,222,-1.973490953381315,2.6202129363792217,0.197863215746072,1
0.14575714285714372,223,-1.9669444384600412,1.5363011554484194,0.19788104295759606,1
0.1507571428571412,224,-1.7814295385272456,1.462769031677287,0.17633691917289143,1
0.15247857142857413,254,1.0668473579326454,0.8058418571684675,0.17383551292058438,1
0.6697142857142799,20,1.1131079289722041,1.1914085873231781,0.5831611712876389,1
0.4561785714285723,44,-1.13551745753485,1.0666572358276263,0.5133465764069604,1
0.3009071428571478,101,2.244464346089506,2.1792932494547914,0.2810617335943639,1
0.2929857142857181,105,2.8227280789275433,2.123677506489267,0.2787344047002023,1
0.3077000000000031,108,2.237718144308609,2.716117374374007,0.25338420717188387,1
0.3066285714285734,109,1.6552156885147506,3.3203234245119675,0.2739032258168997,1
0.26053571428571487,124,1.2846149339214354,1.2027315732293888,0.2600156424597871,1
0.19718571428571505,161,1.6140242465393393,2.336658342650409,0.20571026095752007,1
0.19445000000000334,170,1.0156187183309,3.765080612084745,0.16930393654863365,1
0.2660071428571444,184,1.897188345761668,0.9611672120114126,0.18158605540968648,1
0.1242857142857129,259,-1.6961534201745765,1.3135142570090457,0.14457901415062901,0
0.1277928571428585,260,-1.724946438063704,1.2286942340961982,0.13970752793408076,0
0.13761428571428627,262,-2.6664844935880794,2.7361334316898365,0.14055480723719835,1
0.14684285714285952,264,-2.7648622502843843,1.7002276795133573,0.14476024613960958,1
0.15594285714285913,269,-1.3254055121783719,0.8715640995219853,0.15403446774462745,1
